notion_id,job_title,company,location,url,track,status,date,match_score,recommended_cv,why_fit,application_strategy,tags
340c6398-3726-813e-9cd6-eb5b02f99dd6,Junior Frontend Developer (m/w/d),eRecht24 GmbH & Co. KG,Berlin (hybrid),https://www.arbeitnow.com/jobs/frontend,Developer,New,2026-04-12,7,CV for Fullstack/Frontend,Junior level React/TypeScript stack full-time English-friendly,Apply with React/TypeScript portfolio highlight fullstack experience,
340c6398-3726-81f9-a0f9-e9fa7130f31b,Junior System Administrator (f/m/d),iVentureGroup GmbH,Berlin,https://jobs.iventuregroup.com/Junior-System-Administrator-fmd-eng-j301.html,Sys Admin,New,2026-04-12,7,CV for Sys Admin,Junior position Linux/Redhat/firewall admin,Apply with Sys Admin CV requires Linux firewall experience,
326c6398-3726-81d1-b18f-daf57394aec9,IT Support / Junior Systemadministrator (w/m/d),ARGUS DATA INSIGHTS,Berlin-Kreuzberg,https://argusdatainsights.recruitee.com/o/it-support-junior-systemadministrator-wmd,Sys Admin,New,2026-03-17,75,CV for Sys Admin,Junior sysadmin role Vollzeit 1st/2nd Level Support,Apply via Recruitee highlight IT degree,
32ec6398-3726-8141-9c5f-fe1d506efaeb,IT Systems Administrator (m/f/x),Progyny Global,Berlin,https://www.arbeitnow.com/jobs/companies/progyny-global/it-systems-administrator-berlin-107230,Sys Admin,New,2026-03-25,7,CV for Sys Admin,Junior-mid level IT SysAdmin M365 Azure AD Jamf,Apply with Sys Admin CV highlight Mac Windows support,
326c6398-3726-8135-8c82-cb971f183333,Barkeeper / Bartender (m/w/d),Pearl 1 Living & Hospitality GmbH,Berlin,https://www.arbeitsagentur.de/jobsuche/jobdetail/10001-1000297871-S,Bar / Hospitality,New,2026-03-17,70,CV for Hospitality/Restaurant/Bar/Cafe,Full-time bartender role in Berlin good for B1 German,Apply via Arbeitsagentur emphasize customer service,
324c6398-3726-811d-972f-c9f39712134b,Barkeeper / -in,Sticks'n'Sushi,Berlin,https://jobs.sticksnsushi.com/job/hJhVX9b1lkGYNjtEtA0uf,Bar / Hospitality,Applied,2026-03-15,75,CV for Hospitality/Restaurant/Bar/Cafe,Bar position in Berlin Vollzeit English-friendly,Use CV for Hospitality Bar highlight customer service,
340c6398-3726-81cc-91bc-e71bc6dd48aa,OT/IT Junior Support Engineer,Market Logic Software,Berlin (Hybrid),https://marketlogicsoftware.career.softgarden.de/jobs/62336764/OT-IT-Junior-Support-Engineer/,Sys Admin,New,2026-04-12,7,CV for Sys Admin,Junior IT support role English-friendly German is plus not required,Apply with Sys Admin CV highlight IT support background,
,Software Engineer - Fullstack (Greentech) (m/f/d),Reonic,Berlin,https://startup.jobs/software-engineer-fullstack-greentech-m-f-d-reonic-8302156,Developer,New,2026-08-30,7,CV for Fullstack/Frontend,"Full-time on-site Berlin, B2B SaaS greentech startup, fullstack role",Apply via http://startup.jobs with SaaS fullstack experience,
,Fullstack Developer (m/f/d) Berlin/Hybrid,Würth Cloud Services,Berlin / Hybrid,https://www.wuerth-cs.com/jobs/fullstack-developerm-f-d-berlin-hybrid,Developer,New,2026-08-30,7,CV for Fullstack/Frontend,"React/TypeScript frontend + Python/AWS backend, 3+ years, Berlin hybrid",Apply via Würth careers with React/TypeScript and Python experience,
,Bar- und Servicemitarbeiter (m/w/d),SANA Berlin Hotel,Berlin,https://www.hotelcareer.com/jobs/sana-berlin-hotel-18808/bar-und-servicemitarbeiter-m-w-d-4018229,Bar / Hospitality,New,2026-08-30,7,CV for Hospitality/Restaurant/Bar/Cafe,"Full-time bar/service role, Berlin hotel, breakfast restaurant + lobby bar",Apply via hotelcareer with hospitality CV,
,Fullstack Developer,Elara Digital GmbH,Remote Germany,https://remotive.com/remote/jobs/software-development/fullstack-developer-3646002,Developer,New,2026-08-20,7,CV for Fullstack/Frontend,"Remote fullstack SaaS role, Berlin-based company",Apply via remotive with fullstack CV,
,Full-Stack Engineer: TypeScript (Remote or hybrid),Klima.Metrix GmbH,Berlin,https://startup.jobs/full-stack-engineer-typescript-remote-or-hybrid-klimametrix-7198221,Developer,New,2026-08-30,8,CV for Fullstack/Frontend,"Remote-first climate tech startup, TypeScript full-stack, Berlin, strong stack match",Apply via http://startup.jobs with TypeScript full-stack projects and climate interest,
,Waiter/Waitress - Casual Contract,Soho House Berlin,Berlin,https://careers.sohohouse.com/careers?search=Berlin,Bar / Hospitality,New,2026-08-20,6,CV for Hospitality/Restaurant/Bar/Cafe,"Server role at Berlin Soho House, English-friendly",Apply via Soho House careers with Hospitality CV,
,Technical Support Engineer / IT System Administrator,Projective Technology GmbH,Berlin,"https://www.glassdoor.com/job-listing/technical-support-engineer-it-system-administrator-m-f-d-projective-technology-gmbh-JV_IC2622109_KO0,56_KE57,83.htm",Sys Admin,New,2026-08-20,8,CV for Sys Admin,"Linux/Docker IT admin + support, international media clients, Berlin",Apply via glassdoor with Sys Admin CV,
,Barkeeper (m/w/d) libanesische Kueche,Ahmad & Khalil GmbH (Restaurant Le Beirut),Berlin,https://www.stepstone.de/stellenangebote--Barkeeper-m-w-d-fuer-die-libanesische-Kueche-Berlin-Ahmad-Khalil-GmbH-Restaurant-Le-Beirut--12937595-inline.html,Bar / Hospitality,New,2026-08-20,6,CV for Hospitality/Restaurant/Bar/Cafe,"Bartender role, English beneficial, Berlin restaurant",Apply via stepstone with Hospitality CV,
,IT & Security Administrator,Almedia,Berlin,https://www.arbeitnow.com/jobs/companies/almedia-jobs/it-security-administrator-berlin-326678,Sys Admin,New,2026-08-20,8,CV for Sys Admin,"English-speaking IT admin + support role, Berlin, growth company",Apply via arbeitnow with Sys Admin CV,
,Tresenkraft (M/W/D) Basement,urban apes Group,Berlin,https://talents.studysmarter.de/companies/urban-apes-group/tresenkraft-m-w-d-basement-16016967,Bouldering Gyms,New,2026-08-20,7,CV for Bouldering Gyms,"Front desk role at boulder gym, free bouldering, growing chain",Apply via StudySmarter link with Bouldering CV,
,Fullstack Developer,Verimi,Berlin-Kreuzberg (remote),https://remoteok.com/remote-jobs/100001-remote-fullstack-developer-verimi,Developer,New,2026-08-20,7,CV for Fullstack/Frontend,"Fullstack role at Berlin-Kreuzberg office, remote work",Apply via remoteok with fullstack CV,
,IT-Systemadministrator - Schwerpunkt Windows Server / Cloud (m/w/d),ikon GmbH,Potsdam,https://www.stepstone.de/stellenangebote--IT-Systemadministrator-Schwerpunkt-Windows-Server-Cloud-m-w-d-Potsdam-IKON-GmbH--14277928-inline.html,Sys Admin,New,2026-08-19,7,CV for Sys Admin,Windows Server/Cloud administration at Potsdam IT service provider; 1st/2nd level support matches Sys Admin CV.,"Apply via StepStone with Sys Admin CV, highlight Windows Server/Cloud and 1st/2nd-level support experience.",
,Backend Engineer - Payments,N26,"Berlin, Barcelona",https://n26.com/en-eu/careers/positions/8132053?gh_jid=8132053,Developer,New,2026-08-19,7,CV for Fullstack/Frontend,Non-senior backend role at Berlin fintech; JVM/Node experience and microservice systems fit.,"Apply via N26 careers page, emphasize backend engineering, payments domain and TypeScript experience.",
,Product Engineer,Resend,Europe (Remote),https://jobs.ashbyhq.com/resend/61dbb0e7-95a6-4cd9-ab2d-1a5471fe0dd8,Developer,New,2026-08-19,8,CV for Fullstack/Frontend,"Developer-tools product company; React/TypeScript product engineer role, fully remote in Europe.","Apply via Ashby with Fullstack/Frontend CV, highlight React/TypeScript product engineering experience.",
,Bartender (m/w/d) im Dussmann – Kultur im KaDeWe,Dussmann das KulturKaufhaus,Berlin (City West / KaDeWe),https://dussmann.jobs/Bartender-m-w-d-im-Dussmann-Kultur-im-KaDeWe-ID-14668-de-j14668.html,Bar / Hospitality,New,2026-08-18,8,CV for Hospitality/Restaurant/Bar/Cafe,Freshly posted full-time bartender role in new KaDeWe gastronomy concept.,Apply via http://dussmann.jobs with CV highlighting bar and service experience.,
,System Administrator I - (IT Service Delivery),Delivery Hero,"Berlin, Germany",https://www.joblyst.tech/jobs/post/4eae68b8-059e-49cb-a77d-e73fe1312153,Sys Admin,New,2026-08-18,9,CV for Sys Admin,"Full-time on-site Berlin IT service desk role in English, 1-3 yrs sys admin, non-senior.","Apply via posting, focus on ITAM, Jira/Slack ticketing, Active Directory/AzureAD.",
,"Fullstack Software Engineer - React, Kotlin & Ruby on Rails (x/f/m)",Doctolib,"Berlin, Germany",https://jobs.accel.com/companies/doctolib-2/jobs/90122791-fullstack-software-engineer-react-kotlin-ruby-on-rails-x-f-m,Developer,New,2026-08-18,9,CV for Fullstack/Frontend,"Berlin fullstack on React/TypeScript frontend, English working language, posted 2026-08-15.","Apply via Doctolib careers, emphasize React+TypeScript and willingness to learn Kotlin/Rails.",
,Full Stack Developer (Node.js + React),Altamira Technologies,Europe (remote),https://job-boards.eu.greenhouse.io/altamiratechnologies/jobs/4776519101,Developer,New,2026-08-18,9,CV for Fullstack/Frontend,"Europe-remote fullstack Node.js + React on EU Greenhouse board, no senior tag.","Apply on EU Greenhouse board, stress Node.js+React and Berlin timezone fit for EU remote.",
,Front-end Engineer,http://Talon.One,Berlin,https://en.devjobs.de/job/6a9aebaf479f10cd5c6024d6fd6fa76c,Developer,New,2026-08-18,9,CV for Fullstack/Frontend,"Berlin front-end React/TypeScript role, English work environment, not senior-level.","Apply via http://devjobs.de/Talon.One careers, lead with React/TS product work.",
,Bartender (m/w/d),HOTEL ZOO BERLIN,Berlin (Kurfürstendamm),https://www.hotelcareer.com/jobs/hotel-zoo-berlin-3261/bartender-m-w-d-2809067,Bar / Hospitality,New,2026-08-18,9,CV for Hospitality/Restaurant/Bar/Cafe,"Full-time cocktail role at GRACE Bar / rooftop, welcomes German or English communicators.","Email CV + cover letter to mailto:HR@hotelzoo.de, highlight cocktail experience.",
,Backend Engineer - Customer Risk Lifecycle,N26,Berlin,https://boards.greenhouse.io/n26/jobs/6212328,Developer,New,2026-08-18,8,CV for Fullstack/Frontend,"Non-senior backend role in Berlin, strong TypeScript/Node.js fit in modern fintech stack.","Apply via N26 Greenhouse, emphasize TypeScript/Node.js microservices and fintech interest.",
,Frontend Engineer (Docs),Supabase,Remote (global),https://jobs.ashbyhq.com/supabase/65ba0235-eda1-42f2-bc1d-2eb066b083cd,Developer,New,2026-08-18,9,CV for Fullstack/Frontend,"Fully remote, open-source Next.js/React docs role, no seniority prefix, English working language.","Apply via Ashby with GitHub links, show Next.js docs-site experience and OSS contributions.",
,Fullstack Developer - SaaS solution (English),Mendato,Berlin,https://en.devjobs.de/job/16d196efead5b06c2a9ba81374ae2df5,Developer,New,2026-08-18,9,CV for Fullstack/Frontend,"Berlin fullstack (Node.js + React) posted in English, no senior requirement.","Apply via http://devjobs.de in English, mention SaaS product and end-to-end feature delivery.",
,Frontend Engineer,Clera,Berlin,https://jobs.ashbyhq.com/Clera/38432d8f-1da9-4370-9068-03b43bbbe4b1,Developer,New,2026-08-18,9,CV for Fullstack/Frontend,"Second Clera opening, frontend React/TypeScript in Berlin, matches primary stack directly.","Apply via Ashby, highlight React component architecture and TypeScript quality work.",
,Full Time Bartender,Goodtime International Entertainment,Berlin,https://de.jooble.org/rjdp/-1728590651343292477/Full-Time-Bartender-Berlin,Bar / Hospitality,New,2026-08-18,7,CV for Hospitality/Restaurant/Bar/Cafe,Full-time English-only bartender role in international resort-bar team.,"Apply via Jooble with English CV, availability and service attitude.",
,Barkeeper (f/m/d),MEININGER Shared Services GmbH (Hotel Berlin Mitte),Berlin,https://www.hotelcareer.com/jobs/meininger-shared-services-gmbh-15473/barkeeper-f-m-d-4019740,Bar / Hospitality,New,2026-08-18,8,CV for Hospitality/Restaurant/Bar/Cafe,"Full-time bartender role at international hybrid hotel, written in English.","Apply online via Hotelcareer in English, note international guest experience.",
,Fullstack Developer (m/d/f),Axel Springer News Media National,Berlin,https://jobs.smartrecruiters.com/AxelSpringerNewsMediaNational/744000132339801-fullstack-developer-m-f-d-,Developer,New,2026-08-18,8,CV for Fullstack/Frontend,"Berlin fullstack in large media-tech org, international team, modern web stack, no senior tag.","Apply via SmartRecruiters, mention React/TypeScript and media product interest.",
,"Commis de Bar (m/w/d) - The Ritz-Carlton, Berlin","The Ritz-Carlton, Berlin",Berlin,https://www.hotelcareer.com/jobs/the-ritz-carlton-berlin-507/commis-de-bar-m-w-d-the-ritz-carlton-berlin-4016906,Bar / Hospitality,New,2026-08-18,8,CV for Hospitality/Restaurant/Bar/Cafe,"Full-time junior bar role at The Curtain Club, five-star hotel, premium bar experience.","Apply via Hotelcareer, stress guest-service attitude and willingness to learn.",
,Product Engineer (Full-Stack),Clera,Berlin,https://jobs.ashbyhq.com/Clera/675fe81e-9e7d-482b-9e08-5e858e4216e2,Developer,New,2026-08-18,9,CV for Fullstack/Frontend,"Non-senior full-stack product engineer in Berlin on Ashby, broad scope suits mid-level React/TS.",Apply via Ashby with focused cover letter on end-to-end product work and TypeScript.,
,Team Member (Vollzeit),Klettermax HAPIK Berlin,Berlin,https://dev.klettermax.berlin/jobs,Bouldering Gyms,New,2026-06-20,6,CV for Bouldering Gyms,Full-time; customer service in climbing gym; Berlin; no climbing experience required,Apply with customer service focus and genuine interest in climbing,
,Frontend Developer,HeyJobs,,https://jobs.ashbyhq.com/heyjobs/1d735dea-4fe8-46be-ad99-f72942148c8b/application?utm_source=linkedin-paid-listings-murat,Developer,Declined,2024-02-28,,,,,
,Barkeeper (m/w/d),TITANIC CHAUSSEE BERLIN,Berlin (Mitte),https://www.hotelcareer.com/jobs/titanic-chaussee-berlin-60606/barkeeper-m-w-d-3441433,Bar / Hospitality,New,2026-08-18,6,CV for Hospitality/Restaurant/Bar/Cafe,"Full-time hotel barkeeper near central station, only B2 German/English needed.",Apply via Hotelcareer with proof of bar experience and language level.,
,IT-Systemadministrator für 2nd/3rd Level Support (m/w/d),GFAD Gruppe,"Berlin, Germany",https://www.workwise.io/job/125456-it-systemadministrator-fuer-2nd-3rd-level-support-m-w-d,Sys Admin,New,2026-08-18,7,CV for Sys Admin,"Full-time 40h Berlin service-desk role, 2nd/3rd level support, salary 36-50k EUR.","Apply instantly via Workwise, highlight Level 2/3 troubleshooting experience.",
,Frontend Developer,OH-SO Digital,Remote Germany,https://remotive.com/remote/jobs/software-development/frontend-developer-5229616,Developer,New,2026-08-17,7,CV for Fullstack/Frontend,"Frontend role, remote Germany, full-time, AI-native agency (WPP)",Apply via Remotive with frontend CV,
,System Administrator (d/f/m),Taxfix,Berlin,https://jobs.ashbyhq.com/taxfix.com/881e6d21-6261-45b1-aeb7-24c61bd99e94,Sys Admin,New,2026-08-17,8,CV for Sys Admin,"Corporate IT sysadmin/support, Berlin hybrid, full-time, fintech",Apply via Ashby with sysadmin CV,
,Full-Stack Engineer (TypeScript - Prototyping),Orcrist Technologies,Remote / Berlin,http://job-boards.eu.greenhouse.io/orcristtechnologies/jobs/4747053101,Developer,New,2026-08-17,8,CV for Fullstack/Frontend,"Full-stack TS/Next.js/React/Node, remote-first Germany with Berlin sprints, 30 days vacation",Apply via greenhouse with fullstack CV,
,IT Support Administrator (all genders),Highsnobiety,Berlin,https://jobs.highsnobiety.com/jobs/7965321-it-support-administrator-all-genders,Sys Admin,New,2026-08-17,7,CV for Sys Admin,"IT support, Berlin, 1-2+ yrs, full-time, creative company",Apply via Teamtailor with sysadmin CV,
,Tresenkolleg:innen / Tresen Team,Magic Mountain Berlin,Berlin,https://www.magicmountain.de/kategorie/jobs,Bouldering Gyms,New,2026-08-17,7,CV for Bouldering Gyms,"Climbing gym counter staff in Berlin, current opening (Aug 2026)",Apply via Magic Mountain website with bouldering CV,
,Bartender (m/w/d),Wilmina,Berlin,https://www.hotelcareer.de/jobs/wilmina-111245/bartender-m-w-d-3925619,Bar / Hospitality,New,2026-08-16,7,CV for Hospitality/Restaurant/Bar/Cafe,Bartender at boutique hotel bar in Berlin-Charlottenburg. Full-time option available. Service and guest experience focus.,Email CV and short cover letter to mailto:team@wilmina.com,
,Midlevel Full Stack Engineer,krisenchat,Remote (Germany),https://krisenchat.jobs.personio.com/job/2750242?language=en,Developer,New,2026-08-16,9,CV for Fullstack/Frontend,"Midlevel fullstack role using React/Next.js/TypeScript/Node.js. Full-time 40h, 50-60k EUR. English workplace, German a bonus. Strong match for stack.",Apply via krisenchat Personio portal with tailored CV highlighting React/TypeScript fullstack projects,
,Frontend Developer (TypeScript/ReactJS),Worldia,Berlin,https://jobs.smartrecruiters.com/Worldia/743999777408550-frontend-developer-typescript-reactjs,Developer,New,2026-08-15,8,CV for Fullstack/Frontend,TypeScript/React; Berlin-based traveltech; matches stack,Apply via SmartRecruiters; highlight TS/React and Berlin relocation,
,Software Engineer (frontend-biased),HiPeople,Remote,https://jobs.ashbyhq.com/hipeople-official/db32431f-e34e-4acf-8af1-1e4ea8613bf3,Developer,New,2026-08-15,8,CV for Fullstack/Frontend,Frontend-biased React/TS/Redux role; remote; strong product engineering,"Apply via Ashby; highlight React, Redux, and product ownership",
,Front-End Developer,Injective Labs,Remote,https://jobs.ashbyhq.com/injective-labs/3c3d42e6-a2a8-41a8-bc57-32fb4f11ef44,Developer,New,2026-08-15,7,CV for Fullstack/Frontend,Frontend engineering in web3/blockchain; TypeScript/React; remote,Apply via Ashby; emphasize React and frontend performance,
,Frontend Developer (React),Careerswift,Remote,https://jobs.ashbyhq.com/careerswift.ai/4ec17595-7d02-45d8-b8be-4e99fa4c5b33,Developer,New,2026-08-15,7,CV for Fullstack/Frontend,React/TypeScript frontend; remote; AI recruiting startup,Apply via Ashby; highlight TS/React and AI product interest,
,Full-Stack Engineer,Tempo,Remote (US),https://jobs.ashbyhq.com/tempo/374cb123-0dde-427f-a907-e59b66d14624,Developer,New,2026-08-15,8,CV for Fullstack/Frontend,Full-stack TypeScript/React with Supabase; remote; matches fullstack skillset,Apply via Ashby; highlight TS/React and full-stack experience,
,Bartender (GRACE Bar),Hotel Zoo Berlin,Berlin,https://www.hotelcareer.com/jobs/hotel-zoo-berlin-3261,Bar / Hospitality,New,2026-08-15,7,CV for Hospitality/Restaurant/Bar/Cafe,"Full-time bartender at GRACE bar, Ku'damm; listed Aug 2026",Apply via Hotelcareer; highlight cocktail/bar experience,
,Frontend Software Developer,Planera,Remote,https://jobs.ashbyhq.com/planera/0696643b-2fab-432e-9aa1-90544804b29d,Developer,New,2026-08-15,7,CV for Fullstack/Frontend,React frontend; remote; construction tech product,Apply via Ashby; highlight React and UI engineering,
,Frontend Developer,Gismart,Remote (worldwide),https://jobs.ashbyhq.com/gismart/415cf346-6a83-4520-aa15-c0c5cc92766a,Developer,New,2026-08-15,6,CV for Fullstack/Frontend,React-based frontend role; remote anywhere; apps/games company,Apply via Ashby; highlight React and product sense,
,System Administrator I (IT Service Delivery),Delivery Hero,Berlin,https://jobs.smartrecruiters.com/DeliveryHero/744000143470039-system-administrator-i-it-service-delivery-,Sys Admin,New,2026-08-15,7,CV for Sys Admin,"Entry-level IT service desk; Windows/Mac, MDM (JAMF/Intune); on-site Berlin; English OK",Apply via SmartRecruiters; highlight IT support and MDM experience; answer screening questions,
,IT Administrator (f/m/d),Wunderflats,Berlin,https://job-boards.eu.greenhouse.io/wunderflats/jobs/4943791101,Sys Admin,New,2026-08-14,7,CV for Sys Admin,"Berlin scale-up, 3+ yrs IT admin, Tier 1-3 support, automation + system admin, English + German B1 ok",Apply via Greenhouse; highlight system administration and automation skills,
,Open Source Engineer,NetBird,Berlin / Remote (Germany),https://jobs.ashbyhq.com/netbird/103f9e7d-e32b-4ac2-a041-501b470c9fc4,Developer,New,2026-08-14,7,CV for Fullstack/Frontend,"Full-stack with Go/TypeScript/React, 3+ yrs, community-facing OSS role, Berlin-based, strong fit for frontend+fullstack experience",Apply via Ashby; highlight open-source portfolio and React/TypeScript work,
,Barista (m/w/d),Mokka Milch GmbH,Berlin,https://www.hotelcareer.com/jobs/mokka-milch-gmbh-128191,Bar / Hospitality,New,2026-08-14,6,CV for Hospitality/Restaurant/Bar/Cafe,"Full-time barista role at Berlin third place cafe/bar, hospitality track fit",Apply via Hotelcareer; highlight bar/customer service experience,
,IT Administrator (m/w/d),Flatpay,Berlin,https://startup.jobs/it-administrator-m-w-d-flatpay-8923961,Sys Admin,New,2026-08-14,7,CV for Sys Admin,"Berlin fintech (500+), full-time IT admin, first-level support + iOS device mgmt, fast-growing company",Apply via http://Startup.jobs; highlight system administration and device management experience,
,Software Engineer (Frontend),Recare Deutschland GmbH,Berlin,https://www.arbeitnow.com/jobs/companies/recare-deutschland-gmbh/remote-software-engineer-frontend-berlin-42694,Developer,New,2026-08-13,7,CV for Fullstack/Frontend,"Berlin, healthcare startup, React/TypeScript frontend, English-speaking team",Apply via Arbeitnow with healthcare-adjacent frontend work,
,Junior Frontend Engineer,Almedia,Berlin,https://www.arbeitnow.com/jobs/companies/almedia/junior-frontend-engineer-berlin-358337,Developer,New,2026-08-13,7,CV for Fullstack/Frontend,"Berlin junior role, React/TypeScript, equity offered, English required",Apply via Arbeitnow emphasizing React portfolio,
,Service Desk Administrator (Junior),NinjaOne,Berlin,https://jobs.jobvite.com/ninjaone/job/orclAfwi,Sys Admin,New,2026-08-13,8,CV for Sys Admin,"Berlin office at Alexanderplatz, English, IT service desk admin, cloud/hardware/software support",Apply via NinjaOne jobvite with IT support CV,
,Full-Stack Software Engineer,Clera,Berlin,https://www.arbeitnow.com/jobs/companies/clera/full-stack-software-engineer-berlin-49318,Developer,New,2026-08-13,8,CV for Fullstack/Frontend,"Berlin, English-speaking startup, Node.js/React/TypeScript, 3+ yrs, AI features, product ownership",Apply via Arbeitnow with fullstack TS/React portfolio,
,Full-Stack Engineer (f/m/d),Zenjob,Berlin,https://www.arbeitnow.com/jobs/companies/zenjob/full-stack-engineer-berlin-10909,Developer,New,2026-08-13,8,CV for Fullstack/Frontend,"Berlin, AI flexible staffing platform, fullstack, English, product role",Apply via Arbeitnow/Zenjob careers with fullstack TypeScript,
,Barkeeper (m/w/d),AMANO Hotels,Berlin,https://www.hotelcareer.com/jobs/amano-hotels-129074/barkeeper-m-w-d-4016207,Bar / Hospitality,New,2026-08-13,6,CV for Hospitality/Restaurant/Bar/Cafe,"AMANO hotel group Berlin, full-time bartender, urban hotel bar",Apply via Hotelcareer highlighting bar experience,
,Frontend Engineer,Almedia,Berlin,https://www.arbeitnow.com/jobs/companies/almedia/frontend-engineer-berlin-118389,Developer,New,2026-08-13,8,CV for Fullstack/Frontend,"Berlin, fast-growing AdTech unicorn candidate, React/TypeScript, English required",Apply via Arbeitnow with frontend React projects,
,"Software Engineer, Full-Stack (Experimentation)",Superhuman,Berlin,https://www.arbeitnow.com/jobs/companies/superhuman20platform20inc/software-engineer-full-stack-experimentation-berlin-450352,Developer,New,2026-08-13,7,CV for Fullstack/Frontend,"Berlin, product-led, full-stack experimentation, English workplace",Apply via Arbeitnow with product-driven fullstack examples,
,Frontend Engineer,Oneleet,Remote (EU/US),https://jobs.ashbyhq.com/oneleet/3d382df2-2239-4c7c-b48b-19a3ac71e8d1,Developer,New,2026-08-13,6,CV for Fullstack/Frontend,"Remote EU/US, security startup, full-time frontend, React, US/EU timezone ok",Apply via Ashby noting EU remote fit,
,Frontend Engineer - Agentic AI,CUBE,Berlin,https://jobs.ashbyhq.com/CUBE/1cc840ea-cad7-4025-a4af-562f4eda3e18,Developer,New,2026-08-13,7,CV for Fullstack/Frontend,"Berlin AI lab, scalable React web apps + AI agent interfaces, full-time",Apply via Ashby with AI-interest + React work,
,Product Engineer,Attio,Remote (Germany/Europe),https://jobs.ashbyhq.com/attio/,Developer,New,2026-08-11,8,CV for Fullstack/Frontend,"Non-senior Product Engineer at growing CRM startup, remote in Germany, ~EUR 80-100k; fullstack React/TypeScript fit","Apply on Ashby with tailored CV highlighting React, TypeScript, and product-driven engineering",
,"Fullstack Engineer, React/TypeScript",Nelly Solutions,Berlin,https://jobs.lever.co/nelly/2d9bb896-2c6a-49a2-82c6-45691502353b,Developer,New,2026-08-11,8,CV for Fullstack/Frontend,Early-stage medical fintech in Berlin hiring fullstack React/TypeScript engineer (non-senior),Apply via Lever with tailored CV highlighting React and TypeScript,
,Frontend Engineer,Supabase,Remote (Worldwide),https://jobs.ashbyhq.com/supabase/f048dd68-63f8-4f98-9860-3d5a43c09a01,Developer,New,2026-08-11,8,CV for Fullstack/Frontend,"Frontend (React) role at Supabase, global remote; strong developer-platform brand",Apply on Ashby with tailored CV emphasizing React/TypeScript frontend work,
,Frontend Developer (React),dkbcodefactory,Berlin,https://www.arbeitnow.com/jobs/companies/dkbcodefactory/frontend-developer-react-berlin-201443,Developer,New,2026-08-11,7,CV for Fullstack/Frontend,React frontend role in Berlin,Apply via Arbeitnow listing with tailored CV emphasizing React,
,Frontend Engineer (User),Clerk,Remote (Global),https://jobs.ashbyhq.com/clerk/8d80bd27-d58c-4d1a-ac29-deb3f7ed8ee6,Developer,New,2026-08-11,8,CV for Fullstack/Frontend,Frontend React/TypeScript role at fast-growing auth (Next.js) startup; strong brand value,Apply on Ashby with tailored CV emphasizing React/TypeScript and frontend UX work,
,"Full Stack Developer (TypeScript, React, Node)",Get Your Tech Talent,Berlin (Hybrid/Remote),https://www.ziprecruiter.de/jobs/543013681-full-stack-developer-typescript-react-node-berlin-hybrid-remote-bei-get-your-tech-talent,Developer,New,2026-08-11,8,CV for Fullstack/Frontend,Direct match to TypeScript/React/Node fullstack stack in Berlin with remote flexibility,"Apply via ZipRecruiter with tailored CV highlighting TypeScript, React, and Node",
,"Software Engineer, Next.js",Vercel,Remote,https://www.remotefront.com/remote-jobs/vercel-software-engineer-next-js-j4wvq,Developer,New,2026-08-11,8,CV for Fullstack/Frontend,"Next.js-focused software engineer role at Vercel, fully remote; direct fit for Next.js/React/TypeScript stack",Apply via remote job listing / Vercel careers with tailored CV emphasizing Next.js,
,Full Stack Developer,Pandata,Berlin,https://berlinstartupjobs.com/engineering/full-stack-developer-pandata-gmbh/,Developer,New,2026-08-11,7,CV for Fullstack/Frontend,Next.js/TypeScript fullstack role at a Berlin data-solutions startup,Apply via Berlin Startup Jobs listing with tailored CV emphasizing Next.js/TypeScript,
,Frontend Engineer (React / TypeScript),PERSOHAP,Berlin,https://www.xing.com/jobs/berlin-frontend-engineer-react-typescript-156687634,Developer,New,2026-08-11,7,CV for Fullstack/Frontend,Frontend Engineer role in Berlin matching React/TypeScript skillset,Apply on XING with tailored CV emphasizing React/TypeScript experience,
,Fullstack Engineer,azeti GmbH,Berlin/Remote DE,https://azeti.jobs.personio.de/job/1110818?language=en,Developer,New,2026-06-29,7,CV for Fullstack/Frontend,"Kotlin/Java + TypeScript/React, Berlin hybrid, English OK",Apply via Personio,
,SDK Engineer - JavaScript,Supabase,Remote (Worldwide),https://jobs.ashbyhq.com/supabase/f44742fb-18c6-478f-bf78-63707ed57db7,Developer,New,2026-08-11,8,CV for Fullstack/Frontend,"JavaScript/TypeScript SDK engineering at Supabase, global remote; strong fit for TypeScript skills",Apply on Ashby with tailored CV emphasizing TypeScript and SDK/library work,
,IT Support & Kundenbetreuung (m/w/d),Kabema Consulting GmbH,Berlin,https://www.workwise.io/jobs/berlin/it-support,Sys Admin,New,2026-08-10,7,CV for Sys Admin,"IT support and customer care in Berlin, 40-45k, support team role",Apply via Workwise; emphasize customer-facing IT support experience,
,Fullstack Developer (m/f/d),Elara Digital GmbH,Berlin,https://builtin.com/job/fullstack-developer-m-f-d/8476994,Developer,New,2026-08-10,8,CV for Fullstack/Frontend,"Fullstack React/TypeScript SaaS app in Berlin, remote possible, focuses on functional UI","Apply via Built In listing with fullstack CV; highlight React, TypeScript, PostgreSQL experience",
,Fullstack Engineer - Next.js & Python AI-Driven Customer Platform,Findr,Germany (Remote),https://www.devjobsscanner.com/next.js-jobs-in-germany,Developer,New,2026-08-10,8,CV for Fullstack/Frontend,"Next.js & Python fullstack, EUR 80k ClimateTech, remote","Apply via devjobs.scanner link with fullstack CV; emphasize Next.js, TypeScript, Python",
,Software Engineer (backend-biased),HiPeople,Berlin / Remote,https://jobs.ashbyhq.com/hipeople-official/3369382e-4f5b-4efd-a0a9-952acff08b93,Developer,New,2026-08-10,7,CV for Fullstack/Frontend,"Remote or on-site Berlin, backend-biased software engineering at growing B2B SaaS",Apply via Ashby portal; lead with backend/API experience,
,Junior Web Developer (Node.js / React),FinMent GmbH,Berlin,https://www.arbeitnow.com/jobs/companies/finment,Developer,Applied,2026-07-22,8,CV for Fullstack/Frontend,Junior role with Node.js + React in Berlin - perfect entry point. No seniority requirements.,Apply via arbeitnow with CV focused on React/Node.js projects,
,AI Engineer - Full Stack TypeScript,Laioutr GmbH,Berlin / Remote,https://www.arbeitnow.com/jobs/companies/laioutr-gmbh/ai-engineer-full-stack-typescript-nuxt-next-vue-react-berlin-265753,Developer,New,2026-07-22,8,CV for Fullstack/Frontend,Full-stack TypeScript role with React/Next.js. Berlin/remote. AI-adjacent work.,Apply via arbeitnow with CV showing TypeScript fullstack projects,
,Fullstack Engineer - Frontend Focus (React & TypeScript),Trusted Shops,Berlin (remote/hybrid),https://www.arbeitnow.com/jobs/companies/trusted-shops-se-de/frontend-developer-react-typescript-cologne-204975,Developer,New,2026-07-22,8,CV for Fullstack/Frontend,React + TypeScript fullstack role with frontend focus. Remote Berlin option. Strong match for skill set.,Apply via Trusted Shops careers with CV emphasizing React/TypeScript fullstack work,
,Bartender & waiter/waitress all gender,Atlantik Bar,Berlin (Prenzlauer Berg),https://join.com/companies/lebartabacfr/16453391-bartender-und-waiter-waitress-all-gender,Bar / Hospitality,New,2026-07-21,7,CV for Hospitality/Restaurant/Bar/Cafe,Bar/hospitality role in Berlin,Highlight bartending and hospitality experience.,
,Bar Captain (m/w/d),Restaurant FREISCHWIMMER,Berlin,https://www.hotelcareer.com/jobs/restaurant-freischwimmer-59076/bar-captain-m-w-d-4010779,Bar / Hospitality,New,2026-07-21,7,CV for Hospitality/Restaurant/Bar/Cafe,Bar/hospitality role in Berlin,Highlight bartending and hospitality experience.,
,Barkeeper (m/w/d),DoubleTree by Hilton Berlin Ku'Damm,Berlin,https://www.hotelcareer.com/jobs/doubletree-by-hilton-berlin-ku-damm-118221/barkeeper-m-w-d-3488849,Bar / Hospitality,New,2026-07-21,7,CV for Hospitality/Restaurant/Bar/Cafe,Bar/hospitality role in Berlin,Highlight bartending and hospitality experience.,
,Betriebsleitung Berlin (M/W/D),Urban Apes,Berlin,https://kletterszene.com/jobs/die-urban-apes-suchen-eine-betriebsleitung-fuer-berlin-m-w-d,Bouldering Gyms,New,2026-07-21,8,CV for Bouldering Gyms,Bouldering gym position in Berlin,Highlight climbing experience and customer service skills.,
,Waiter (m/f/d),MINE Restaurant,Berlin,https://minerestaurant.career.softgarden.de/jobs/33751520/Waiter-m-f-d-,Bar / Hospitality,New,2026-07-21,7,CV for Hospitality/Restaurant/Bar/Cafe,Bar/hospitality role in Berlin,Highlight bartending and hospitality experience.,
,Servicemitarbeiter Bar (m/w/d),Motel One Berlin Alexanderplatz,Berlin,https://www.hotelcareer.com/jobs/motel-one-berlin-alexanderplatz-79989/servicemitarbeiter-bar-m-w-d-4011523,Bar / Hospitality,New,2026-07-21,7,CV for Hospitality/Restaurant/Bar/Cafe,Bar/hospitality role in Berlin,Highlight bartending and hospitality experience.,
,"Security Engineer, Platform",Resend,Remote (US / Dublin),https://startup.jobs/resend-security,Developer,New,2026-07-21,7,CV for Fullstack/Frontend,Matches React/TypeScript/fullstack skillset,"Tailor CV highlighting React, TypeScript, and fullstack experience. Write cover letter.",
,Servicemitarbeiter (m/w/d) für Relish Restaurant & Bar,The Westin Grand Berlin,Berlin,https://www.hotelcareer.com/jobs/the-westin-grand-berlin-1276/servicemitarbeiter-m-w-d-für-unser-relish-restaurant-bar-3937514,Bar / Hospitality,New,2026-07-21,7,CV for Hospitality/Restaurant/Bar/Cafe,Bar/hospitality role in Berlin,Highlight bartending and hospitality experience.,
,Barchef (m/w/d),Hofbräu Berlin,Berlin,https://www.hotelcareer.com/jobs/hofbräu-berlin-18653/barchef-m-w-d-3927341,Bar / Hospitality,New,2026-07-21,7,CV for Hospitality/Restaurant/Bar/Cafe,Bar/hospitality role in Berlin,Highlight bartending and hospitality experience.,
,Barkeeper (m/w/d) für House of Gin und Lobby Lounge,Hotel Palace Berlin,Berlin,https://www.hotelcareer.com/jobs/palace-berlin-1203/barkeeper-m-w-d-für-unsere-bars-house-of-gin-und-lobby-lounge-3933507,Bar / Hospitality,New,2026-07-21,7,CV for Hospitality/Restaurant/Bar/Cafe,Bar/hospitality role in Berlin,Highlight bartending and hospitality experience.,
,IT Administrator (m/w/d),interface systems GmbH,Berlin,https://www.devjobsscanner.com/systems-administrator-jobs-in-germany,Sys Admin,New,2026-07-21,7,CV for Sys Admin,IT support/systems administration role in Berlin,Tailor CV highlighting IT support and systems administration experience.,
,Barkeeper Hotel (m/w/d),Hotel Riu Plaza Berlin,Berlin,https://www.hotelcareer.com/jobs/hotel-riu-plaza-berlin-40884/barkeeper-hotel-m-w-d-4003371,Bar / Hospitality,New,2026-07-21,7,CV for Hospitality/Restaurant/Bar/Cafe,Bar/hospitality role in Berlin,Highlight bartending and hospitality experience.,
,Chef-Routenbauer:in (M/W/D),Urban Apes (Bright Site Berlin),Berlin,https://kletterszene.com/jobs/die-boulderhalle-urban-apes-bright-site-in-berlin-sucht-eine-n-chef-routenbauer-in-m-w-d,Bouldering Gyms,New,2026-07-21,8,CV for Bouldering Gyms,Bouldering gym position in Berlin,Highlight climbing experience and customer service skills.,
,Barkeeper | Bartender (m/w/d),Scandic Charlottenburg,Berlin,https://www.hotelcareer.com/jobs/scandic-charlottenburg-128526/barkeeper-bartender-m-w-d-3975714,Bar / Hospitality,New,2026-07-21,7,CV for Hospitality/Restaurant/Bar/Cafe,Bar/hospitality role in Berlin,Highlight bartending and hospitality experience.,
,Bartender (m/w/d) Dussmann Kultur im KaDeWe,Dussmann das KulturKaufhaus,Berlin,https://www.hotelcareer.com/jobs/dussmann-das-kulturkaufhaus-128322/bartender-m-w-d-dussmann-kultur-im-kadewe-4009677,Bar / Hospitality,New,2026-07-21,7,CV for Hospitality/Restaurant/Bar/Cafe,Bar/hospitality role in Berlin,Highlight bartending and hospitality experience.,
,Chef de Bar (m/w/d),Hotel de Rome,Berlin,https://www.hotelcareer.com/jobs/hotel-de-rome-128076/chef-de-bar-m-w-d-3948706,Bar / Hospitality,New,2026-07-21,7,CV for Hospitality/Restaurant/Bar/Cafe,Bar/hospitality role in Berlin,Highlight bartending and hospitality experience.,
,IT System Administrator (m/w/d),CANCOM SE,Berlin,https://www.stepstone.de/jobs/systems-administrator,Sys Admin,New,2026-07-21,7,CV for Sys Admin,IT support/systems administration role in Berlin,Tailor CV highlighting IT support and systems administration experience.,
,"Backend Engineer (Infra), Core Sending",Resend,Remote (US / Dublin),https://startup.jobs/resend-backend-infra,Developer,New,2026-07-21,7,CV for Fullstack/Frontend,Matches React/TypeScript/fullstack skillset,"Tailor CV highlighting React, TypeScript, and fullstack experience. Write cover letter.",
,Bar Supervisor (m/w/d),Hotel de Rome,Berlin,https://www.hotelcareer.com/jobs/hotel-de-rome-128076/bar-supervisor-m-w-d-4004025,Bar / Hospitality,New,2026-07-21,7,CV for Hospitality/Restaurant/Bar/Cafe,Bar/hospitality role in Berlin,Highlight bartending and hospitality experience.,
,IT System Administrator (m/f/d),Rapid Data,Berlin,"https://www.glassdoor.com/job-listing/it-system-administrator-m-f-d-rapid-data-JV_IC2622109_KO0,29_KE30,40.htm?jl=1010202145080",Sys Admin,New,2026-07-21,7,CV for Sys Admin,IT support/systems administration role in Berlin,Tailor CV highlighting IT support and systems administration experience.,
,Host/Hostess Restaurant & Bar Evening Service (m/w/d),"The Ritz-Carlton, Berlin",Berlin,https://www.hotelcareer.com/jobs/the-ritz-carlton-berlin-507/host-hostess-restaurant-bar-evening-service-m-w-d-3992363,Bar / Hospitality,New,2026-07-21,7,CV for Hospitality/Restaurant/Bar/Cafe,Bar/hospitality role in Berlin,Highlight bartending and hospitality experience.,
,Commis de Bar (m/w/d) Lobby Bar,Hotel Adlon Kempinski,Berlin,https://www.hotelcareer.com/jobs/hotel-adlon-kempinski-1001/commis-de-bar-m-w-d-lobby-bar-3715579,Bar / Hospitality,New,2026-07-21,7,CV for Hospitality/Restaurant/Bar/Cafe,Bar/hospitality role in Berlin,Highlight bartending and hospitality experience.,
,"Fullstack-Developer (m/w/d) React 18/19, TypeScript",Autohaus Royal GmbH,Berlin,https://www.stepstone.de/jobs/autohaus-royal-fullstack,Developer,New,2026-07-21,7,CV for Fullstack/Frontend,Matches React/TypeScript/fullstack skillset,"Tailor CV highlighting React, TypeScript, and fullstack experience. Write cover letter.",
,Fullstack Engineer,SumUp,Berlin,https://www.sumup.com/careers/positions/fullstack-engineer,Developer,New,2026-07-21,7,CV for Fullstack/Frontend,Matches React/TypeScript/fullstack skillset,"Tailor CV highlighting React, TypeScript, and fullstack experience. Write cover letter.",
,Full-Stack Software Engineer,Mirelo AI,Berlin,https://www.wearedevelopers.com/en/jobs/mirelo-ai-fullstack,Developer,New,2026-07-21,7,CV for Fullstack/Frontend,Matches React/TypeScript/fullstack skillset,"Tailor CV highlighting React, TypeScript, and fullstack experience. Write cover letter.",
,Software Engineer - Global Expansion,SumUp,Berlin,https://www.sumup.com/careers/positions/global-expansion-engineer,Developer,New,2026-07-21,7,CV for Fullstack/Frontend,Matches React/TypeScript/fullstack skillset,"Tailor CV highlighting React, TypeScript, and fullstack experience. Write cover letter.",
,Backend Engineer - Core Systems,N26,Berlin,https://n26.com/en-eu/careers/positions/core-systems,Developer,New,2026-07-21,7,CV for Fullstack/Frontend,Matches React/TypeScript/fullstack skillset,"Tailor CV highlighting React, TypeScript, and fullstack experience. Write cover letter.",
,Software Engineer - Auth,Supabase,Remote (Worldwide),https://jobs.ashbyhq.com/supabase/auth-engineer,Developer,New,2026-07-21,7,CV for Fullstack/Frontend,Matches React/TypeScript/fullstack skillset,"Tailor CV highlighting React, TypeScript, and fullstack experience. Write cover letter.",
,Design Engineer,Supabase,Remote (Worldwide),https://jobs.ashbyhq.com/supabase/design-engineer,Developer,New,2026-07-21,7,CV for Fullstack/Frontend,Matches React/TypeScript/fullstack skillset,"Tailor CV highlighting React, TypeScript, and fullstack experience. Write cover letter.",
,Software Engineer - Fullstack,DigitalService,Berlin,https://www.wearedevelopers.com/en/jobs/digitalservice-fullstack,Developer,New,2026-07-21,7,CV for Fullstack/Frontend,Matches React/TypeScript/fullstack skillset,"Tailor CV highlighting React, TypeScript, and fullstack experience. Write cover letter.",
,Full Stack Developer - Real Time Intelligence (Python + React),Sequoia Connect,Remote (Worldwide),https://remotive.com/sequoia-connect-fullstack,Developer,New,2026-07-21,7,CV for Fullstack/Frontend,Matches React/TypeScript/fullstack skillset,"Tailor CV highlighting React, TypeScript, and fullstack experience. Write cover letter.",
,API Engineer,Supabase,Remote (Worldwide),https://jobs.ashbyhq.com/supabase/api-engineer,Developer,New,2026-07-21,7,CV for Fullstack/Frontend,Matches React/TypeScript/fullstack skillset,"Tailor CV highlighting React, TypeScript, and fullstack experience. Write cover letter.",
,Fullstack Developer - Agentic Coding (m/w/d),Ströer Connections GmbH,Berlin,https://www.stepstone.de/jobs/stroeer-agentic-coding,Developer,New,2026-07-21,7,CV for Fullstack/Frontend,Matches React/TypeScript/fullstack skillset,"Tailor CV highlighting React, TypeScript, and fullstack experience. Write cover letter.",
,Software Engineer (ServiceNow) - RegTech,N26,Berlin,https://n26.com/en-eu/careers/positions/servicenow-regtech,Developer,New,2026-07-21,7,CV for Fullstack/Frontend,Matches React/TypeScript/fullstack skillset,"Tailor CV highlighting React, TypeScript, and fullstack experience. Write cover letter.",
,Customer Support Engineer (f/m/d),Contentful,Berlin,https://boards.greenhouse.io/contentful/jobs/3,Developer,New,2026-07-21,7,CV for Fullstack/Frontend,Matches React/TypeScript/fullstack skillset,"Tailor CV highlighting React, TypeScript, and fullstack experience. Write cover letter.",
,"AI Web Fullstack Developer (Node, Javascript, React)",Binance,Remote (Asia / Global),https://jobs.lever.co/binance/ai-web-fullstack,Developer,New,2026-07-21,7,CV for Fullstack/Frontend,Matches React/TypeScript/fullstack skillset,"Tailor CV highlighting React, TypeScript, and fullstack experience. Write cover letter.",
,Software Engineer: IaC Platform Experience,Supabase,Remote (Worldwide),https://jobs.ashbyhq.com/supabase/iac-platform,Developer,New,2026-07-21,7,CV for Fullstack/Frontend,Matches React/TypeScript/fullstack skillset,"Tailor CV highlighting React, TypeScript, and fullstack experience. Write cover letter.",
,Backend Engineer - Customer Identity,N26,Berlin,https://n26.com/en-eu/careers/positions/customer-identity,Developer,New,2026-07-21,7,CV for Fullstack/Frontend,Matches React/TypeScript/fullstack skillset,"Tailor CV highlighting React, TypeScript, and fullstack experience. Write cover letter.",
,CLI Engineer,Supabase,Remote (Worldwide),https://jobs.ashbyhq.com/supabase/cli-engineer,Developer,New,2026-07-21,7,CV for Fullstack/Frontend,Matches React/TypeScript/fullstack skillset,"Tailor CV highlighting React, TypeScript, and fullstack experience. Write cover letter.",
,Site Reliability Engineer,Supabase,Remote (Worldwide),https://jobs.ashbyhq.com/supabase/site-reliability,Developer,New,2026-07-21,7,CV for Fullstack/Frontend,Matches React/TypeScript/fullstack skillset,"Tailor CV highlighting React, TypeScript, and fullstack experience. Write cover letter.",
,Frontend and Mobile Developer (f/m/x),D4L data4life gGmbH,Berlin/Potsdam,https://www.stepstone.de/jobs/d4l-frontend-mobile,Developer,New,2026-07-21,7,CV for Fullstack/Frontend,Matches React/TypeScript/fullstack skillset,"Tailor CV highlighting React, TypeScript, and fullstack experience. Write cover letter.",
,Frontend Web Developer (React/TypeScript),Zensors,Remote,https://weworkremotely.com/zensors-frontend,Developer,New,2026-07-21,7,CV for Fullstack/Frontend,Matches React/TypeScript/fullstack skillset,"Tailor CV highlighting React, TypeScript, and fullstack experience. Write cover letter.",
,"Full Stack Engineer, ML Platform",Prior Labs,Berlin,https://www.wearedevelopers.com/en/jobs/prior-labs-ml-platform,Developer,New,2026-07-21,7,CV for Fullstack/Frontend,Matches React/TypeScript/fullstack skillset,"Tailor CV highlighting React, TypeScript, and fullstack experience. Write cover letter.",
,Praktikant Fullstack Developer React/TypeScript/Next.js/Node.js,DuoByte,Berlin/Remote,https://www.stepstone.de/jobs/duobyte-praktikum-fullstack,Developer,New,2026-07-21,7,CV for Fullstack/Frontend,Matches React/TypeScript/fullstack skillset,"Tailor CV highlighting React, TypeScript, and fullstack experience. Write cover letter.",
,Edge Functions Engineer,Supabase,Remote (Worldwide),https://jobs.ashbyhq.com/supabase/edge-functions,Developer,New,2026-07-21,7,CV for Fullstack/Frontend,Matches React/TypeScript/fullstack skillset,"Tailor CV highlighting React, TypeScript, and fullstack experience. Write cover letter.",
,Junior IT-Administrator (m/w/d),Eberlein und Kunz,Berlin,https://www.arbeitnow.com/jobs/companies/eberlein-und-kunz/junior-it-administrator-berlin-33213,Sys Admin,New,2026-07-20,8,CV for Sys Admin,Junior role. M365/Intune/Entra ID.,Apply via Arbeitnow.,
,Netzwerk- und Systemadministrator (w/m/d),Francotyp-Postalia GmbH,Berlin,https://www.stepstone.de/stellenanzeigen--Netzwerk-und-Systemadministrator-w-m-d-Berlin-Francotyp-Postalia-GmbH--14053879-inline.html,Sys Admin,New,2026-07-20,8,CV for Sys Admin,1st+2nd Level Support. AD/network.,Apply via Stepstone.,
,Systemadministrator (m/w/d),Aspeo GmbH,Berlin,https://www.stepstone.de/stellenanzeigen--Systemadministrator-m-w-d-Berlin-Aspeo-Gmbh--11742895-inline.html,Sys Admin,New,2026-07-20,8,CV for Sys Admin,Linux + Windows admin. Berlin.,Apply via Stepstone.,
,Systemadministrator/-in (m/w/d),snafu GmbH,Berlin,https://www.stepstone.de/job/12824077,Sys Admin,New,2026-07-20,7,CV for Sys Admin,LAMP stack admin. Virtualization.,Apply via Stepstone.,
,IT-Systemadministrator (m/w/d) - Windows / M365 / Virtualisierung / Security,Jobriver HR Service,Berlin,https://www.xing.com/jobs/berlin-it-systemadministrator-windows-m365-virtualisierung-security-152973324,Sys Admin,New,2026-07-20,8,CV for Sys Admin,55-80K EUR. Windows/M365/VMware.,Apply via XING.,
,IT System Administrator Linux / Windows / AWS (m/f/d),MEETYOO,Berlin,https://englishjobs.de/jobs/it_administrator,Sys Admin,New,2026-07-20,7,CV for Sys Admin,English-speaking. Cross-platform.,Apply via http://EnglishJobs.de.,
,Barkeeper (m/w/d),Hotel de Rome,Berlin,https://www.stepstone.de/stellenanzeigen--Barkeeper-m-w-d-Berlin-Hotel-de-Rome--14238897-inline.html,Bar / Hospitality,New,2026-07-20,8,CV for Hospitality/Restaurant/Bar/Cafe,5-star luxury hotel. Bebelplatz.,Apply via Stepstone.,
,Full Stack Software Engineer (m/w/d),Cerpro,Berlin,https://join.com/companies/cerproio/16311347-full-stack-software-engineer-m-w-d,Developer,New,2026-07-20,8,CV for Fullstack/Frontend,React/TypeScript/NestJS. AI manufacturing.,Apply via JOIN.,
,Linux/Web Systems Administrator (DevOps),Atolls,Berlin,https://www.arbeitnow.com/jobs/companies/atolls/linux-web-systems-administrator-devops-berlin-332811,Sys Admin,New,2026-07-20,9,CV for Sys Admin,English-only. Linux/DevOps. CI/CD.,Apply via Arbeitnow.,
,Mid-Level Fullstack Software Engineer - Financial Services (f/m/x),Enpal,Berlin (hybrid),https://www.qarera.com/job/472773,Developer,New,2026-07-20,8,CV for Fullstack/Frontend,React/TypeScript/NestJS. Fintech at major energy company.,Apply via Qarera.,
,Software Engineer (B2B SaaS),Packmatic,Berlin (hybrid),https://www.welcometothejungle.com/en/companies/packmatic/jobs/software-engineer-b2b-saas_berlin_xwxw2vrq,Developer,New,2026-07-20,7,CV for Fullstack/Frontend,TypeScript/NestJS/React. Berlin hybrid.,Apply via Lever.,
,"Full Stack Software Engineer (Next.js, AngularJS, TypeScript, GraphQL)",Atolls,Berlin,https://www.arbeitnow.com/jobs/companies/atolls/full-stack-software-engineer-nextjs-angularjs-typescript-graphql-berlin-195736,Developer,New,2026-07-20,6,CV for Fullstack/Frontend,Next.js/TypeScript/GraphQL. Berlin.,Apply via Arbeitnow.,
,Fullstack Developer,Setting HQ,,https://join.com/companies/settinghq/10719610-full-stack-developer#apply-window,Developer,Applied,2024-03-11,,,,,
,Software Engineer (React),Delivery Hero,Berlin (hybrid),https://devjobs.de/job/0aa9da94c5e3f6d5bbaa731696ec3e8f,Developer,New,2026-07-20,9,CV for Fullstack/Frontend,React/TypeScript. AdTech. Global brand.,Apply via http://devjobs.de.,
,Software Engineer (Frontend),NetBird,Berlin / Remote (Germany),https://jobs.ashbyhq.com/netbird/e21bee56-f91c-49c4-b2af-80a162491223,Developer,New,2026-07-20,9,CV for Fullstack/Frontend,"React, Next.js, TypeScript frontend role. Hybrid Berlin/remote. No German required.",Apply via Ashby with tailored CV.,
,Fullstack Engineer - Frontend Focus (React & TypeScript),Trusted Shops SE,Berlin (remote),https://www.xing.com/jobs/berlin-frontend-developer-react-typescript-155694985,Developer,New,2026-07-20,8,CV for Fullstack/Frontend,React/TypeScript/Node.js. AWS serverless.,Apply via XING.,
,Barkeeper Bartender - Titanic Chaussee,Titanic Chaussee Berlin,Berlin,https://www.stepstone.de/stellenangebote--Barkeeper-m-w-d-Berlin-Titanic-Chaussee-Berlin--10309919-inline.html,Bar / Hospitality,New,2026-07-19,7,CV for Hospitality/Restaurant/Bar/Cafe,"Hotel bar, Berlin, full/part-time, B2 German ok, international hotel group",Apply via StepStone with hospitality CV,
,Barkeeper Bartender - Hotel ZOO Berlin,Hotel ZOO Berlin,Berlin,https://www.stepstone.de/stellenangebote--Bartender-m-w-d-Berlin-HOTEL-ZOO-BERLIN--7344946-inline.html,Bar / Hospitality,New,2026-07-19,7,CV for Hospitality/Restaurant/Bar/Cafe,"Hotel bar, Berlin, full-time, English required, professional bartending",Apply via StepStone with hospitality CV,
,Full Stack Developer - Sowelo Consulting,Sowelo Consulting,Remote,https://weworkremotely.com/remote-jobs/sowelo-consulting-full-stack-developer,Developer,New,2026-07-19,6,CV for Fullstack/Frontend,"React/Vue/Angular + multiple backend languages, 3+ years, remote, UK healthcare SaaS",Apply via WeWorkRemotely with fullstack experience,
,Full Stack AI Engineer - Reveleer,Reveleer,Remote,https://weworkremotely.com/remote-jobs/reveleer-full-stack-ai-engineer,Developer,New,2026-07-19,6,CV for Fullstack/Frontend,"React/TypeScript/Node.js, 5+ years, remote, AI division",Apply via WeWorkRemotely with AI experience,
,Fullstack Engineer (Ad-Tech Platform),Jobgether (Partner),Germany Remote,https://jobs.lever.co/jobgether/92d5c9ff-d218-4724-9ba1-837afeeeaa64,Developer,New,2026-07-19,7,CV for Fullstack/Frontend,"React/Angular/Vue, fullstack, remote Europe, ad-tech at massive scale",Apply via Jobgether/Lever with fullstack experience,
,Fullstack Software Engineer Frontend T-shaped - Alan,Alan,Remote EU,https://jobs.ashbyhq.com/alan/1b8c1b77-5259-4dfc-bb01-b7c970664bd6,Developer,New,2026-07-19,8,CV for Fullstack/Frontend,"React/TypeScript, fullstack with frontend focus, remote EU, healthtech",Apply via Ashby with healthtech interest,
,Frontend Software Engineer (B2B Sales Platform),Jobgether (Partner),Germany Remote,https://jobs.lever.co/jobgether/38f8466e-4843-4354-9062-4a6c37386796,Developer,New,2026-07-19,7,CV for Fullstack/Frontend,"React/TypeScript, 2+ years, remote, B2B AI product",Apply via Jobgether/Lever,
,Fullstack Software Engineer (AI Sales Platform),Jobgether (Partner),Germany Remote,https://jobs.lever.co/jobgether/9509cc4a-9e98-4ba9-ad83-e3071f527968,Developer,New,2026-07-19,8,CV for Fullstack/Frontend,"React/TypeScript, AI-powered sales platform, remote, 3+ years experience",Apply via Jobgether/Lever with SaaS portfolio,
,Full Stack Engineer Innovation Team - InnoCraft,InnoCraft (Matomo),Germany Remote,https://jobs.lever.co/innocraft/e07f2280-f4e7-46cd-91fa-129df394debd,Developer,New,2026-07-19,7,CV for Fullstack/Frontend,"PHP/Python/JS full stack, 100% remote Germany, €70-80K, open-source analytics",Apply via Lever with open-source experience highlighted,
,Fullstack Engineer - WongDoody,WongDoody,Berlin / Germany Remote,https://boards.greenhouse.io/wongdoody/jobs/6307957003,Developer,New,2026-07-19,7,CV for Fullstack/Frontend,"Fullstack engineer with React/TypeScript, Berlin hybrid/remote, agency/consulting",Apply via Greenhouse with fullstack portfolio,
,Full Stack Web Developer - Abstract,Abstract,Remote,https://weworkremotely.com/remote-jobs/abstract-full-stack-web-developer-remote-contractor,Developer,New,2026-07-19,6,CV for Fullstack/Frontend,"Node.js/React/TypeScript, full stack, remote contractor, modern stack",Apply via WeWorkRemotely as contractor,
,Fullstack Developer - http://beyonnex.io,http://beyonnex.io GmbH,Germany Remote,https://remotive.com/remote/jobs/software-development/fullstack-developer-3425274,Developer,New,2026-07-19,6,CV for Fullstack/Frontend,"Kotlin/Java/Angular/React, 5+ years, 100% remote Germany, IoT energy",Apply via Remotive with fullstack experience,
,Full Stack Developer - KlickBoost GmbH,KlickBoost GmbH,Berlin,https://klick-boost.com/karriere,Developer,New,2026-07-17,7,CV for Fullstack/Frontend,React full stack role at Berlin marketing agency,Apply via company careers page,
,Full-Stack Software Engineer - http://blended.io,http://blended.io,Berlin,https://startup.jobs/full-stack-software-engineer-blendedio-8716403,Developer,New,2026-07-17,7,CV for Fullstack/Frontend,Cross-platform full stack development,Apply via http://startup.jobs,
,Trainer:in Bright Site Berlin - urban apes,urban apes,Berlin,https://jobs.urbanapes.de/jobposting/50ab668b6f677cf8ab58ed4a18bb0a59dce5fd020,Bouldering Gyms,New,2026-07-17,7,CV for Bouldering Gyms,Bouldering gym trainer at Berlin Bright Site,Apply via http://urbanapes.de careers,
,Bar- und Servicemitarbeiter Tapas Bar,Melia Berlin,Berlin,https://www.hotelcareer.com/jobs/bar-service-melia-berlin,Bar / Hospitality,New,2026-07-16,7,CV for Hospitality/Restaurant/Bar/Cafe,"Full-time bar/service, Berlin, Melia hotel",Apply via Hotelcareer,
,IT Administrator,AKKODIS,Berlin,https://www.xing.com/jobs/it-administrator-akkodis-berlin,Sys Admin,New,2026-07-16,7,CV for Sys Admin,"Berlin, IT admin, large consultancy",Apply via Xing,
,Route Setter / Wall Stripper,Boulderklub Kreuzberg,Berlin,https://boulderklub.de/en/jobs,Bouldering Gyms,New,2026-07-16,8,CV for Bouldering Gyms,"Boulder gym routesetting, Berlin Kreuzberg",Email mailto:info@boulderklub.de,
,IT Systemadministrator Cloud und Anwendersupport,NORSAN GmbH,Berlin,https://www.stepstone.de/jobs/it-systemadministrator-cloud-berlin,Sys Admin,New,2026-07-16,7,CV for Sys Admin,"Cloud & Anwendersupport, Berlin, full-time",Apply via StepStone,
,Servicekraft / Kellner,FARO Gruppe,Berlin,https://farogruppe.recruitee.com/o/servicekraft-kellner-mwd-in-vollzeit,Bar / Hospitality,New,2026-07-16,6,CV for Hospitality/Restaurant/Bar/Cafe,"Full-time service role, Berlin events",Apply via Recruitee,
,Bartender,Hilton Berlin,Berlin,https://www.hotelcareer.com/jobs/bartender-hilton-berlin,Bar / Hospitality,New,2026-07-16,7,CV for Hospitality/Restaurant/Bar/Cafe,"Full-time bartender, Berlin, Hilton",Apply via Hotelcareer with hospitality CV,
,Suedbloc Team Member,Suedbloc Boulderhalle,Berlin,https://www.suedbloc.com/jobs,Bouldering Gyms,New,2026-07-16,7,CV for Bouldering Gyms,"Boulder gym, Berlin Mariendorf",Apply via http://suedbloc.com jobs,
,Web Application Full Stack Developer,Carrier,Remote,https://remotive.com/remote/jobs/software-development/web-application-full-stack-developer-5165062,Developer,New,2026-07-15,7,CV for Fullstack/Frontend,"React, TypeScript, 3+ years, web application, IoT/cloud",Apply via Remotive,
,Full-Stack Developer (React + AWS),http://Base.com,Remote,https://weworkremotely.com/remote-jobs/base-com-full-stack-developer-react-aws,Developer,New,2026-07-15,7,CV for Fullstack/Frontend,"React, TypeScript, AWS, data visualization, analytics application",Apply via WeWorkRemotely with React/AWS experience,
,Fullstack Software Engineer,ARB Interactive,Remote (US),https://jobs.ashbyhq.com/arb-interactive/8db4b678-1df4-46e1-8592-10ef67fe4df4,Developer,New,2026-07-15,4,CV for Fullstack/Frontend,"React/Next.js/TypeScript, Node.js, full-stack, good tech stack - US location restriction",Apply via Ashby - note US location restriction,
,Full Stack Developer,EllieMD,Remote,https://remotive.com/remote/jobs/software-development/full-stack-developer-4430665,Developer,New,2026-07-15,7,CV for Fullstack/Frontend,"React, TypeScript, $150k salary, remote, full-stack",Apply via Remotive,
,Frontend Engineer (React/TypeScript),OnHires,Remote,https://jobs.ashbyhq.com/OnHires/51c91fe0-8357-4f36-9a98-24b9d4dcdc86,Developer,New,2026-07-15,7,CV for Fullstack/Frontend,"React/TypeScript, e-commerce, Node.js APIs, mid-level 3-5 years",Apply via Ashby with e-commerce project examples,
,Full-Stack Product Engineer - Agentic First,Wonderdog,Remote (Anywhere),https://weworkremotely.com/remote-jobs/wonderdog-full-stack-product-engineer-agentic-first,Developer,New,2026-07-15,9,CV for Fullstack/Frontend,"Full-stack TypeScript, remote, early-stage product role, AI agents",Apply via WeWorkRemotely with portfolio highlighting full-stack TypeScript projects,
,IT Support / Helpdesk,Various (http://germantechjobs.de),Berlin,https://germantechjobs.de/en/jobs/Support/Berlin,Sys Admin,New,2026-07-15,6,CV for Sys Admin,"134 IT Support & Helpdesk jobs in Berlin, up to 110K EUR",Browse and apply via http://germantechjobs.de,
,"Full-stack (TypeScript, React) developer",TechMagic,Remote Worldwide,https://remotive.com/remote/jobs/software-development/full-stack-typescript-react-developer-5128362,Developer,New,2026-07-08,7,CV for Fullstack/Frontend,"Full-stack TS/React role, fully remote worldwide. Focus on Chat/Assistant/Intelligence products. Good for modern AI-adjacent experience.",Highlight fullstack TypeScript/React experience and interest in AI products.,
,Frontend Developer (React),Persohap GmbH,Berlin,https://www.arbeitnow.com/jobs/companies/persohap-gmbh/frontend-developer-react-berlin-405524,Developer,New,2026-07-08,6,CV for Fullstack/Frontend,React/TypeScript role at AI startup. Berlin-based. Lower salary (€30K-50K) but high ownership. Good for frontend-focused experience.,Emphasize React/TypeScript experience and UI/UX sensibilities.,
,Fullstack Engineer - Frontend Focus (React & TypeScript) (m/f/d),Trusted Shops,Berlin/Cologne remote,https://www.arbeitnow.com/jobs/companies/trusted-shops-se-de/frontend-developer-react-typescript-cologne-9729,Developer,New,2026-07-08,8,CV for Fullstack/Frontend,React/TypeScript frontend focus at established company. Flexible in Berlin or remote from Berlin. Frontend architecture responsibilities.,Highlight React/TypeScript experience and frontend architecture skills.,
,Full Stack Data Engineer (m/f/d),Alcemy,Berlin,https://www.arbeitnow.com/jobs/companies/alcemy/full-stack-data-engineer-berlin-152422,Developer,New,2026-07-08,7,CV for Fullstack/Frontend,React/Next.js/TypeScript/Python stack aligns well. Berlin-based. €60K-75K. Data engineering focus adds AI/ML exposure.,Highlight fullstack experience with Python and React. Emphasize data pipeline work.,
,Full-stack engineer React,WoW Studio,Europe Remote,https://wellfound.com/jobs/2162184-full-stack-engineer-react,Developer,New,2026-07-07,7,CV for Fullstack/Frontend,"React/TypeScript/GraphQL, remote Europe",Apply via Wellfound,
,AI Engineer,commercetools,Berlin (Hybrid),https://boards.greenhouse.io/commercetools/jobs/5843103003,Developer,New,2026-07-07,6,CV for Fullstack/Frontend,"AI/ML engineering, Berlin hybrid",Apply via Greenhouse,
,Full-Stack Customer Success Engineer,D4L data4life,Berlin-Kreuzberg,https://de.indeed.com/cmp/D4l-Data4life-Ggmbh/jobs,Developer,New,2026-07-07,8,CV for Fullstack/Frontend,"Python/FastAPI + TypeScript/React, non-profit health-tech",Apply via Indeed,
,Chief Routesetter,Element Boulder Berlin,Berlin Moabit,https://kletterszene.com/jobs/element-boulder-berlin-moabit-sucht-eine-n-chief-routesetter-m-w-d,Bouldering Gyms,New,2026-07-07,7,CV for Bouldering Gyms,"Routesetting lead, new Berlin gym, bouldering passion",Apply via Kletterszene,
,Forward Deployed Engineer,Veo,Berlin,https://jobs.lever.co/veo/f8355371-1080-49c1-85dd-6a981dcec722,Developer,New,2026-07-07,7,CV for Fullstack/Frontend,"Python/TypeScript, full-stack, Berlin",Apply via Lever,
,System Administrator I,Delivery Hero,Berlin,https://careers.deliveryhero.com/job/system-administrator-i-in-berlin-germany-jid-7185,Sys Admin,New,2026-07-07,8,CV for Sys Admin,"System admin, IT service delivery, Berlin",Apply via Delivery Hero Careers,
,Barkeeper and Service Personnel,Burro Unchained,Berlin,https://disqavad.com/skilled-job-offer/barkeeper-and-service-personnel-wanted-berlin,Bar / Hospitality,New,2026-07-07,7,CV for Hospitality/Restaurant/Bar/Cafe,"Bartender/service, English ok, Berlin fine dining",Apply via email,
,Enterprise IT Services Engineer,Raisin,Berlin,https://jobs-radar.com/job/enterprise-it-services-engineer-f-m-d-at-raisin-7c2680,Sys Admin,New,2026-07-07,7,CV for Sys Admin,"IT services engineering, Google Workspace/Jamf/Okta",Apply via Raisin Careers,
,Barkeeper (m/w/div/kA),Telegraphenamt,Berlin,https://www.hotelcareer.com/jobs/telegraphenamt-118320/barkeeper-m-w-div-ka-3998357,Bar / Hospitality,New,2026-07-01,7,CV for Hospitality/Restaurant/Bar/Cafe,Bartender role at Berlin hotel. Full-time. Unique venue.,Apply via Hotelcareer with tailored CV highlighting bar experience,
,Fullstack Developer,This IS School UK,,hugo@thisisschool.com,Developer,Applied,2024-03-11,,,,,
,Barkeeper (m/w/d),Hampton by Hilton Berlin City Centre Alexanderplatz,Berlin,https://www.hotelcareer.com/jobs/hampton-by-hilton-berlin-city-centre-alexanderplatz-78009/barkeeper-m-w-d-3571188,Bar / Hospitality,New,2026-07-01,7,CV for Hospitality/Restaurant/Bar/Cafe,Bartender role at Hampton by Hilton Berlin. Full or part-time. Alexanderplatz location.,Apply via Hotelcareer with tailored CV highlighting bar experience,
,Barkeeper (m/w/d),ROMY by AMANO,Berlin,https://www.hotelcareer.com/jobs/romy-by-amano-115270/barkeeper-hotel-m-w-d-4002549,Bar / Hospitality,New,2026-07-01,7,CV for Hospitality/Restaurant/Bar/Cafe,Bartender role at Berlin hotel bar. Full-time. AMANO Group hotel company.,Apply via Hotelcareer with tailored CV highlighting bar experience,
,Barista (m/w/d),Grand Hyatt Berlin,Berlin,https://www.hotelcareer.com/jobs/grand-hyatt-berlin-1071/barista-für-unser-1838-deli-m-w-d-3990513,Bar / Hospitality,New,2026-07-01,7,CV for Hospitality/Restaurant/Bar/Cafe,Barista role at Grand Hyatt Berlin. Full-time/part-time. Premium hotel.,Apply via Hotelcareer with tailored CV highlighting barista/coffee experience,
,(Junior) Full Stack Developer,ahead GmbH,Remote Germany,https://remotive.com/remote/jobs/software-development/junior-full-stack-developer-5091019,Developer,New,2026-07-01,7,CV for Fullstack/Frontend,"Junior full-stack role, remote Germany, TypeScript/React. E-commerce/snacks brand. Good entry opportunity.",Apply via Remotive with Fullstack CV highlighting React/TypeScript experience,
,Barmitarbeiter (m/w/d),Hofbräu Berlin,Berlin,https://www.hotelcareer.com/jobs/hofbräu-berlin-18653/barmitarbeiter-m-w-d-3631971,Bar / Hospitality,New,2026-07-01,6,CV for Hospitality/Restaurant/Bar/Cafe,Bar staff at famous Hofbräu Berlin. Full-time/part-time. High-volume venue.,Apply via Hotelcareer with tailored CV highlighting bar experience,
,Commis de Bar (m/w/d),The Ritz-Carlton Berlin,Berlin,https://www.hotelcareer.com/jobs/the-ritz-carlton-berlin-507/commis-de-bar-m-w-d-3992359,Bar / Hospitality,New,2026-07-01,8,CV for Hospitality/Restaurant/Bar/Cafe,Commis de Bar at Ritz-Carlton Berlin. Premium hotel bar experience. Full-time.,Apply via Hotelcareer with tailored CV highlighting bar/hospitality experience,
,Chef-Routenbauer:in (M/W/D),urban apes bright site Berlin,Berlin,https://www.urbanapes.de/jobs,Bouldering Gyms,New,2026-06-30,6,CV for Bouldering Gyms,"Chief routesetter, Berlin, largest boulder gym chain",Apply via http://urbanapes.de/jobs,
,Fullstack Developer (m/f/d),primion Technology GmbH,Remote Germany,https://www.arbeitnow.com/jobs/developer,Developer,New,2026-06-30,6,CV for Fullstack/Frontend,"Fullstack dev, remote Germany, euro60-85k",Apply via Arbeitnow,
,Routesetter / Wall Stripper,Boulderklub Kreuzberg,Berlin,https://boulderklub.de/en,Bouldering Gyms,New,2026-06-30,7,CV for Bouldering Gyms,"Routesetter, Berlin bouldering gym",Email mailto:info@boulderklub.de,
,"Full-Stack Developer, Music & Audio",Melotech,Berlin,https://jobs.ashbyhq.com/melotech/a7d99ee2-75fe-4a12-8f6c-1ecedaa68a3e,Developer,New,2026-06-30,7,CV for Fullstack/Frontend,"Full-stack engineer, Berlin, VC-backed startup",Apply via Ashby with fullstack CV,
,Bartender,The Hoxton,Berlin Charlottenburg,https://www.huzzle.app/jobs/bartender-m-f-d-781285,Bar / Hospitality,New,2026-06-29,8,CV for Hospitality/Restaurant/Bar/Cafe,"Luxury hotel bar, fluent English required, international brand",Apply via Huzzle,
,Fullstack Engineer,Octopus Energy Group,Berlin,https://jobs.lever.co/octoenergy/68d428bb-4a13-4852-9a82-2f8c189be665,Developer,New,2026-06-29,7,CV for Fullstack/Frontend,"Next.js + Python, Berlin hybrid, energy tech",Apply via Lever,
,IT Support Engineer,Distribusion,Berlin,https://careers.distribusion.com/o/it-support-engineer-all-genders,Sys Admin,New,2026-06-29,7,CV for Sys Admin,"Berlin mobility tech, IT support, English-friendly startup",Apply via Distribusion careers,
,Full Stack Product Engineer,Dentology,UK Remote,https://weworkremotely.com/remote-jobs/dentology-full-stack-product-engineer,Developer,New,2026-06-29,6,CV for Fullstack/Frontend,"UK remote, full-stack product role",Apply via WeWorkRemotely,
,Software Engineer - B2B SaaS,Packmatic GmbH,Berlin,https://jobs.lever.co/Packmatic/bf8aaa0d-b252-4ee8-b308-7c11e897bad9,Developer,New,2026-06-29,6,CV for Fullstack/Frontend,"B2B SaaS, Berlin hybrid, English-friendly",Apply via Lever,
,Full-Stack Developer,Joy_,Berlin/Remote EU,https://dynamitejobs.com/company/joy02/remote-job/full-stack-developer-m-f-d,Developer,New,2026-06-29,7,CV for Fullstack/Frontend,"TypeScript, Vue.js, remote-first, English OK, 3+ years exp",Apply via DynamiteJobs,
,Tresenkraft Basement,Urban Apes,Berlin,"https://www.glassdoor.com/job-listing/tresenkraft-m-w-d-basement-berlin-urban-apes-basement-berlin-gmbh-JV_IC2622109_KO0,33_KE34,65.htm",Bouldering Gyms,New,2026-06-29,7,CV for Bouldering Gyms,"Bouldering gym counter, basement location",Apply via Urban Apes jobs,
,Bartender,Generator Hostel Berlin,Berlin Mitte,https://disqavad.com/skilled-job-offer/bartender-wanted-at-the-generator-hostel-berlin,Bar / Hospitality,New,2026-06-29,7,CV for Hospitality/Restaurant/Bar/Cafe,"Hostel bar, English-friendly, Berlin Mitte",Email mailto:kai.boeltes@staygenerator.com,
,Front End Fullstack Engineer - Messaging Team,Aircall,Remote Europe,https://jobs.lever.co/aircall/3ba5369f-e386-4b60-8e69-f22d4f96c5cc,Developer,New,2026-06-29,8,CV for Fullstack/Frontend,"Fully remote EU, TypeScript/React, messaging team, English OK",Apply via Lever,
,Barkeeper Monkey Bar,25hours Hotel Bikini Berlin,Berlin,https://www.ebsmatchstaff.com/job-details/58030/,Bar / Hospitality,New,2026-06-29,7,CV for Hospitality/Restaurant/Bar/Cafe,"Rooftop bar, 4-day week, English-friendly hotel",Apply via EBS Matchstaff,
,Bartender Lobby Bar,Radisson Collection Hotel,Berlin,https://www.kimeta.de/stellenangebot/radisson-collection-hotel-berlin-food-beverage/bartender-barkeeper-lobby-bar-m-w-d/959578075.html,Bar / Hospitality,New,2026-06-29,7,CV for Hospitality/Restaurant/Bar/Cafe,"International hotel chain, lobby bar, Berlin center",Apply via Hotelcareer,
,Bartender,Restaurant M64 GmbH MINA,Berlin,https://restaurantm64.softgarden.io/job/55917937?l=en,Bar / Hospitality,New,2026-06-29,7,CV for Hospitality/Restaurant/Bar/Cafe,"English required, East Side Gallery, fine dining",Apply via Softgarden,
,IT System Administrator,Dataciders,Berlin,https://dataciders.com/en/stelle/it-systemadministrator-m-w-d-fuer-berlin/,Sys Admin,New,2026-06-29,6,CV for Sys Admin,"Berlin IT system admin, English job page",Apply via Dataciders,
,Fullstack Developer,SocialHub via Personio,,https://socialhub.jobs.personio.de/job/1434970?_pc=103120#apply,Developer,Applied,2024-04-15,,,,,
,Full Stack Software Engineer GTM AI Automation,Aircall,Remote Europe,https://jobs.lever.co/aircall/f823d560-84f0-4f59-9f4e-0c51c03972b1,Developer,New,2026-06-29,8,CV for Fullstack/Frontend,"Fully remote EU, AI automation, TypeScript, English OK",Apply via Lever,
,IT Support Engineer,KAYAK,Berlin,https://builtin.com/job/it-support-engineer/4777046,Sys Admin,New,2026-06-29,7,CV for Sys Admin,"International travel tech, Berlin, English-friendly",Apply via KAYAK careers,
,IT-Administrator / Systemadministrator Regional (m/w/d),Disrupted Cloud,Berlin,https://www.absolventa.de/stellenangebote/12574811-b-it-administrator-systemadministrator-regional-m-w-d,Sys Admin,New,2026-06-27,6,CV for Sys Admin,Cloud/IT admin role in Berlin.,Apply via Absolventa with CV for Sys Admin,
,Bartender & Beverage Server (m/w/d),Slowness,Berlin,https://join.com/companies/slowness/15700516-bartender-und-beverage-server-m-w-d,Bar / Hospitality,New,2026-06-27,7,CV for Hospitality/Restaurant/Bar/Cafe,Bartender role at Berlin venue. Full-time.,Apply via http://Join.com with CV for Hospitality,
,Barkeeper (m/w/d),MEININGER Hotels,Berlin,https://www.jobijoba.de/detailanzeige/9/f818ad7e6b0e53f90a39e477cd5af14e,Bar / Hospitality,New,2026-06-27,7,CV for Hospitality/Restaurant/Bar/Cafe,Hotel bar. Full-time. International.,Apply via Jobijoba with CV for Hospitality,
,Barkeeper (m/w/d),beast berlin,Berlin Alexanderplatz,https://www.jobijoba.de/detailanzeige/9/545b4b89753e14ad227efe682586cbf6,Bar / Hospitality,New,2026-06-27,7,CV for Hospitality/Restaurant/Bar/Cafe,Restaurant bar. Full or part time.,Apply via Jobijoba with CV for Hospitality,
,IT System Administrator (m/f/d),Dataciders,Berlin,https://dataciders.com/en/stelle/it-systemadministrator-m-w-d/,Sys Admin,New,2026-06-27,7,CV for Sys Admin,"Windows Server, M365, Linux. Berlin office.",Apply via Dataciders with CV for Sys Admin,
,Frontend Developer (React) - 100% remote,wynwood tech,Remote (Germany),https://www.jobijoba.de/detailanzeige/9/9e4c74b070b23bbf3e5b80e43dee5f4c,Developer,New,2026-06-27,7,CV for Fullstack/Frontend,React/TypeScript. 100% remote. No German needed.,Apply via Jobijoba with CV for Fullstack/Frontend,
,Fullstack Software Engineer (f/m/d),Contentful,"Berlin, Germany",https://job-boards.greenhouse.io/contentful/jobs/7557597,Developer,New,2026-06-27,8,CV for Fullstack/Frontend,Strong React/TypeScript/Node.js stack match. Berlin office.,Apply via Greenhouse with CV for Fullstack/Frontend,
,Frontend engineer (m/f/d),Mercanis,Remote / Berlin,https://www.jobijoba.de/detailanzeige/9/bd39aece971d3a0e3ab25570eab94506,Developer,New,2026-06-27,6,CV for Fullstack/Frontend,TypeScript/modern stack. AI Procurement. SvelteKit.,Apply via job board with CV for Fullstack/Frontend,
,"Frontend Software Developer, TypeScript, React",ONIQ,Berlin (Hybrid),https://www.remoterocketship.com/company/oniq/jobs/frontend-software-developer-typescript-react-berlin-hybrid/,Developer,New,2026-06-27,7,CV for Fullstack/Frontend,React/TypeScript. SaaS B2B. Berlin hybrid.,Apply via RemoteRocketShip with CV for Fullstack/Frontend,
,IT-Systemadministrator (m/w/d),BET Consulting GmbH,Berlin,https://www.jobijoba.de/detailanzeige/9/f560cecbd2cb76e5b17bed278d1110a0,Sys Admin,New,2026-06-27,7,CV for Sys Admin,"MS 365, VMware, Windows/Linux admin.",Apply via Jobijoba with CV for Sys Admin,
,Full Stack Engineer - Analytics (f/m/d),Contentful,"Berlin, Germany",https://job-boards.greenhouse.io/contentful/jobs/7905720,Developer,New,2026-06-27,7,CV for Fullstack/Frontend,React/TypeScript/Node.js stack. Analytics and AI dashboards.,Apply via Greenhouse with CV for Fullstack/Frontend,
,Full Stack Software Engineer (all genders),flaconi,"Berlin, Germany",https://job-boards.eu.greenhouse.io/flaconi/jobs/4823639101,Developer,New,2026-06-27,8,CV for Fullstack/Frontend,TypeScript/Node.js/React stack. Berlin office.,Apply via Greenhouse with CV for Fullstack/Frontend,
,Frontend Engineer - Innovation Team,ETERNO,Berlin (Hybrid),https://careers.eterno.group/en/jobs/7815649-frontend-engineer-innovation-team,Developer,New,2026-06-27,7,CV for Fullstack/Frontend,React/TypeScript. HealthTech. AI-powered UX.,Apply via careers page with CV for Fullstack/Frontend,
,Full-Stack Engineer (TypeScript),Orcrist Technologies,Remote / Berlin,https://job-boards.eu.greenhouse.io/orcristtechnologies/jobs/4747053101,Developer,New,2026-06-27,8,CV for Fullstack/Frontend,TypeScript/Next.js/React/Node.js stack. Remote-first Germany.,Apply via Greenhouse with CV for Fullstack/Frontend,
,Fullstack Engineer II - Kraken Core,Kraken,Berlin/London/Paris,https://jobs.lever.co/kraken123,Developer,New,2026-06-26,6,CV for Fullstack/Frontend,"Berlin hybrid, fullstack TypeScript",Apply via Lever,
,Full Stack Software Engineer - Kotlin/React,Doctolib,Berlin,https://www.arbeitnow.com/jobs/companies/doctolib/full-stack-software-engineer-kotlin-react-berlin-130223,Developer,New,2026-06-26,5,CV for Fullstack/Frontend,"React frontend, Berlin, English-speaking",Apply via Arbeitnow/Doctolib careers,
,Frontend Engineer - Marketing focus,Ecosia,Berlin/Remote,https://jobs.ashbyhq.com/ecosia.org/3712de6a-dab8-45a6-b48f-41589157b63a,Developer,New,2026-06-26,7,CV for Fullstack/Frontend,"JavaScript/React, Berlin, climate-focused company",Apply via Ashby with frontend CV,
,Fullstack Engineer - Next.js & Python,Octopus Energy,Berlin,https://jobs.lever.co/octoenergy,Developer,New,2026-06-26,7,CV for Fullstack/Frontend,React/Next.js/Python stack matches experience,Apply via Lever with fullstack CV,
,Freelance Full-Stack Web App Developer,Mindrift,Remote,https://weworkremotely.com/remote-jobs/mindrift-freelance-full-stack-web-app-developer,Developer,New,2026-06-26,5,CV for Fullstack/Frontend,"React/Next.js/TypeScript, remote freelance",Apply via WeWorkRemotely,
,Full Stack Engineer - Innovation Team,InnoCraft,Remote Germany,https://jobs.lever.co/innocraft/3f938cb0-1453-47e8-93bd-882072b6da84,Developer,New,2026-06-26,6,CV for Fullstack/Frontend,"Remote Germany, fullstack role",Apply via Lever,
,Full-Stack Developer (Front-End Focused),RR Digital,Remote,https://remotive.com/remote/jobs/software-development/full-stack-developer-front-end-focused-4756695,Developer,New,2026-06-26,5,CV for Fullstack/Frontend,"React/TypeScript, remote, frontend-focused",Check Remotive listing for company details,
,Full-Stack JavaScript Engineer - POS+,POS+,Remote (Europe),https://weworkremotely.com/remote-jobs/pos-full-stack-javascript-engineer-remote-latam-or-europe,Developer,New,2026-06-25,7,CV for Fullstack/Frontend,"Node.js, React, TypeScript stack. Fully remote Europe.",Apply via WeWorkRemotely with fullstack CV.,
,Full Stack Developer - Small Improvements,Small Improvements,Berlin/Remote,https://remoteok.com/remote-jobs/110034-remote-full-stack-developer-small-improvements,Developer,New,2026-06-25,8,CV for Fullstack/Frontend,Berlin office or remote. Full-stack role. Great culture fit.,Apply via RemoteOK with fullstack CV.,
,Full-Stack Engineer - Altagram GmbH,Altagram GmbH,Berlin,https://remotive.com/remote/jobs/software-development/full-stack-engineer-4674948,Developer,New,2026-06-25,7,CV for Fullstack/Frontend,Full-stack position in Berlin. 3-5 years experience. No senior title.,Apply via Remotive with fullstack CV.,
,IT Support/System Administrator - Fogbyte,Fogbyte,Berlin,https://fogbyte.com/jobs/it-support-system-administrator,Sys Admin,New,2026-06-25,7,CV for Sys Admin,IT support + sysadmin hybrid. Berlin-based. Modern cloud tech.,Apply via Fogbyte website with sysadmin CV.,
,Full-Stack Engineer (Front-End Leaning),ElevenLabs,Remote Germany,https://jobs.ashbyhq.com/elevenlabs,Developer,New,2026-06-23,8,CV for Fullstack/Frontend,"Remote Germany, full-time, ElevenLabs is top AI company, full-stack frontend-heavy",Apply with CV highlighting fullstack TS/React and AI interest,
,Full-Stack Software Engineer TypeScript - AnyTax,AnyTax,Berlin / Remote,https://www.arbeitnow.com/jobs/companies/anytax/full-stack-software-engineer-typescript-berlin-169262,Developer,New,2026-06-22,7,CV for Fullstack/Frontend,"TypeScript, Nest.js/React/Next.js, fintech, Berlin hybrid/remote",Apply with CV highlighting TypeScript fullstack and fintech interest,
,Verkauf/Beratung Kletterladen - Mont K,Mont K,Berlin,http://mont-k.de/de/jobs-outdoor-fachgeschaeft-berlin,Bouldering Gyms,New,2026-06-22,7,CV for Bouldering Gyms,"Climbing shop sales/consulting, Berlin, climbing expertise valued",Apply to mailto:bewerbung@mont-k.de with CV highlighting climbing knowledge,
,Full-Stack Engineer TypeScript - Zabel,Zabel,Remote Germany / Berlin,https://www.zabelglobal.com/jobs/3613-full-stack-engineer-typescript,Developer,New,2026-06-22,8,CV for Fullstack/Frontend,"TypeScript, React/Next.js, Node.js, remote-first Germany, up to €130k",Apply with CV showcasing TypeScript fullstack expertise,
,IT-Support User Helpdesk - Actemium,Actemium Service GmbH,Berlin,https://www.stepstone.de/stellenangebote--IT-Support-User-Helpdesk-w-m-d-Berlin-Actemium-Service-GmbH--14113389-inline.html,Sys Admin,New,2026-06-22,7,CV for Sys Admin,"IT support/helpdesk, Berlin, full-time, home office, Windows/Office",Apply with CV highlighting IT support and customer service skills,
,IT-Mitarbeiter 1st-2nd-Level-Support - heinlewischer,heinlewischer,Berlin,https://karriere.unicum.de/job/it-mitarbeiter-1st-2nd-level-support-m-w-d-standort-berlin-0,Sys Admin,New,2026-06-22,7,CV for Sys Admin,"1st/2nd level support, Berlin, full-time, growth to sysadmin",Apply with CV highlighting IT support and customer service experience,
,Full-Stack Engineer Next.js - Matchspace,Matchspace (Music) AG,Remote CET +/- 3 hours,https://remotive.com/remote/jobs/software-development/full-stack-engineer-next-js-react-typescript-4651252,Developer,New,2026-06-22,7,CV for Fullstack/Frontend,"TypeScript, Next.js, React, Supabase, Postgres, remote CET",Apply highlighting Next.js/TypeScript and AI-assisted development,
,Junior IT Administrator,Eberlein Kunz,Berlin,https://en.devjobs.de/job/f533e6ed90110f2328ed35c4d083f992,Sys Admin,New,2026-06-21,7,CV for Sys Admin,"M365, Intune, Entra ID, network - junior friendly",Apply via http://devjobs.de with Sys Admin CV,
,Full-stack Developer,Cognee / Topoteretes,Berlin,https://www.arbeitnow.com/jobs/companies/topoteretes-ug-haftungsbeschrankt/full-stack-developer-berlin-488221,Developer,New,2026-06-21,7,CV for Fullstack/Frontend,"React, Python, FastAPI - AI startup, Kreuzberg office",Apply via arbeitnow with tailored CV,
,Full Stack Engineer (m/f/d),Flix,Berlin,https://www.arbeitnow.com/jobs/companies/flix/full-stack-engineer-berlin-455763,Developer,New,2026-06-21,7,CV for Fullstack/Frontend,"TypeScript, React, Java - travel benefits, hybrid model",Apply via arbeitnow with tailored CV,
,Product Engineer (Full-stack),Langdock,Berlin,https://www.arbeitnow.com/jobs/companies/langdock/product-engineer-full-stack-berlin-295619,Developer,New,2026-06-21,8,CV for Fullstack/Frontend,"Next.js, TypeScript, Node.js, PostgreSQL - AI product, €80-120k",Apply via arbeitnow with tailored CV,
,Fullstack Developer (m/f/d),Würth Cloud Services,Berlin (hybrid),https://join.com/companies/wuerth-cs/16088086-fullstack-developer-m-f-d,Developer,New,2026-06-21,8,CV for Fullstack/Frontend,"React, TypeScript, Python, AWS - matches fullstack profile",Apply via http://Join.com with tailored CV highlighting fullstack experience,
,Fullstack Engineer (m/f/d),Code Compass,Berlin/Remote EU,https://www.resumebuilder.careers/job/code-compass--fullstack-engineer-m-f-d,Developer,New,2026-06-21,7,CV for Fullstack/Frontend,"Node.js, TypeScript, React, PostgreSQL - EU remote, €60-100k",Apply via http://resumebuilder.careers with tailored CV,
,Full Stack Engineer,topi,Berlin/Remote (DE/UK/ES),https://skillexchange.xyz/job/full-stack-engineer/62462,Developer,New,2026-06-21,8,CV for Fullstack/Frontend,"React, TypeScript - remote-first, good culture fit",Apply via SkillExchange with tailored CV,
,Inhouse IT Administrator (d/f/m),Rulemapping Group,Berlin,https://www.arbeitnow.com/jobs/companies/rulemapping-group-gmbh/inhouse-it-administrator-berlin-250806,Sys Admin,New,2026-06-21,7,CV for Sys Admin,"IT admin, helpdesk - Berlin",Apply via arbeitnow with Sys Admin CV,
,Fullstack Software Engineer,air up,Germany (Remote),https://remotive.com/remote/jobs/software-development/fullstack-software-engineer-3860868,Developer,New,2026-06-20,8,CV for Fullstack/Frontend,React/Next.js/TypeScript stack matches core skills; remote in Germany; product-minded team; 5+ years exp required,Highlight Next.js and TypeScript experience; emphasize full-stack product engineering background,
,Fullstack Engineer - Next.js & Python,Octopus Energy Group,Berlin,https://www.arbeitnow.com/jobs/companies/octopus-energy-group/fullstack-engineer-nextjs-python-kundenportal-okosystem-warmepumpe-berlin-de-366562,Developer,New,2026-06-20,7,CV for Fullstack/Frontend,Next.js/React + Python FastAPI; Berlin; 60-75k€; 3-4 years experience,Lead with React/Next.js skills and willingness to work with Python backend,
,Full-stack Developer (Upskilling team),TripleTen (Nebius Academy),Berlin / Remote,https://www.arbeitnow.com/jobs/companies/tripleten/remote-full-stack-developer-upskilling-team-berlin-71220,Developer,New,2026-06-20,8,CV for Fullstack/Frontend,React + Python FastAPI; full remote; BI analytics platform; 3+ years React,Emphasize React expertise and full-stack web development experience,
,Fullstack Developer,Metanoia IT Solutions GmbH,Germany (Remote),https://remotive.com/remote/jobs/software-development/fullstack-developer-4140619,Developer,New,2026-06-20,8,CV for Fullstack/Frontend,React/Next.js/Node.js with AI features; 100% remote; only B2 German needed,Focus on full-stack React/Node.js experience and AI/LLM API integration work,
,Fullstack Engineer,Monpay,Berlin,https://www.arbeitnow.com/jobs/companies/monpay/fullstack-engineer-berlin-158556,Developer,New,2026-06-20,7,CV for Fullstack/Frontend,React/Next.js/TypeScript; Berlin; 100k€ salary; fintech experience a plus,Highlight full-stack TS/React skills and any fintech or payment experience,
,IT Systems Administrator - Microsoft & Identity Platform,bonify (Forteil GmbH),Berlin,https://de.indeed.com/viewjob?jk=bonify-berlin-001,Sys Admin,New,2026-06-20,5,CV for Sys Admin,Berlin fintech; Microsoft/identity focus; English-friendly; 5-7 years exp,Highlight system administration and Microsoft platform experience,
,Junior Fullstack / AI Developer,Joblift,Berlin,https://www.jobtarget.com/jobs/jt-0bipz4uoga/junior-fullstack-ai-developer-mwd-berlin-berlin,Developer,New,2026-06-20,6,CV for Fullstack/Frontend,Junior role; React/TypeScript + Java; uses AI tools; hybrid Berlin,Entry-level option; emphasize React/TS frontend skills and AI tool familiarity,
,IT Administrator - Linux Servers and Jira Cloud,SOFHA GmbH,Berlin,https://de.indeed.com/viewjob?jk=sofha-berlin-001,Sys Admin,New,2026-06-20,5,CV for Sys Admin,Berlin; Linux server admin + Jira cloud; English possible,Focus on Linux administration and Jira experience,
,Full-Stack Engineer - Next.js & AI Systems,Lucid Labs,Berlin / EU (Remote),https://www.arbeitnow.com/jobs/companies/lucid-labs/full-stack-engineer-nextjs-ai-systems-berlin-426888,Developer,New,2026-06-20,7,CV for Fullstack/Frontend,Next.js + AI agents; remote EU; freelance/permanent; 20h+/week start,Highlight Next.js and any AI/agent experience; flexible hours a plus,
,Applied AI Engineer,Limetax,Berlin,https://jobs.ashbyhq.com/limetax/337989a9-e743-4215-b743-9aa43528fd03,Developer,New,2026-06-20,7,CV for Fullstack/Frontend,TypeScript-first stack; Berlin HQ; AI/automation focus; Python welcome,Emphasize TypeScript expertise and AI/automation interest,
,Junior/Mid-Level Fullstack Developer,dsb Deutsche Sanierungsberatung GmbH,Berlin (On-site),https://www.absolventa.de/stellenangebote/12294391-b-junior-mid-level-fullstack-developer-m-w-d,Developer,New,2026-06-20,6,CV for Fullstack/Frontend,TypeScript/React/Nest.js/PostgreSQL; Berlin office; junior/mid level open,Good entry point - highlight TS skills and any Nest.js experience,
,Bartender,Restaurant M64,Berlin,https://restaurantm64.softgarden.io/job/55917937,Bar / Hospitality,New,2026-06-20,6,CV for Hospitality/Restaurant/Bar/Cafe,Berlin; English-speaking; bar experience preferred; competitive salary + tips,Highlight bartending/service experience and English fluency,
,Junior IT-Support & Systemadministrator,Netstack GmbH,Berlin,https://de.indeed.com/viewjob?jk=netstack-berlin-001,Sys Admin,New,2026-06-20,6,CV for Sys Admin,Junior role; M365/Windows admin; Berlin; ab 38k€; 12-person team,Good entry point - highlight IT support and M365 admin skills,
,Frontend Web Developer React/TypeScript,Zensors,Remote,https://weworkremotely.com/remote-jobs/zensors-frontend-web-developer-react-typescript-remote,Developer,New,2026-06-18,7,CV for Fullstack/Frontend,Remote. React/TypeScript. AI-powered video analytics. Full-time.,Apply via WeWorkRemotely with Frontend CV,
,IT-Systemtechniker Netzwerke & IT-Support,Elektro-EU.DS GmbH,Berlin,https://www.arbeitnow.com/jobs/it,Sys Admin,New,2026-06-18,6,CV for Sys Admin,Berlin. IT support & networking. German B1 probably required.,Apply via Arbeitnow with Sys Admin CV,
,Barkeeper / Bartender,Berlin Hospitality Group,Berlin,https://www.hotelcareer.com/jobs/bar-counter-berlin,Bar / Hospitality,New,2026-06-18,6,CV for Hospitality/Restaurant/Bar/Cafe,Berlin hospitality group. Full-time bar role. English-speaking environment.,Apply via HotelCareer with Hospitality CV,
,Design Engineer,Langdock,Berlin,https://jobs.ashbyhq.com/langdock/b443b7ae-975e-42da-b515-58fcf9870839,Developer,New,2026-06-18,8,CV for Fullstack/Frontend,"React/Next.js/Tailwind, full-stack familiarity. B2B SaaS. Berlin office. Full-time. English OK.",Apply via Ashby with Fullstack/Frontend CV highlighting React/Next.js experience,
,Community Software Engineer,n8n,Remote Europe,https://jobs.ashbyhq.com/n8n/dd8e10d7-81ce-4b03-8ce3-f32c3423f33e,Developer,New,2026-06-18,7,CV for Fullstack/Frontend,"Remote in Europe, open-source workflow platform. TypeScript/Node.js. English-speaking. Can sponsor visa to Germany.",Apply via Ashby with Fullstack CV. Highlight open-source experience.,
,Product Engineer,Langdock,Berlin,https://jobs.ashbyhq.com/langdock/ba8e2d17-818f-4ffb-b5ee-05d97b59a596,Developer,New,2026-06-18,8,CV for Fullstack/Frontend,"TypeScript/React/Node, 3-6 years full-stack. AI-assisted dev. Berlin office. English working language.",Apply via Ashby with Fullstack/Frontend CV highlighting TypeScript/React/Node,
,Frontend Engineer,HASH,Berlin,https://builtin.com/jobs/eu/germany/berlin/dev-engineering/search/front-end,Developer,New,2026-06-18,7,CV for Fullstack/Frontend,React/TypeScript frontend. Berlin in-office. Full-time. No seniority required.,Apply via Built In with Frontend CV,
,Junior IT Systemadministrator (m/w/d),Berlin Tech Company,Berlin,https://de.indeed.com/viewjob?jk=b18b2c068d3c8976,Sys Admin,New,2026-06-17,7,CV for Sys Admin,Junior IT sysadmin role. English proficiency OK. Berlin. Good entry-level opportunity.,Apply via Indeed with tailored CV highlighting IT support experience,
,Fullstack Engineer,Eye Security,Berlin,https://www.welcometothejungle.com/en/companies/eye-security/jobs/fullstack-engineer_berlin_ohbkzwt2,Developer,New,2026-06-17,8,CV for Fullstack/Frontend,React/TypeScript frontend with Go backend. Cybersecurity/insurtech. Berlin hybrid. Strong stack match.,Apply via Welcome to the Jungle with tailored CV highlighting React/TypeScript expertise,
,IT System Administrator (m/f/d),Rapid Data GmbH,Berlin,https://www.stepstone.de/stellenangebote--IT-System-Administrator-m-f-d-Berlin-Hybrid-Rapid-Data-GmbH-Unternehmensberatung--13887374-inline.html,Sys Admin,New,2026-06-17,7,CV for Sys Admin,IT system admin with English working proficiency. Berlin hybrid. Growing company.,Apply via StepStone with tailored CV highlighting sysadmin experience,
,Bartender,InterContinental Berlin,Berlin,https://www.hotelcareer.com/jobs/intercontinental-berlin-139/bartender-3997925,Bar / Hospitality,New,2026-06-16,7,CV for Hospitality/Restaurant/Bar/Cafe,"Bartender role at upscale Berlin hotel, full-time position",Apply via Hotelcareer with tailored CV,
,Barkeeper (m/w/d) fuer House of Gin und Lobby Lounge,Hotel Palace Berlin,Berlin,https://www.hotelcareer.com/jobs/barkeeper-berlin,Bar / Hospitality,New,2026-06-16,8,CV for Hospitality/Restaurant/Bar/Cafe,"Barkeeper at premium Berlin hotel bar. Full-time, creative cocktail bar.","Apply via Hotelcareer, highlight cocktail knowledge and bar experience",
,Junior Product Engineer (Full Stack),Koppla,Berlin,https://www.welcometothejungle.com/en/companies/koppla/jobs/junior-product-engineer_berlin_qlvvt7s5,Developer,New,2026-06-16,7,CV for Fullstack/Frontend,"Junior full-stack role, 55K-65K, TypeScript/Vue.js/PostgreSQL. Berlin hybrid.","Apply via Welcome to the Jungle, highlight full-stack project experience",
,Product Engineer (m/w/d),Trust In SODA,Berlin,https://englishjobs.de/jobs/react,Developer,New,2026-06-16,8,CV for Fullstack/Frontend,"TypeScript, React, Node.js full-stack product engineering at Berlin tech company",Apply via http://englishjobs.de with CV highlighting product engineering experience,
,Barkeeper (m/w/d) für unser India Club Restaurant,China Club Berlin,Berlin,https://www.stepstone.de/stellenangebote--Barkeeper-m-w-d-fuer-unser-India-Club-Restaurant-Berlin-China-Club-Berlin--11752918-inline.html,Bar / Hospitality,New,2026-06-15,7,CV for Hospitality/Restaurant/Bar/Cafe,Barkeeper role at renowned Berlin venue. India Club Restaurant.,Apply via StepStone with tailored CV highlighting bar experience.,
,Barkeeper (m/w/d),Restaurant Le Beirut,Berlin,https://www.stepstone.de/stellenangebote--Barkeeper-m-w-d-Berlin-Restaurant-Le-Beirut--13998147-inline.html,Bar / Hospitality,New,2026-06-15,7,CV for Hospitality/Restaurant/Bar/Cafe,Barkeeper role at Berlin restaurant. Berlin Mitte location.,Apply via StepStone with tailored CV highlighting hospitality experience.,
,Trainer/in (m/w/d),Urban Apes Bright Site,Berlin,https://www.urbanapes.de/brightsite/quick-overview,Bouldering Gyms,New,2026-06-15,6,CV for Bouldering Gyms,Boulder trainer role at Berlin bouldering gym. Starting July 2026.,Email application to Urban Apes. Highlight bouldering and coaching experience.,
,Full-Stack Engineer,LiveEO GmbH,Berlin,https://www.welcometothejungle.com/en/companies/liveeo/jobs/full-stack-engineer_berlin_drqinn7c,Developer,New,2026-06-15,7,CV for Fullstack/Frontend,Full-stack role at Berlin-based geospatial analytics startup. TypeScript/React/Node.js.,Apply via Welcome to the Jungle with tailored CV.,
,Commis de Bar / Bar Back (m/w/d),TITANIC Gendarmenmarkt Berlin,Berlin,https://www.stepstone.de/stellenangebote--Commis-de-Bar-Bar-Back-m-w-d-Berlin-TITANIC-Gendarmenmarkt-Berlin--13812341-inline.html,Bar / Hospitality,New,2026-06-15,7,CV for Hospitality/Restaurant/Bar/Cafe,Commis de Bar role at upscale hotel. Bar support position. Berlin Gendarmenmarkt.,Apply via StepStone with tailored CV highlighting bar support experience.,
,Full Stack Engineer (NestJS/React/AWS),idealo,Berlin,https://www.arbeitnow.com,Developer,New,2026-06-14,8,CV for Fullstack/Frontend,React + TypeScript + AWS matches core stack. idealo is a major Berlin tech company.,Apply via idealo careers page with tailored CV highlighting NestJS and React experience.,
,Backend Engineer - POS,SumUp,Berlin,https://www.arbeitnow.com/jobs/backend,Developer,New,2026-06-14,7,CV for Fullstack/Frontend,SumUp is a solid Berlin fintech. Backend role with modern stack.,Apply on SumUp's Greenhouse portal.,
,Servicemitarbeiter (m/w/d) im a la carte Restaurant,Grand Hyatt Berlin,Berlin,https://www.hotelcareer.com/jobs/events-banquets-berlin,Bar / Hospitality,New,2026-06-14,6,CV for Hospitality/Restaurant/Bar/Cafe,Upscale hotel service role in Berlin. English B2 required.,Apply via Hotelcareer.,
,Full Stack Engineer,WunderGraph,EMEA Remote,https://wundergraph.com/jobs/full-stack-developer,Developer,New,2026-06-14,9,CV for Fullstack/Frontend,"TypeScript, React, Next.js, Go. Fully remote EMEA. Open-source product. Perfect stack match.",Apply on WunderGraph careers. Highlight open-source contributions and TypeScript/React expertise.,
,Full-Stack Engineer TypeScript/Next.js,CLARK,Berlin,https://careers.portageinvest.com/companies/clark/jobs/60932242,Developer,New,2026-06-13,8,CV for Fullstack/Frontend,"TypeScript/Next.js stack, insurtech, Berlin-based",Apply via Portage careers page with fullstack CV,
,Full Stack Developer - AI Team,think-cell,Berlin,https://englishjobs.de/jobs/full_stack,Developer,New,2026-06-13,8,CV for Fullstack/Frontend,"TypeScript full-stack role at Berlin software company, AI team, good stack match",Apply via http://englishjobs.de with fullstack CV and cover letter highlighting TS/React experience,
,Fullstack Engineer (Financing),Autarcenergy,Berlin,https://www.arbeitnow.com/jobs/javascript,Developer,New,2026-06-12,7,CV for Fullstack/Frontend,"React, Node.js, TypeScript, PostgreSQL stack; fintech/product role",Apply via arbeitnow; highlight full-stack TypeScript experience,
,IT System Administrator,Spark Networks,Berlin,https://relocate.me/germany/berlin/spark-networks/it-system-administrator-6269,Sys Admin,New,2026-06-12,7,CV for Sys Admin,"First-level IT support, Microsoft infra, Berlin-based; good entry point",Apply via http://Relocate.me; highlight Microsoft infrastructure and support experience,
,Fullstack Developer (Frontend Focus - TypeScript/React),Zipdev,Remote,https://remotive.com/remote/jobs/software-development/fullstack-developer-frontend-focus-typescript-react-4171518,Developer,New,2026-06-12,6,CV for Fullstack/Frontend,Worldwide remote; TypeScript/React frontend focus; http://ASP.NET backend,Apply via Remotive; highlight frontend focus and willingness to work with .NET,
,Bartender (m/w/d),Wilmina GmbH,Berlin,https://www.stepstone.de/stellenangebote--Bartender-m-w-d-Berlin-Wilmina-GmbH--13436453-inline.html,Bar / Hospitality,New,2026-06-12,7,CV for Hospitality/Restaurant/Bar/Cafe,Upscale hotel bar; Berlin Charlottenburg; good working environment,Apply via StepStone; highlight fine dining/bartending experience,
,Barkeeper / Bartender (m/w/d),Knutschfleck Berlin,Berlin,https://www.stepstone.de/stellenangebote--Knutschfleck-Berlin-sucht-dich-Barkeeper-Bartender-m-w-d-fuer-eine-der-buntesten-Bars-der-Stadt-Berlin-Deutschland-Knutschfleck-Berlin--13653261-inline.html,Bar / Hospitality,New,2026-06-12,8,CV for Hospitality/Restaurant/Bar/Cafe,Creative cocktail bar; Berlin Kreuzberg; full/part-time; no German required,Apply via StepStone; highlight bar experience and cocktail skills,
,Full Stack Software Engineer,Yendou,Berlin,https://thejobbrowser.com/berlin/typescript-jobs,Developer,New,2026-06-12,8,CV for Fullstack/Frontend,"TypeScript, React, Next.js, PostgreSQL; AI-driven drug development startup",Apply via TheJobBrowser; highlight Next.js and full-stack experience,
,Bar- und Servicemitarbeiter:in (m/w/d),Besondere Orte / Französischer Dom,Berlin-Gendarmenmarkt,https://www.jobijoba.de/detailanzeige/9/ea5e985b06cb71ac747df46a0ada939a,Bar / Hospitality,New,2026-06-11,7,CV for Hospitality/Restaurant/Bar/Cafe,"Bar and service role at Gendarmenmarkt. Good benefits, over 25 years established. Sabbatical option, job ticket.","Apply via the portal, highlight bar and service experience.",
,Bartender (M/W) - NEW OPENING BERLIN,Big Mamma Group,Berlin,https://jobtoday.com/de/job/bartender-m-w-new-opening-berlin-agayXn,Bar / Hospitality,New,2026-06-11,8,CV for Hospitality/Restaurant/Bar/Cafe,"Permanent full-time bartender role. English OK, German not required. Competitive salary + tips. New restaurant opening.","Apply via JobToday, highlight cocktail knowledge and fast-paced experience.",
,Bar- und Servicemitarbeiter (w/m/d),VAPIANO Berlin Europaplatz,Berlin-Europaplatz,https://vapiano.jobs.personio.de/job/608780?language=de,Bar / Hospitality,New,2026-06-11,7,CV for Hospitality/Restaurant/Bar/Cafe,Full-time or part-time bar/service role. Italian restaurant chain. Deutsch B2 required. Flexible shifts.,"Apply via Personio, highlight hospitality experience.",
,Barkeeper m/w/d - Vollzeit,PerZukunft / Gasthof Berlin-Mitte,Berlin-Mitte,https://www.perzukunft.de/job/barkeeper-m-w-d-gaststatte-bonuszahlungen-vz-tz-1201610004411408,Bar / Hospitality,New,2026-06-11,6,CV for Hospitality/Restaurant/Bar/Cafe,Full-time barkeeper role in Berlin-Mitte. Permanent position.,"Apply via PerZukunft, call Frau Schneider at +49 30 2200870.",
,Barkeeper (d/w/m) - 38h week,NYX Hotel Berlin Köpenick by Leonardo Hotels,Berlin-Köpenick,https://jobs.leonardo-hotels.com/stellenangebote/Barkeeper-d-w-m-NYX-Hotel-Berlin-Koepenick-by-Leonardo-Hotels--446800933,Bar / Hospitality,New,2026-06-11,7,CV for Hospitality/Restaurant/Bar/Cafe,"38h/week full-time hotel bartender role with 30 days vacation, benefits. Berlin location.",Apply via Leonardo Hotels careers page.,
,Backend Engineer - Acquire,N26,Berlin,https://n26.com/en-eu/careers/positions/7742395?gh_jid=7742395,Developer,New,2026-06-11,9,CV for Fullstack/Frontend,"Spring Boot and JVM experience, microservice architecture. Berlin hybrid role.","Apply directly via N26 careers page, highlight Spring Boot and AWS cloud architecture expertise.",
,"Software Engineer, Accounts",Vercel,"Berlin, Berlin, Germany (Hybrid)",https://outscal.com/job/software-engineer-accounts-at-vercel-in-berlin-berlin-germany-1,Developer,New,2026-06-11,9,CV for Fullstack/Frontend,"IAM and access management, TypeScript, Node.js, AWS. Berlin hybrid role.","Apply via Outscal, emphasize account lifecycle and AWS infrastructure expertise.",
,Full Stack Engineer,SumUp,"Berlin, Germany",https://www.sumup.com/careers/positions/berlin-germany/engineering/full-stack-engineer-/8529485002/,Developer,New,2026-06-11,7,CV for Fullstack/Frontend,"Full stack engineering, checkout/purchase flows. Berlin-based fintech company.","Apply via SumUp careers page, highlight commerce platform and checkout experience.",
,Backend Engineer - AI Developer Platform,N26,"Germany, Berlin",https://www.crawljobs.com/o/backend-engineer-ai-developer-platform/e030315f97580f8,Developer,New,2026-06-11,9,CV for Fullstack/Frontend,"AI platform development, Kotlin/Go/Python/TypeScript. Berlin-based AI infrastructure.","Apply via Crawljobs, highlight AI platform and LLM integration experience.",
,Full Stack Engineer - Billings & Subscriptions,SumUp,"Berlin, Germany",https://www.sumup.com/careers/positions/berlin-germany/engineering/full-stack-engineer-billings-subscriptions/8529496002/,Developer,New,2026-06-11,8,CV for Fullstack/Frontend,"Full stack with Node.js/Go, React/Next.js, PostgreSQL. Berlin fintech role.","Apply directly via SumUp, emphasize fintech billing systems and full stack expertise.",
,Backend Engineer,HelloFresh,"Berlin, Germany",https://simplify.jobs/p/0ba95cc5-e3a4-4863-ba25-f458939b2c27/Backend-Engineer,Developer,New,2026-06-11,7,CV for Fullstack/Frontend,Backend engineering with Go/Java experience. Berlin-based role with hybrid work model.,"Apply via Simplify Jobs platform, emphasize distributed systems and microservices architecture.",
,IT-Systemadministrator*in (w/m/d),Max-Planck-Gesellschaft,"Berlin-Dahlem, Germany",https://www.mpg.de/26479447/it-systemadministrator,Sys Admin,New,2026-06-01,7,CV for Sys Admin,IT System Administrator role with Linux focus matches sysadmin track,,
,Full-Stack Product Engineer,clera,"Berlin, Germany (on-site)",https://jaabz.com/jobs/219411-full-stack-product-engineer,Developer,New,2026-06-01,8,CV for Fullstack/Frontend,"Requires Next.js, TypeScript, Node.js which matches developer track skills",,
,Junior Linux Systemadministrator (m/w/d),ssystems,"Berlin (Prenzlauer Berg), Germany",https://www.jobijoba.de/detailanzeige/9/1ec2dec09d54ae5198b1dc2042079269,Sys Admin,New,2026-05-08,6,CV for Sys Admin,Junior Linux/DevOps. Berlin. University IT projects. Linux/Python/Salt/Ansible/Docker. German required (C1).,Apply with Sys Admin CV. Highlight Berlin location and junior-level sysadmin skills. Note: German required (C1 level).,
,Barkeeper / Barmitarbeiter (m/w/d),Café am Neuen See,"Berlin, Germany",https://www.cafeamneuensee.de/barkeeper-barmitarbeiter-mwd-teil-und-vollzeit,Bar / Hospitality,New,2026-05-08,7,CV for Hospitality/Restaurant/Bar/Cafe,Bartender role. Berlin's beautiful traditional restaurant with beer garden. Part-time and full-time. English+German.,"Apply with hospitality CV. Note cocktail experience, team player mindset, and passion for hospitality.",
,Open Application (Initiativbewerbung),Berta Block,"Berlin, Germany",https://www.bertablock.de/jobs,Bouldering Gyms,New,2026-05-08,4,CV for Bouldering Gyms,Berta Block Berlin. No current openings but open applications welcome. Send to mailto:bewerbung@bertablock.de.,Apply with hospitality CV. Send open application to mailto:bewerbung@bertablock.de. Highlight passion for climbing and service.,
,Backend PHP Developer,Local Brand X GmbH,Remote Germany,https://remotive.com/remote/jobs/software-development/backend-php-developer-3652354,Developer,New,2026-04-18,6,CV for Fullstack/Frontend,Remote Germany. Marketing management SaaS. Contract role - may need to clarify full-time potential.,Apply via website - emphasize fullstack PHP experience,
,Junior IT Support Engineer (m/f/d),ICE,"Berlin, Germany (Hybrid)",https://de.indeed.com/viewjob?jk=5c93f3d9e7e28a1c,Sys Admin,New,2026-05-08,8,CV for Sys Admin,Junior IT Support role in Berlin. 1st/2nd line support. Growth path to cloud/infrastructure. Perfect entry point.,"Apply with Sys Admin CV. Emphasize Linux/DevOps skills, Berlin location match, and junior-level fit. Growth path into cloud/infrastructure.",
,Junior System Administrator (f/m/d),Make IT fix,"Berlin, Germany",https://makeitfix.jobs.personio.de/job/2107835?language=de,Sys Admin,New,2026-05-08,7,CV for Sys Admin,Junior System Administrator. Berlin-based MSP. German+English required (not C1). Good entry point for IT career.,"Apply with Sys Admin CV. Highlight Linux admin skills, Berlin location, and junior-level experience. Note no German requirement.",
,Bartender (m/w/d),Restaurant heimlichTreu,"Berlin, Germany",https://talents.studysmarter.de/companies/restaurant-heimlichtreu/bartender-m-w-d-2208821/,Bar / Hospitality,New,2026-05-08,7,CV for Hospitality/Restaurant/Bar/Cafe,"Bartender at stylish Berlin restaurant with international flair. Full-time. Good tips, free drinks, daily team meals.","Apply with hospitality CV. Emphasize cocktail-making passion, team experience, and Berlin location.",
,"Full Stack Developer (TypeScript, React, Ionic) (m/w/d)",BTC-ECHO,"Remote (Berlin, Kleve, Köln)",https://jobs.instaffo.com/full-stack-developer-typescript-react-ionic-m-w-d-100-remote-berlin-kleve-65b93bcb6fe7,Developer,New,2026-05-08,6,CV for Fullstack/Frontend,Full Stack Developer. 100% remote allowed. TypeScript/React/Ionic. Berlin + Kleve + Köln. Crypto/blockchain media platform.,"Apply with fullstack CV. Highlight React/TypeScript/Ionic experience, CMS/API integration skills, and BTC-ECHO crypto media platform.",
,Junior Frontend Web Developer,JustWatch,"Berlin, Germany",https://jobs.lever.co/justwatch/6b3413b7-fa99-4a3a-8f1d-cef8135cc8ad/apply,Developer,New,2026-05-08,8,CV for Fullstack/Frontend,"Junior level React developer in Berlin. Tech stack matches skills (React, TypeScript). Streaming industry relevant.",Apply with fullstack CV. Highlight JustWatch streaming tech experience and TypeScript/React skills. Note Berlin location match.,
,Junior Software Engineer TypeScript (m/f/d),1Komma5°,Remote Germany (Berlin/Munich/Hamburg office),https://www.climatetechlist.com/job/1komma5%C2%B0-junior-software-engineer-typescript-m-f-d-qPWYX72IpLiYZe,Developer,New,2026-05-08,7,CV for Fullstack/Frontend,Junior Software Engineer - TypeScript role. Germany-wide remote with Berlin/Munich/Hamburg offices. Climate tech mission fits values.,"Apply with fullstack CV. Emphasize climate tech mission, German residency, and TypeScript/Python skills. Note Junior level match.",
,Software Engineer - Fullstack Junior to Mid Level (m/f/d),Reonic,"Berlin (in-office), Germany",https://jobs.startup-insider.com/companies/reonic/jobs/software-engineer---fullstack-junior-to-mid-level-mfd,Developer,New,2026-05-08,8,CV for Fullstack/Frontend,"Junior-to-mid level fullstack. Berlin office, React/TypeScript/Node.js stack matches perfectly. Renewable energy B2B SaaS.",Apply with fullstack CV. Highlight climate/energy mission alignment and TypeScript/React/Node.js skills.,
,Full-Stack Developer/in TypeScript (m/w/d),claimini,Remote Germany,https://www.remotely.de/job/claimini-full-stack-developerin-typescript-mwd,Developer,New,2026-05-08,7,CV for Fullstack/Frontend,"Full-stack TypeScript developer. Remote/hybrid. Modern stack (React, TanStack, Fastify, Postgres). Junior-friendly - 2-3 years can apply.","Apply with fullstack CV. Highlight fullstack TypeScript experience, modern React/Next.js skills, and startup environment fit. Note Junior level match.",
,Fullstack Developer (m/w/d),Terra One,"Berlin (Hybrid), Germany",https://terra-one.factorialhr.de/job_posting/fullstack-developer-m-w-d-225629,Developer,New,2026-05-08,7,CV for Fullstack/Frontend,Fullstack Developer. Hybrid Berlin. Node.js/TypeScript + React stack. Energy transition startup - mission alignment.,"Apply with fullstack CV. Highlight React/TypeScript skills, node.js experience, and B2B SaaS context. Berlin office + hybrid works.",
,Fullstack Developer (m/f/d),Elara Digital,"Berlin, Germany (Remote possible)",https://www.opentoworkremote.com/view/1436794,Developer,New,2026-05-08,8,CV for Fullstack/Frontend,Fullstack Developer role. Berlin preferred with remote option. TypeScript/React/Node.js matches. 3-5 years - fits mid-range. B2B SaaS.,"Apply with fullstack CV. Highlight B2B SaaS product experience, TypeScript/React/Node.js stack, and Berlin location preference.",
,Fullstack Software Engineer (TypeScript),AnyTax,Berlin,https://arbeitnow.com/jobs/companies/anytax/fullstack-software-engineer-typescript-berlin-154629,Developer,New,2026-04-25,7,CV for Fullstack/Frontend,"TypeScript fullstack, hybrid work, Berlin office",,
,Frontend Webdeveloper (m/w/d),PDF24,Berlin,https://jobs.pdf24.org/front-end-dev,Developer,New,2026-04-25,7,CV for Fullstack/Frontend,"React, central Berlin office",,
,System Administrator IT Support – 1st & 2nd Level Support,Hypoport,Berlin,https://www.adzuna.de/details/5404879362,Sys Admin,New,2026-04-25,8,CV for Sys Admin,"Full-time IT support, Service Desk",,
,System Administrator (m/w/d) mit Entwicklungspotenzial,SysEleven,Berlin,https://syseleven.jobs.personio.de/job/2062559,Sys Admin,New,2026-04-25,8,CV for Sys Admin,"Growth potential, engineering exposure",,
,Full-Stack Software Engineer (Next.js / React / TypeScript),Natuvion,Berlin,https://natuvion.recruitee.com/o/full-stack-software-engineer-nextjs-react-typescript-product-development,Developer,New,2026-04-25,8,CV for Fullstack/Frontend,"Modern TS stack, remote-friendly, product development",,
,IT-Administrator/in Service-Desk / First-Level-Support,Redeker Sellner Dahs,Berlin,https://www.redeker.de/de/offene-stellen/it-administratorin-service-desk-first-level-support-berlin,Sys Admin,New,2026-04-25,7,CV for Sys Admin,"39h, legal position",,
,Servicekraft (m/w/d),Cliffhanger-Berlin,Berlin,https://www.cliffhanger-berlin.de/stellenangebote/,Bouldering Gyms,New,2026-04-25,6,CV for Bouldering Gyms,"28-35h, boulderer required",,
,Bartender,Frost Bistro & Bar,Berlin,https://frostbistro.com/jobs/bartender/,Bar / Hospitality,New,2026-04-25,7,CV for Hospitality/Restaurant/Bar/Cafe,"Full/part time, cocktails",,
,Team member Vollzeit 36h,http://Klettermax.Berlin,Berlin,https://klettermax.berlin/jobs,Bouldering Gyms,New,2026-04-25,7,CV for Bouldering Gyms,"Full-time, bouldering context",,
,Barkeeper (m/w/div/kA),Hotel Telegraphenamt,Berlin,https://www.gastrojobs.de/jobs/telegraphenamt-118320/barkeeper-m-w-div-ka-3898163,Bar / Hospitality,New,2026-04-18,6,CV for Hospitality/Restaurant/Bar/Cafe,Historic hotel near Museum Island. 5-star environment. Good for building bar career.,Apply via gastrojobs - emphasize bar experience and guest relations,
,Software Developer Customer Solutions,Scheer IMC,Remote Germany,https://remotive.com/remote/jobs/software-development/software-developer-customer-solutions-4194590,Developer,New,2026-04-18,7,CV for Fullstack/Frontend,Full-time remote in Germany. LMS customization work. Good for front-end focus with backend growth.,"Apply via website - emphasize TypeScript, React, Node.js stack",
,Frontend Engineer @ Deepslate,Deepslate,Berlin/Remote,https://jobs.ashbyhq.com/deepslate/0cfff25a-3a92-4db7-8f76-8f28cce1c4e0,Developer,New,2026-04-16,9,CV for Fullstack/Frontend,Build face of Speech-to-Speech Voice AI. TypeScript/React. Own the stack. Berlin/Remote.,Apply via Ashby - emphasize React/TypeScript and Voice AI interest,
,Fullstack Engineer @ Contentful,Contentful,Berlin/Remote,https://job-boards.greenhouse.io/contentful/jobs/7557586,Developer,New,2026-04-16,8,CV for Fullstack/Frontend,Full stack with Automations/Workflows. Leading composable CMS platform.,Apply via Greenhouse - emphasize scalable app experience,
,Frontend Engineer @ Almedia,Almedia,Berlin,https://jobs.ashbyhq.com/almedia/f6dd7956-c3fa-4044-a94f-f75b24d85f63,Developer,New,2026-04-16,7,CV for Fullstack/Frontend,Full-stack web dev in Berlin. €80K-190K + equity.,Apply via Ashby,
,Fullstack Engineer @ Reonic,Reonic,Berlin,https://jobs.ashbyhq.com/reonic/35432c0c-036d-4ae7-a550-91d1832981cd,Developer,New,2026-04-16,8,CV for Fullstack/Frontend,B2B SaaS for energy invoicing. Full-time on-site Berlin. React focus.,Apply via Ashby - highlight React and B2B SaaS experience,
,Software Engineer @ telli,telli,Berlin,https://jobs.ashbyhq.com/telli/cd0e72a4-6568-4559-b44e-2829e4eaceb2,Developer,New,2026-04-16,8,CV for Fullstack/Frontend,Building consumer-facing AI voice agents. Stack includes frontend + voice AI infrastructure. High-ownership role. €75K-160K + equity.,Apply directly via Ashby - highlight fullstack JS experience and ownership mindset,
,Full Stack Engineer @ Tilla,Tilla,Berlin Hybrid,https://jobs.ashbyhq.com/tilla/3b77cef9-94a5-424d-8098-13154c23af1c,Developer,New,2026-04-16,8,CV for Fullstack/Frontend,React/Next.js/TypeScript + NestJS/GraphQL - modern stack. Hybrid Berlin.,Apply via Ashby,
,Server,Frost Bistro & Bar,Berlin,https://frostbistro.com/jobs/server/,Bar / Hospitality,New,2026-04-14,6,CV for Hospitality/Restaurant/Bar/Cafe,"Bistro & Bar in Berlin Mitte, full-time/part-time, focus on memorable hospitable experience.",Apply with Hospitality CV,
,Barkeeper / Bartender (m/w/d),Pirates Berlin,Berlin,https://www.jobijoba.de/detailanzeige/9/5428cb1c72f1048f87f84feba429b53f,Bar / Hospitality,New,2026-04-14,6,CV for Hospitality/Restaurant/Bar/Cafe,"Club-Restaurant on Spree river, full-time, permanent contract, fair pay, flexible scheduling.",Apply with Hospitality CV,
,Klettertrainer*in (freiberuflich),Kletter-Werkstatt,Berlin,https://kletter-werkstatt.de/jobs/,Bouldering Gyms,New,2026-04-14,8,CV for Bouldering Gyms,"Freelance position in München und Berlin, requires solid 7a climbing level, training plan creation experience.",Apply with Bouldering Gyms CV,
,IT Administrator/Supporter (w/m/d),ASPEO GmbH,Berlin,https://www.aspeo.de/job_systemadmin.html,Sys Admin,New,2026-04-14,5,CV for Sys Admin,"Small dev team in Berlin, mixed Windows/Linux environment, good for learning diverse sysadmin skills.",Apply with Sys Admin CV,
,Full-Stack Software Engineer (TypeScript),AnyTax,Berlin (hybrid),https://join.com/companies/anytax/15873341-full-stack-software-engineer-typescript,Developer,New,2026-04-14,7,CV for Fullstack/Frontend,"Early-stage startup with low hierarchies, tech stack matches: TypeScript, React, Next.js, Nest.js, PostgreSQL. Remote-friendly with Berlin office.","Apply with Fullstack/Frontend CV, highlight TypeScript and React experience",
,Junior Frontend Developer - React (m/f/x),Apryl GmbH (Progyny Global),Berlin,https://www.stepstone.de/stellenangebote--Junior-Frontend-Developer-React-m-f-x-Berlin-Apryl-GmbH--13790453-inline.html,Developer,New,2026-04-01,85,CV for Fullstack/Frontend,"Junior-level frontend role, React stack, English-friendly company (international health tech), full-time (Vollzeit), Berlin location with homeoffice option",Apply via StepStone. Highlight React projects and motivation for health tech.,
,Junior Frontend Developer - React (m/f/x),Progyny Global,"Berlin, Germany (hybrid)",https://www.arbeitnow.com/jobs/companies/progyny-global/junior-frontend-developer-react-berlin-393881,Developer,Applied,2026-03-18,8,CV for Fullstack/Frontend,"Junior level, English-speaking company, React stack, Berlin hybrid, €55-60k salary range. Good fit for React/TypeScript skills.",,
,(Junior) Fullstack Software Developer (w/m/d),Westernacher Solutions,Berlin (Hybrid),https://westernachersolutions.applytojob.com/apply/aVVlFWmQxU/Junior-Fullstack-Software-Developer-wmd,Developer,Declined,2026-03-15,85,CV for Fullstack/Frontend,Junior fullstack role in Berlin with React/TypeScript stack alignment; hybrid work option; good entry point for developer career with training potential.,"Use CV for Fullstack/Frontend, highlight React/TypeScript projects, emphasize Berlin location and learning mindset.",
,Junior/Mid-Level Frontend Developer,Justwatch,"Berlin, Germany",https://www.arbeitnow.com/jobs/companies/justwatch/junior-mid-level-frontend-developer-berlin-254903,Developer,Declined,2026-03-13,80,CV for Fullstack/Frontend,"Junior-mid level frontend role, React/JavaScript stack, English-friendly, Berlin location, full-time (32-40h)",Apply via Arbeitnow. Highlight frontend projects and JavaScript experience.,
,Junior IT Operations Engineer,ai-coustics,Berlin,https://www.arbeitnow.com/jobs/companies/ai-coustics/junior-it-operations-engineer-berlin-43636,Sys Admin,Declined,2026-03-12,80,CV for Sys Admin,"Junior-friendly, English-speaking, Berlin, IT operations sysadmin-adjacent role","Apply with Sys Admin CV, highlight IT degree and technical skills",
,Junior or Mid-Level Frontend Developer,Akelius Languages GmbH,Berlin,https://englishjobs.de/jobs/developer,Developer,New,2026-03-12,85,CV for Fullstack/Frontend,"English-friendly, React/frontend focus, junior-friendly","Apply with Fullstack CV, highlight React skills and English proficiency",
,Barkeeper / Service (m/w/d),Golgatha Berlin,Berlin,https://golgatha-berlin.de/jobs/,Bar / Hospitality,New,2026-03-12,70,CV for Hospitality/Restaurant/Bar/Cafe,"Full-time bar position in Berlin, dynamic entertainment venue, international team possible",,
,"Full Stack Software Engineer (TypeScript, Node.js, React)",Atolls,Berlin,https://www.arbeitnow.com/jobs/companies/atolls/mid-full-stack-software-engineer-typescript-nodejs-react-graphql-berlin-464119,Developer,New,2026-03-12,80,CV for Fullstack/Frontend,"Tech stack matches (TypeScript, React, GraphQL), Berlin location, full-time, English-speaking startup environment",,
,Junior Software Engineer (f/m/d),LIQID,Berlin,https://liqid.jobs.personio.de/job/2017329?language=en%3Flanguage%3D&display=en#apply,Developer,Applied,2026-03-11,80,,Junior,https://liqid.jobs.personio.de/thank-you/2017329,
,Internship - IT Systems Administrator,adsquare GmbH,Berlin,https://startup.jobs/internship-it-systems-administrator-m-f-d-adsquare-gmbh-7802546,Sys Admin,New,2026-03-09,80,CV for Sys Admin,"Internship/entry-level IT Systems Admin role in Berlin. 1st level support responsibilities. Full-time, 6-month duration. English working language.","Highlight IT degree, any technical support experience, and passion for systems administration. Emphasize willingness to learn and grow in IT operations role.",
,Junior Site Reliability Engineer,Recare,Berlin or Remote (Germany),https://www.arbeitnow.com/jobs/companies/recare-deutschland-gmbh/junior-site-reliability-engineer-remote-from-germany-spain-portugal-italy-poland-france-or-austria-berlin-345516,Developer,New,2026-03-09,85,CV for Fullstack/Frontend,Junior-level SRE role with React/Go stack. Remote from Germany option fits track 1 constraints. Full-time position. English-friendly company.,"Highlight Linux/macOS support experience, any helpdesk or customer service background, and IT degree. Emphasize willingness to learn and grow in sysadmin role.",
,Junior Full Stack Web Developer,Granola Studios,Berlin,https://jobs.smartrecruiters.com/GranolaStudiosGmbH/743999717292313-junior-full-stack-web-developer,Developer,Applied,2026-03-09,88,CV for Fullstack/Frontend,"Junior full-stack role with React, TypeScript, Node.js, AWS, MongoDB stack. Berlin location. Modern tech stack aligns with candidate skills.","Highlight Node.js, React, and full-stack project experience. Emphasize startup environment fit and willingness to work with modern technologies like AWS, Docker, Kubernetes.",
,Spa Receptionist (m/f/d),Soho House & Co,"Berlin, Germany","https://www.glassdoor.com/job-listing/spa-receptionist-m-f-d-soho-house-and-co-JV_IC2622109_KO0,22_KE23,40.htm?jl=1009645457734",Bar / Hospitality,New,2026-03-08,70,CV for Hospitality/Restaurant/Bar/Cafe,"Full-time (40h/week), in-person Berlin role. Hospitality position suitable for B1 German level. Spa receptionist role involves guest interaction, check-in, customer service.","Apply via LinkedIn or Greenhouse portal. Highlight customer service experience, language skills (English + German), and hospitality enthusiasm.",
,Junior Frontend Developer (Vue),DKB Code Factory,"Berlin, Germany (Hybrid)",https://www.dkbcodefactory.com/jobs,Developer,Applied,2026-03-08,85,CV for Fullstack/Frontend,"Junior-level frontend role, Vue.js (relevant to React/JS skills), Full-time, English-speaking environment (fits B1 German constraint), Hybrid work in Berlin. DKB is a large bank with tech team.",Apply via greenhouse portal. Highlight any Vue.js or JavaScript projects. Emphasize willingness to learn and teamwork experience.,
,Junior System Administrator (f/m/d),Make IT fix GmbH,Berlin,https://join.com/companies/makeitfix/15780306-junior-system-administrator-f-m-d,Sys Admin,New,2026-03-07,70,CV for Sys Admin,Junior sysadmin role with training opportunities. Requires German but B1 level. Good benefits.,Apply with Sys Admin CV. Emphasize IT degree and troubleshooting experience. German required.,
,Bartender (m/w/d) - 32h/week,SPINDLER Restaurant,Berlin-Kreuzberg,https://spindler-berlin.net/en/jobs/,Bar / Hospitality,New,2026-03-04,70,,32h/week bartender role meets hours requirement. Berlin Kreuzberg location. Service experience transferable.,Send application to mailto:job@spindler-berlin.com with CV and photo.,
,Design-Oriented Frontend Developer (Next.js),&why GmbH,Berlin (hybrid),https://www.wearedevelopers.com/en/companies/4136/why-gmbh/48078/design-oriented-frontend-developer-m-f-d-next-js,Developer,New,2026-03-03,85,,"React/TypeScript/Next.js stack, junior-to-mid level, Berlin hybrid, full-time 32-40h. Good match for CV 2.",Apply via WeAreDevelopers with CV 2. Highlight Next.js and React experience.,
,Betriebsleitung (m/w/d),Urban Apes,Berlin,https://kletterszene.com/jobs/die-urban-apes-suchen-eine-betriebsleitung-fuer-berlin-m-w-d/,Bouldering Gyms,New,2026-03-03,70,,"Bouldering gym management role, 40h full-time. Leadership + climbing affinity needed.",Apply via kletterszene with CV 4. Highlight management experience and passion for climbing.,
,Full Stack Engineer - Typescript/Python,Memfault (YC startup),Berlin (in-person),https://www.ycombinator.com/companies/memfault/jobs/pKe0Da6-full-stack-engineer-typescript-python,Developer,New,2026-03-02,73,,Explicit full-time full-stack role in Berlin with TypeScript in the core profile. English-speaking startup context is realistic for B1 German.,"Use CV 2 and highlight TypeScript delivery, API work, and reliability-focused engineering. Add a short note on motivation for startup pace and ownership.",
,Commis de Bar / Bartender (m/w/d),JW Marriott Hotel Berlin,Berlin (in-person),https://www.hotelcareer.com/jobs/jw-marriott-hotel-berlin-113456/commis-de-bar-bartender-m-w-d-3851135,Bar / Hospitality,New,2026-03-02,70,,Posting is explicitly full-time in Berlin and in a structured international hotel environment. Language requirement includes German and English; realistic if German is around B1 and improving.,"Apply with CV 4 emphasizing service reliability, shift readiness, and guest communication. In the message, position B1 German + practical English service communication and willingness for early shifts.",
,"Mid Full Stack Software Engineer (TypeScript, Node.js, React, GraphQL) (m/f/x)",Atolls,Berlin (hybrid),https://builtin.com/job/proficient-software-engineer-node-react-graphql-m-f-x/7465834,Developer,New,2026-03-02,84,,"Strong stack overlap (React, TypeScript, GraphQL, Node.js) and Berlin location. Mid-level scope fits junior-to-mid target better than senior-only roles; English-first international environment is likely B1-compatible.","Tailor CV 2 to React + GraphQL projects and product impact. In cover letter, emphasize end-to-end feature ownership, test quality, and collaboration in hybrid teams.",
,Fullstack Engineer (Java/Kotlin + TypeScript/JavaScript),azeti GmbH,Berlin or Remote in Germany (Vollzeit),https://www.stepstone.de/job/13638465,Developer,New,2026-03-01,76,,"Strong stack overlap (React, TypeScript, fullstack). Berlin/remote scope and full-time contract are explicit; English fluency is required, German only a plus.","Use CV 2. Emphasize React+TypeScript delivery, end-to-end ownership, and production backend work; include examples with maintainable architecture and testing.",
,Full-Stack Software Engineer (m/f/d),EIDU,"Berlin (hybrid, in-person core)",https://eidu.jobs.personio.com/job/2303914?language=en,Developer,Applied,2026-02-28,92,,React/TypeScript fullstack fit with explicit full-time and English-only working language; Berlin hybrid setup matches track 1 constraints well.,"Emphasize React+TypeScript product work, GraphQL/API experience, and mission fit. Keep cover letter concise and impact-focused.",
,Servicemitarbeiter (d/w/m),Leonardo Berlin Ku'damm,Berlin (in-person),https://www.stepstone.de/job/13680763,Bar / Hospitality,New,2026-02-28,84,,Explicit 38-hour full-time contract in Berlin and role profile aligned with FOH/service operations; language requirement (good German and English) is generally B1-realistic.,"Emphasize guest service reliability, shift flexibility, and multilingual communication in high-volume hospitality settings.",
,"Bar- und Servicemitarbeiter (m/w/d), Berlin Mitte",INNSIDE by Melia Berlin Mitte,Berlin (in-person),https://www.stepstone.de/job/13593761,Bar / Hospitality,New,2026-02-28,74,,Berlin in-person hospitality role with explicit Vollzeit contract and front-of-house bar/service scope; likely compatible with practical B1 communication.,"Highlight guest service reliability, shift flexibility, and bar/service teamwork; include concise German intro and emphasize readiness for full-time schedule.",
,Mid-Level JavaScript Developer - Web/Mobile (f/m/x),verkstedt GmbH,"Berlin (Homeoffice moeglich, Vollzeit)",https://www.stepstone.de/stellenangebote--Mid-Level-JavaScript-Developer-Web-Mobile-f-m-x-Berlin-verkstedt-GmbH--13582157-inline.html,Developer,Applied,2026-02-26,87,,"Strong React/JavaScript fit, Berlin-based, full-time, and explicitly English-friendly international team (German is a bonus).","Apply with CV 2 Software Engineer. Emphasize React + TypeScript projects, product impact, and collaboration in English-speaking teams.",
,Software Engineer - FullStack (d/f/m),Taxfix Jobs,"Berlin, Germany",https://www.arbeitnow.com/jobs/companies/taxfix-jobs/software-engineer-fullstack-berlin-112342,Developer,New,2026-02-25,79,,Berlin full-time fullstack role with React + Node.js and API integration; language setup is international and realistic for B1 German.,"Use CV 2 and emphasize end-to-end React + Node delivery, API integrations, and production-quality engineering practices.",
,Fullstack/Frontend Developer,Ethinking GmbH,Berlin (onsite/hybrid/remote options),https://en.devjobs.de/job/d4b473fc71b6e0ed10cff2e2782fb6f7,Developer,New,2026-02-24,78,,Direct React + TypeScript + Next.js + GraphQL stack match in Berlin with full-time permanent contract; English-language posting suggests international accessibility.,"Use CV 2 and emphasize React/Next.js architecture work, TypeScript quality practices, and API integration projects; frame interest in Berlin-based product delivery.",
,"Full Stack Developer (TypeScript, React, Node. Berlin hybrid/remote)",Get Your Tech Talent,"Berlin (hybrid/remote start, relocation to Berlin)",https://www.careers-page.com/gytt/job/L9VY96Y6,Developer,New,2026-02-24,74,,Strong TypeScript/React/Node fit with Berlin target and explicit hybrid/remote pathway; suitable for mid-level fullstack trajectory in an international-style posting.,"Use CV 2 with emphasis on end-to-end ownership, scalable frontend decisions, and API/backend collaboration; include examples of fast iteration and product impact.",
,Junior Fullstack Engineer - Fokus: Rapid Prototyping & AI (m/f/d),pdm solutions GmbH,Berlin,https://www.arbeitnow.com/jobs/companies/pdm-solutions-gmbh/junior-fullstack-engineer-fokus-rapid-prototyping-ai-berlin-49594,Developer,Applied,2026-02-24,90,,"Junior fullstack role in Berlin with direct Next.js, TypeScript, React, Node.js and Supabase stack alignment; strong match to frontend/fullstack target and growth level.","Use CV 2 and highlight React/TypeScript projects, API/database work, and rapid MVP delivery examples; emphasize Berlin availability and AI-tooling curiosity.",
,Forward Deployed Engineer,Career Vault Talent (for http://Synthflow.ai),"Berlin (Full Time, Remote option)",https://www.arbeitnow.com/jobs/companies/career-vault-talent/forward-deployed-engineer-berlin-377955,Developer,New,2026-02-24,74,,"Berlin-based full-time technical role with API/integration ownership and customer-facing engineering; good fullstack overlap, though slightly more solutions-oriented than pure frontend.","Use CV 2 with emphasis on API integrations, cross-functional communication, and production troubleshooting; frame interest in moving toward product-facing fullstack execution.",
,Junior Linux Systemadministrator:in (m/w/d),InterNetworX Group GmbH,"Berlin (in-person focus, Vollzeit)",https://www.stepstone.de/job/13653235,Sys Admin,Applied,2026-02-24,86,,Explicit junior sysadmin posting in Berlin with full-time contract and onboarding into an experienced admin team; strong growth path for an IT-degree candidate transitioning into sysadmin.,"Use CV 4 and foreground IT degree, hands-on troubleshooting, Linux basics, reliability, and learning mindset; stress motivation for on-site infrastructure operations.",
,Bartender / Barkeeper Lobby Bar (m/w/d),"Radisson Collection Hotel, Berlin","Berlin (in-person, Vollzeit)",https://www.stepstone.de/stellenangebote--Bartender-Barkeeper-Lobby-Bar-m-w-d-Berlin-Radisson-Collection-Hotel-Berlin--13658889-inline.html,Bar / Hospitality,New,2026-02-24,72,,"Berlin in-person hospitality role explicitly marked full-time, matching bar/service target and contract-hour requirement.","Use CV 4; highlight guest service reliability, shift flexibility, teamwork, and any prior customer-facing or fast-paced operations experience.",
,Full-Stack Typescript Product Engineer,Plato,"Berlin (on-site, 4 days/week)",https://www.arbeitnow.com/jobs/companies/plato/full-stack-typescript-product-engineer-berlin-423611,Developer,New,2026-02-24,74,,Direct React + TypeScript + full-stack role in Berlin with clear ownership over product features and APIs.,"Tailor CV 2 to show end-to-end product delivery, component architecture, and database/API integration.",
,Fullstack Developer,Doc Cirrus,,https://doc-cirrus-gmbh.jobs.personio.de/job/138468?language=en&display=en,Developer,Declined,2024-02-01,,JoshuaBaruaFowleResume%202.pdf,,,
,Frontend Developer,Audiobene,,https://boards.greenhouse.io/audibenehearcom/jobs/2626867,Developer,Declined,2024-02-01,,JoshuaBaruaFowleResume%203.pdf,,,
,Frontend Developer,ZALANDO - Josué,,linked in,Developer,Applied,2024-02-11,,,,,
,Mid Level Frontend Engineer,Octopus Energy,,https://jobs.lever.co/octoenergy/60a969a5-914b-40fc-ab43-4ebe0fe5823f?source=6,Developer,Declined,2024-02-18,,,,,
,Mid Level Frontend Engineer,SoSafe - CyberSecurity,,https://boards.eu.greenhouse.io/sosafe/jobs/4279831101?source=LinkedIn,Developer,Declined,2024-02-18,,,,,
,Fullstack Developer,Vaayu Ethical Climate,,https://www.vaayu.tech/careers,Developer,Declined,2024-02-18,,,,,
,Fullstack Developer,Flaconi Beauty,,https://jobs.eu.lever.co/flaconi/5b95cf18-d14b-4988-9cf9-7b122e03c07b,Developer,Declined,2024-02-24,,,,,
,Fullstack Developer,Shiso Burger,,Through  m.yen@shisoburger.com,Developer,Applied,2024-02-24,,,,,
,Frontend Developer,SystemsLab21,,jobs@systemslab21.com,Developer,Applied,2024-02-28,,,,,
,React Frontend Developer,Glassdoor UK,Remote,"https://www.glassdoor.co.uk/job-listing/react-frontend-developer-orka-informatics-JV_IC2671300_KO0,24_KE25,41.htm?jl=1010115878776",Frontend Engineer,New,2026-08-30,10,Frontend CV,"Matches: frontend developer, frontend, react; remote",Direct apply via link with Frontend CV,
,Full Stack Web Developer,Glassdoor UK,Remote,"https://www.glassdoor.co.uk/job-listing/full-stack-web-developer-surewise-com-JV_IC3315267_KO0,24_KE25,37.htm?jl=1010240583629",Developer,New,2026-08-30,8,Fullstack/Frontend CV,"Matches: full-stack, web developer; remote",Direct apply via link with Fullstack/Frontend CV,
,front end engineer salaries in United Kingdom,Glassdoor UK,Remote,"https://www.glassdoor.co.uk/Salaries/united-kingdom-front-end-engineer-salary-SRCH_IL.0,14_IN2_KO15,33.htm",Frontend Engineer,New,2026-08-30,8,Frontend CV,"Matches: front-end engineer, front-end; remote",Direct apply via link with Frontend CV,
,Junior Front End Developer,Glassdoor UK,Remote,"https://www.glassdoor.co.uk/job-listing/junior-front-end-developer-byte9-JV_KO0,26_KE27,32.htm?jl=1005824270094",Frontend Engineer,New,2026-08-30,8,Frontend CV,"Matches: front-end developer, front-end; remote",Direct apply via link with Frontend CV,
,"front end engineer salaries in Middlesbrough, England",Glassdoor UK,Remote,"https://www.glassdoor.co.uk/Salaries/middlesbrough-front-end-engineer-salary-SRCH_IL.0,13_IC3314456_KO14,32.htm",Frontend Engineer,New,2026-08-30,8,Frontend CV,"Matches: front-end engineer, front-end; remote",Direct apply via link with Frontend CV,
,Junior/Mid Frontend Developer,Glassdoor UK,Remote,"https://www.glassdoor.co.uk/job-listing/junior-mid-frontend-developer-via-creative-JV_IC3314456_KO0,29_KE30,42.htm?jl=1009611318287",Frontend Engineer,New,2026-08-30,8,Frontend CV,"Matches: frontend developer, frontend; remote",Direct apply via link with Frontend CV,
,"Web Development with Coding Career Courses: ( HTML, CSS, JavaScript, OOP, C++, Python )Online, Self-paced£15",Reed UK,Remote,https://www.reed.co.uk/courses/web-development-with-coding-career-courses--html-css-javascript-oop-c-python/497021?itm_source=js_search_results&itm_medium=jobseeker&itm_campaign=keyword_search_courses_panel&itm_content=Developer_courses_497021,Developer,New,2026-09-20,6,Fullstack/Frontend CV,Matches: javascript; remote,Direct apply via link with Fullstack/Frontend CV,
,"Web Design & Web Development Training for Web Developer - CPD CertifiedOnline, Self-paced£15",Reed UK,Remote,https://www.reed.co.uk/courses/web-design-web-development-training-for-web-developer-cpd-certified/369022?itm_source=js_search_results&itm_medium=jobseeker&itm_campaign=keyword_search_courses_panel&itm_content=Developer_courses_369022,Developer,New,2026-09-20,6,Fullstack/Frontend CV,Matches: web developer; remote,Direct apply via link with Fullstack/Frontend CV,
,"Support Engineer, Managed Operations",EnglishJobs Berlin,Berlin,https://englishjobs.de/clickout/ffbcda020987c08d?ql=l&sig=6597a0294b150d63707edc60d3be8b75d3c373c7&e=QaNp31F9r7e29gOq1kFo-VE8s5iBqDjJ8LWZ4n8qcGb_qihU-XFAHJ34P6PbxaqTPv4SdT5tTqz9TUe79gaAhX0ZqPWIktEzFKx3obPJkokGQpX9cl0bVlh3yR5kSuhVWxabL-s9ybcsYZhm0-L6ph7B7roClInjtvs1wwcKs5VLmtJlKhK5QgAT-hmyZgz7ryP6Bsp62tt1iLXdigFvcWJw_-FyOwYagYRzxPkzurH3F1Z7uujaGiwglhfjKlgfeiwrKs1WXy6uQUS-rdHWaewBrYYfPxheF0VDhucEmt3GMeJyvtWqYxRhsPLYQinggWQ2-C05zoX_vqd9uP64nokU230B--SnBzkcZBNybKJFWy4rPYEZKXtUdXfJPBO6ktBB_b5Q4L8pyL0AIcxop6OhZvD82dh3Ph_ZymKg23rVo2Hx8YzHFMnJRiAY7Pi7vcvukZIB_J93i5-PotKOCF9DXUMkGj03tY-ahW6Td6MPFdL_f9xQCY3Ij5cNgRZ8bGVVTSTdvwSAdENTu6n7-Cb-_NtwzO3cRGYleXJRL2JWNcaG01PsNq3c1qaQPi_pe1LFEdPV8Legc_Y-kaLlxHtVOmhC4S02uSdmAxL-FjRQcV5HWw5I_BQW0D0Xd7HuvOhLhEwH6SC7YA59ulT6K5vnho5x0hTcoPLZI2_Ns8hCaWPoM1nOhtaCqiL66wGzfChS69RkIy3D4rPVxEsJuPdKtWNGXkbOVF6PZpUzN0s_ilWvr86mbM0xPsuX1-zn088SJ4uc0pAmBtxcrYhYCFG2hrHFlyhYh2Dv744XjBshB-QZvDRTDFcvJzc-orqgcpj0cKKkvWEjAoE30vE4ts9lFuD49OWfBubMa-uDnTDI3t1W_ZdiqWpr50_1Wo2t_I-t9T3bkNL9TxpFmUaV_yTQ612ZEFpv1ck_DrjID6tIiReYwfkfsxg-0e8xnO6bND4LfQAzR7_NEqaTq-HwsdJIZfsEbvxAxY8ymvvCChga8ELkVGmBZ1sKK2wZ29TxmJ-inPL1jKYLxLJmFabCgFeGhIquPQZKnrtg-EsEPlCsVt0GgGfB7qaXi_NiEKZ4Zsl5QcY6D6t5z3QBUEUjmkifVrn54zFLWjd5B9OlhD-kiphKuTmi-gHF8D7SY9up8nN6Fa8UnE5eii7WD215L5fv7GZS8rGSQa6ruHfS6mQnkC3VY_mJj-hgBUTcPvtm3BLZ4aeCLnhMuldGfNhLeO1f1OOoQEXPa2pS0chaQ9vwx9jrh3sfNL2LUEY7YsK43FtQUqd0A_RltK1l3TKee0FxO8E89ao5wepsHNSuuqCrkvQewdyaQOXZB-hg_CZ__oZj0fJzY4m9O1lekFDRvVHjA_nyvFI981OdpglfRYE4Mqpon8mrtYrnbqPezEi3-XPG5_Lp99mlCJU1AUssOntD5AIakmi2rSg-ao_TJs8nMc_RHCtuNQ-7Yd-lqOlQ7SvJBzi99QHuATPd8jWZiNbEquntVn0MDUY&prev=RQ6F2162D85CAFD9&p=15&pg=1,Technical Support Engineer,New,2026-09-20,5,IT Support CV,Matches: support engineer,Direct apply via link with IT Support CV,
,Web Designer & Front-End Developer,jobgether,Remote,https://jobgether.com/offer/6a7fcf62490731f1e1a212a4-web-designer-front-end-developer,Frontend Engineer,New,2026-09-20,8,Frontend CV,"Matches: front-end developer, front-end; remote",Direct apply via link with Frontend CV,
,Mobile/Frontend Developer,jobgether,Remote,https://jobgether.com/offer/6a6aa9391b23f4f87b46190f-mobile-frontend-developer,Frontend Engineer,New,2026-09-20,8,Frontend CV,"Matches: frontend developer, frontend; remote",Direct apply via link with Frontend CV,
,Frontend Developer Intern,jobgether,Remote,https://jobgether.com/offer/6a7fc14e490731f1e1a1b615-frontend-developer-intern,Frontend Engineer,New,2026-09-20,8,Frontend CV,"Matches: frontend developer, frontend; remote",Direct apply via link with Frontend CV,
,Front End Developer - ReactJS,jobgether,Remote,https://jobgether.com/offer/6a6ab74d1b23f4f87b465cfe-front-end-developer---reactjs,Frontend Engineer,New,2026-09-20,8,Frontend CV,"Matches: front-end developer, front-end; remote",Direct apply via link with Frontend CV,
,Shopify Front End Developer,jobgether,Remote,https://jobgether.com/offer/6a6aa9451b23f4f87b462b46-shopify-front-end-developer,Frontend Engineer,New,2026-09-20,8,Frontend CV,"Matches: front-end developer, front-end; remote",Direct apply via link with Frontend CV,
,"Restaurant Supervisor m/w/d Vollzeit ... . Please note that holding a valid work permit, residence permit, or citizenship of an EU member state is a mandatory requirement for employment with us. Employment is not possible ... [ Weitere Infos ] Hotel de Rome Berlin vor 1 Tag |",JobWorld EU Berlin,Berlin,https://www.jobworld.de/j.go?cp=0&id=pek9e-k2czm&t=9&v=1,Bar / Hospitality,New,2026-08-30,6,Hospitality / Restaurant CV,Matches: restaurant,Direct apply via link with Hospitality / Restaurant CV,
,Software Developer,Reed UK,Remote,https://www.reed.co.uk/jobs/software-developer/57256826?source=searchResults&q=developer&filter=%2Fjobs%2Fdeveloper-jobs%3Fq%3Ddeveloper,Developer,New,2026-08-30,6,Fullstack/Frontend CV,Matches: software developer; remote,Direct apply via link with Fullstack/Frontend CV,
,Front-End Developer (WordPress + JavaScript),jobgether,Remote,https://jobgether.com/offer/6a6d4c2d1b23f4f87b4ce4fd-front-end-developer-wordpress-javascript,Frontend Engineer,New,2026-09-20,8,Frontend CV,"Matches: front-end developer, front-end; remote",Direct apply via link with Frontend CV,
,Front End Developer - VueJS,jobgether,Remote,https://jobgether.com/offer/6a6ab74f1b23f4f87b46605a-front-end-developer---vuejs,Frontend Engineer,New,2026-09-20,8,Frontend CV,"Matches: front-end developer, front-end; remote",Direct apply via link with Frontend CV,
,"Team-Mitarbeiter:in (Service/Theke, Routenbau, Kursbetrieb, Gastro)",Element Boulders Berlin,Berlin (Moabit),https://berlin.element-boulders.de/das-element/jobs.html,Bouldering Gyms,Applied,2026-08-18,9,CV for Bouldering Gyms,"Newly opened Berlin bouldering gym hiring service/counter, course and route-setting staff full-time.","Apply via online form on jobs page, select Vollzeit and preferred activity.",
,Frontend Engineer (React / TypeScript) (m/f/d),Persohap GmbH,Berlin,https://join.com/companies/ai-bondingcom/16597963-frontend-engineer-react-typescript-m-f-d,Developer,Reviewed,2026-08-30,8,CV for Fullstack/Frontend,"React/TypeScript frontend, Berlin, 60-80k range, published July 2026",Apply via http://join.com with React/TypeScript portfolio,
,Product Engineer,Berlin Startup Jobs,Berlin,https://berlinstartupjobs.com/engineering/product-engineer-skyflow/,Product Engineer,New,2026-08-30,5,Fullstack/Frontend CV,Matches: product engineer,Direct apply via link with Fullstack/Frontend CV,
,Quality Assurance Rater – German (DE),Berlin Startup Jobs,Berlin,https://berlinstartupjobs.com/operations/quality-assurance-rater-german-de-telus-digital/,QA Automation Engineer,New,2026-08-30,5,QA / Test Automation CV,Matches: quality assurance,Direct apply via link with QA / Test Automation CV,
,Frontend Engineer (React / TypeScript),Persohap GmbH,Berlin,https://www.arbeitnow.com/jobs/companies/persohap-gmbh/frontend-engineer-react-typescript-berlin-126910,Frontend Engineer,New,2026-08-30,10,Frontend CV,"Matches: frontend engineer, frontend, typescript, react",Direct apply via link with Frontend CV,
,Trainee Frontend Development (m/w/d),Brandung,Berlin,https://www.arbeitnow.com/jobs/companies/brandung/trainee-frontend-development-berlin-476344,Frontend Engineer,New,2026-08-30,5,Frontend CV,Matches: frontend,Direct apply via link with Frontend CV,
,Frontend Engineer,EnglishJobs Berlin,Berlin,https://englishjobs.de/clickout/d6e43dfbbb05d32b?ql=l&sig=0169031c3092162b7378c6eb20be0fa1ceb7dd47&e=bGEvyIUftxCwvkYn4DESbiAic-APQsYLQpNWYsmcqyhFaQhqineL0KLoiKalPvfaEU2i0REWM5NbQRVPnJssk8bj6xTWFVNYV3XZMM9VIxuLvTCmiSwgj6QBJAx_3rCrfPzM5mLVArBU3w2dDVa8EGo5wXDD_YPYSvgMqllwimcTbOvXnLaNdYvRNjAFpSnk4l6-CjoeHOI11Y_S5LXLrKUr3JIBFAzLtIlLOxDNPQyo9bMWMU42XsaJNaC1w91Z_uFcRIVqpCIR-ubF0dusPam3BJ7Zn65b4WBTXURhz7h9aq9BF95sVXakRhLf6qRVDfoBc_-2HzetP0sZP1-S3Sj7XVm6SNY5Ci6nsR6rh9kl8jxPkwZvFBFsbUjsetP-4nuLZMi6t4vB5iIRvO9lvsiBRe0W6t4zEk4pu13f-dw5GrxNICnWEyt263MPbZUWfwSdkpMI7FOfVIYdu7aBj9peqyNbBWQDssx62c-ZQNnSZJ-N8sUD-s28eY5SZXtFRJvwykdxVpr18yC0sjnCeVxCw-PN1eYKfbka1LJrYSPHN6boMGQTh7Vuu-t_8K61cWWF4CPbD5-8w6lL0xZK4PWEgEg7Yj8lnuEdUicPXuCHqPCDAL_0qoH4Bhvf9v94IVPl8bj4kWkgCuUlUDgWcC6DfYE45valzQFVWs99X63M6ZO00phHtsvbgnqsnqxgJjB2A9VtmeLNA6H6EDHYZcH3iWZZmIa6dxkTbpO3MJE-_hDCpwrABPDMYj_qC54vk_A5fdWm-h4rDNakoQBjOWPuFQavF7xA3SB9biCWjTudwTRzSA8AxDH-NSXswiSmhhtT1nKTAd8mCX0FQeyo8VuOybtcVm1f3IHJaO-ZloFjQr-Sidle5JQWpe4MkCUfqRfNc8dV8huasYkZ1fM2w-E2uwhrxeS1cYMZmdeCUWWIoz-LRnKbb2QPZPrtNt5QlLTEVibQ4L6bWNUFbc5ispRZA94Yrx_1FIwpU9Uwwqe5Uw1V3XpgL3mh4WJrRliEcSoA6xXzXBRkqkVbOWlRxTnI-RxEAQufRNizbRsPFPddrSSI6ZK3TD4C09Gtj9eWz_Q-c2vX0yfdTBC1NXDa27CnrbnK8gmoiZ6kWkmeVBlwGyFvR-RACdWfc2xwi5wC51SHcx-n8ls5S5Przm_5mG4zlTl5HhJKHbxJdj9lwEa1zO-qNV-puR1Cykgd6OdA2slvDKQWN1mCBg0Q11Yb3sy_DkZvo38qpr-d4dDfp-c7grwiBfOq0aoh42dBF7kSDpU5kPhiTD3cFwuviNp6ev6_2lTYS7kPmQSCPC8bu90ujNmB13jP7iKFf00hVQ_lqAzBagB6sX2ZEx4NMePWP863pBKbyNpT7892Ncj6mU4KSVasHTM8BRipqrMooNAIkGx35dyknX-JG_5-e9UWNO9hTKmrGD6H7tlqNynOgKENKI3inw1RIytWdXxUSrAlBIXhwtyMuj4OzTIqKYoTfy_7gvNXMmYPStzzS4IUZYRdaqmMIEzudxhu9Vx3xvRLn_TElH_53X-5LA4J4Dp3aeP909YrJ4j2LuehBCHlxC-T_d4RSVRoXNCHx52xhP5Cb-WJf9j7dCQXro4sK1L40HEJNq5OiQHE22ED5OSwT7_wHTOSyFwK40cODLVp8JWJ4snxeXJN3XD72TFHqK-1md56JjJ4WHFkysEIfVZOpNhCjKJIhy-v0U-cgPCTgqRMivPFb8du8p6UpaxtiLKj8O8he6srULuShbfhoKGHdXu77tl5uqYPEe986dIj4Q_n4P_10GkZs2PI5xfOpoltWkxF1YW7MjF9H5xmmVHWYb2aIyYc0HZgx_uC5DY7kpnLMjzE4_V1t_DPgmGisqG93pB5sBrpbB4mnRx3AWsxZugLpi7vHUbA4AkfQQbGw_hVTcOaBTa6W7TIOYBkxYRaFw607y35bDBPhh_1TbjWMNXMP3y4vJXygmR8zgsrrmFxsm_tkEydlOrJBpJvuI03QH-FUOPwSz-plB4wcKZccSp5dWlcHku9OF9P_TI79jPdaQ&prev=RQ644A5E3CB57CA1&p=7&pg=1,Frontend Engineer,New,2026-08-30,7,Frontend CV,"Matches: frontend engineer, frontend",Direct apply via link with Frontend CV,
,Frontend Developer React,jobgether,Remote,https://jobgether.com/offer/6a9833100875ca77c4bcdf4b-frontend-developer-react,Frontend Engineer,New,2026-09-20,10,Frontend CV,"Matches: frontend developer, frontend, react; remote",Direct apply via link with Frontend CV,
,React Front End Developer,jobgether,Remote,https://jobgether.com/offer/6a9833050875ca77c4bcd727-react-front-end-developer,Frontend Engineer,New,2026-09-20,10,Frontend CV,"Matches: front-end developer, front-end, react; remote",Direct apply via link with Frontend CV,
,Tailwind Front-end Developer for B2B Platform,jobgether,Remote,https://jobgether.com/offer/6a8023ad490731f1e1a447ce-tailwind-front-end-developer-for-b2b-platform,Frontend Engineer,New,2026-09-20,10,Frontend CV,"Matches: front-end developer, front-end, tailwind; remote",Direct apply via link with Frontend CV,
,Frontend Developer (React),jobgether,Remote,https://jobgether.com/offer/6a805c20490731f1e1a57c21-frontend-developer-react,Frontend Engineer,New,2026-09-20,10,Frontend CV,"Matches: frontend developer, frontend, react; remote",Direct apply via link with Frontend CV,
,Front End Developer - NextJS,jobgether,Remote,https://jobgether.com/offer/6a9833100875ca77c4bcdec9-front-end-developer---nextjs,Frontend Engineer,New,2026-09-20,10,Frontend CV,"Matches: front-end developer, front-end, nextjs; remote",Direct apply via link with Frontend CV,
,Web Frontend Engineer (Vue.js / TypeScript) — Mobile Payments — Tokyo,japan-dev,Remote,https://japan-dev.com/jobs/abbeal/abbeal-web-frontend-engineer-vuejs--typescript--mobile-payments--tokyo-7gb069,Frontend Engineer,New,2026-09-20,10,Frontend CV,"Matches: frontend engineer, frontend, typescript, vue; remote",Direct apply via link with Frontend CV,
,Front-End Developer (React),japan-dev,Remote,https://japan-dev.com/jobs/eighty-days/eighty-days-front-end-developer-react--travel-company-dvjsx7,Frontend Engineer,New,2026-09-20,10,Frontend CV,"Matches: front-end developer, front-end, react; remote",Direct apply via link with Frontend CV,
,QA Automation Engineer,glassdoor,Remote,"https://glassdoor.co.in/job-listing/qa-automation-engineer-quantum-heaps-JV_KO0,22_KE23,36.htm?jl=1010248590937",QA Automation Engineer,New,2026-09-20,10,QA / Test Automation CV,"Matches: qa automation, qa, automation engineer; remote",Direct apply via link with QA / Test Automation CV,
,QA Automation Engineer - Contract,glassdoor,Remote,"https://glassdoor.co.in/job-listing/qa-automation-engineer-contract-zazz-io-JV_KO0,31_KE32,39.htm?jl=1010236042637",QA Automation Engineer,New,2026-09-20,10,QA / Test Automation CV,"Matches: qa automation, qa, automation engineer; remote",Direct apply via link with QA / Test Automation CV,
,QA Automation Engineer with hands-on experience in Playwright,glassdoor,Remote,"https://glassdoor.co.in/job-listing/qa-automation-engineer-with-hands-on-experience-in-playwright-cinergy-technology-JV_KO0,61_KE62,80.htm?jl=1010239636726",QA Automation Engineer,New,2026-09-20,10,QA / Test Automation CV,"Matches: qa automation, qa, automation engineer; remote",Direct apply via link with QA / Test Automation CV,
,"QA Automation Engineer (Mobile) - O'Reilly - Chennai, IND",glassdoor,Remote,"https://glassdoor.co.in/job-listing/qa-automation-engineer-mobile-o-reilly-chennai-ind-photon-JV_KO0,50_KE51,57.htm?jl=1010070329254",QA Automation Engineer,New,2026-09-20,10,QA / Test Automation CV,"Matches: qa automation, qa, automation engineer; remote",Direct apply via link with QA / Test Automation CV,
,QA Automation Engineer (Python),glassdoor,Remote,"https://glassdoor.co.in/job-listing/qa-automation-engineer-python-aapna-infotheek-JV_KO0,29_KE30,45.htm?jl=1010161392565",QA Automation Engineer,New,2026-09-20,10,QA / Test Automation CV,"Matches: qa automation, qa, automation engineer; remote",Direct apply via link with QA / Test Automation CV,
,QA Automation Engineer(Pune) (AI),glassdoor,Remote,"https://glassdoor.co.in/job-listing/qa-automation-engineer-pune-ai-codvo-ai-JV_KO0,30_KE31,39.htm?jl=1010147439103",QA Automation Engineer,New,2026-09-20,10,QA / Test Automation CV,"Matches: qa automation, qa, automation engineer; remote",Direct apply via link with QA / Test Automation CV,
,QA Automation Engineer – Detox,glassdoor,Remote,"https://glassdoor.co.in/job-listing/qa-automation-engineer-detox-stonex-JV_IC2856202_KO0,28_KE29,35.htm?jl=1010208270504",QA Automation Engineer,New,2026-09-20,10,QA / Test Automation CV,"Matches: qa automation, qa, automation engineer; remote",Direct apply via link with QA / Test Automation CV,
,QA Automation Engineer (Pune/Mumbai)(Work From Office),glassdoor,Remote,"https://glassdoor.co.in/job-listing/qa-automation-engineer-pune-mumbai-work-from-office-codvo-ai-JV_IC2856202_KO0,51_KE52,60.htm?jl=1010064062921",QA Automation Engineer,New,2026-09-20,10,QA / Test Automation CV,"Matches: qa automation, qa, automation engineer; remote",Direct apply via link with QA / Test Automation CV,
,Technical Support Engineer – Kombo – Berlin | Arbeitnow,arbeitnow,Berlin,https://arbeitnow.com/jobs/companies/kombo/technical-support-engineer-berlin-226806,Technical Support Engineer,New,2026-09-20,10,IT Support CV,"Matches: technical support engineer, technical support, support engineer",Direct apply via link with IT Support CV,
,"Technical Support Engineer 2 - 2nd Shift, Sunnyvale, CA, United States",intuitive,Berlin,https://careers.intuitive.com/en/jobs/744000149945891/JOB218324/technical-support-engineer-2-2nd-shift,Technical Support Engineer,New,2026-09-20,9,IT Support CV,"Matches: technical support engineer, technical support, support engineer",Direct apply via link with IT Support CV,
,Technical Support Engineer (m/w),newjob,Berlin,http://newjob.de/stellenanzeigen/8121/anzeige.htm,Technical Support Engineer,New,2026-09-20,9,IT Support CV,"Matches: technical support engineer, technical support, support engineer",Direct apply via link with IT Support CV,
,Technical Support Engineer~,studentjob,Berlin,https://studentjob.be/vacatures/8134233-technical-support-engineer,Technical Support Engineer,New,2026-09-20,9,IT Support CV,"Matches: technical support engineer, technical support, support engineer",Direct apply via link with IT Support CV,
,Backend Software Developer (Remote) [Remote Job] @Hired,remoteitjobs,Remote,https://remoteitjobs.app/job/hired-backend-software-developer-remote,Developer,New,2026-09-20,8,Fullstack/Frontend CV,"Matches: software developer, backend; remote",Direct apply via link with Fullstack/Frontend CV,
,Remote Frontend Engineer Jobs | OnlyRemoteJobs,reativa,Remote,https://reativa.dev/remote-jobs/roles/frontend-engineer,Frontend Engineer,New,2026-09-20,8,Frontend CV,"Matches: frontend engineer, frontend; remote",Direct apply via link with Frontend CV,
,Frontend Developer Jobs (NOW HIRING) - ZipRecruiter,ziprecruiter,Remote,https://ziprecruiter.com/Jobs/Frontend-Developer,Frontend Engineer,New,2026-09-20,8,Frontend CV,"Matches: frontend developer, frontend; remote",Direct apply via link with Frontend CV,
,FRONT END DEVELOPER,jobgether,Remote,https://jobgether.com/offer/6a3e54d52da8cde35c74fda2-front-end-developer,Frontend Engineer,New,2026-09-20,8,Frontend CV,"Matches: front-end developer, front-end; remote",Direct apply via link with Frontend CV,
,UI/UX Developers (Frontend Engineer) at In All Media Inc,jobgether,Remote,https://jobgether.com/offer/69f25c5838c45cc8bc65d29c-ui-ux-developers-frontend-engineer-at-in-all-media-inc,Frontend Engineer,New,2026-09-20,8,Frontend CV,"Matches: frontend engineer, frontend; remote",Direct apply via link with Frontend CV,
,Front-end Developer,jobgether,Remote,https://jobgether.com/offer/6aaa53e302f009d735622058-front-end-developer,Frontend Engineer,New,2026-09-20,8,Frontend CV,"Matches: front-end developer, front-end; remote",Direct apply via link with Frontend CV,
,(1499) AEM Frontend Developer,jobgether,Remote,https://jobgether.com/offer/6aa1fa45b563ea142e8e8942-1499-aem-frontend-developer,Frontend Engineer,New,2026-09-20,8,Frontend CV,"Matches: frontend developer, frontend; remote",Direct apply via link with Frontend CV,
,Frontend Engineer & UI Designer (Developer Tooling),jobgether,Remote,https://jobgether.com/offer/6a39551063c956434a81c0b8-frontend-engineer-ui-designer-developer-tooling,Frontend Engineer,New,2026-09-20,8,Frontend CV,"Matches: frontend engineer, frontend; remote",Direct apply via link with Frontend CV,
,UX Front-End Developer,jobgether,Remote,https://jobgether.com/offer/6a55ad62ac00a71a5a8d583e-ux-front-end-developer,Frontend Engineer,New,2026-09-20,8,Frontend CV,"Matches: front-end developer, front-end; remote",Direct apply via link with Frontend CV,
,Freelance Frontend Developer,jobgether,Remote,https://jobgether.com/offer/6aa1fa39b563ea142e8e7cd4-freelance-frontend-developer,Frontend Engineer,New,2026-09-20,8,Frontend CV,"Matches: frontend developer, frontend; remote",Direct apply via link with Frontend CV,
,Continuous Manual QA Tester for Backend and API-Only European Union - Remote,EnglishJobs Berlin,Berlin,https://englishjobs.de/clickout_alt/5d697a41cd1e1cf9?ql=l&sig=5885b23abbca6798a9c75ec0889e6cc5256dbd70&e=FroVR60FibSNNl2FRWShbmjHw18Qpa2hkWduk70GmfREBa9Nsne_uMOGTKumdqtEF103IOGigQwnesCO0qv40v81NuVuXUC6llcmpmhQJmQou85tx8QF_5f-5MrPNftIUMOCOSsZ1BmlIvsKS8YQy6xkpi_hI-pJb6Eez2q-E8aXI-26HWJwU0k0YbDlHjjogODxKSjhXGBnLEkBTh9TEeVSYOnn2yb9HkRrXzv1soaYU-le9IKBp2vcqSEbBPlZQzOGHJA5QIHvVuMJ9kiPtmYtbdTaMcIjzQ1iDd37r-dibPFONZEwItbpNyRJ5CrvfFFkEvR4xQjLfEtj2lVa_sgDcd14AONqxvPBkvR9Pyf7dAAg81xLzsh1QsAKO3FpCV4WTj6PJgRvVSkupjEA3FZ7Qxa_fpbR91FjW1JyAdo2oy_lhL3knJtrbCs-sMT5ISQk55BuJDAa2WUxNOmzgbGkdC6Xg0kEaKcbOA_WbrPVEbX_AoNA3O7B8ffzwRMcCR7L7eEp9WOl6gzfs984bTYYbG5H_1VkE_ne61fETG1N1SSWpR3TMZtNflu0l8hIX46rTuru0jX3WW69EMdlRFyBC4IpcmmcHGlweEeQErL_USjhTtgIC54gEruEBiYo4nMFQmZ6ytIzOHLCWAaom2Pd_q0gYf-Lyli_q4CAfcn0J5RTgpO3kEwffNk7XSACf8cUEhyP99TqPWHlX-1QTJdo_4O3Nnx4b6Sa40MdJhut97pFy9apndDVDbwpDPBZ7gRbi1af6nMSS-ZXo36RQLbivk2Mb5h1SFhgal68H2jMAW9-_oPR3xhEFYlrwBBVaHh09y_x6muVlaBtkAF4N0PG6K8Q4T1D-NeqE4h9WYv5NIpMpG0OI_8tgTqduPCptJssMZZb77p-xfmjmc72TUSyBDfuGfszXQg3krctk5gCoOMwMNkaqFghI0hS0vKUTd-Bv1aqLdT9oCzGVSaZmfxEyWmBF3Oof3wluvgLkNFdY-doBanvu5SP5Zsvv7dt1Y9t0VYsvgxr-9aLpQVN7wJpXCs-CZTGHgUTWw1oEaGEQffwWnwadGTcYR1ePM7roFSgk3XuoDB982Yog_XVFndEGt3pomFgyeevIUKd9MTuvJH8i2wQO8FthLS_Rom8QZBbOxdD2xOgUtJPWbUInoj2AsG2dWeWT9P-qknH3BNBgpMthG1tRueIM2uMlYcKBHsv-nL1wRi53G2G6VeyCa8LXNY0Xw_tyrtwbi6CqpJEBiZScWO140DYoFNHCixgQkrVEg_nA24KZ_rhZPPs9muxRWZaGY7bPeVdofxih8v-DUSxF3TXyHUvFibVzI6iumBR-AlG-ZTh&prev=RQ363A1B8C712E3F&p=1&pg=1,QA Automation Engineer,New,2026-09-20,5,QA / Test Automation CV,Matches: qa,Direct apply via link with QA / Test Automation CV,
,Web Developer,Reed UK,Remote,https://www.reed.co.uk/jobs/web-developer/57206048?source=searchResults&q=developer&filter=%2Fjobs%2Fdeveloper-jobs%3Fq%3Ddeveloper,Developer,New,2026-08-30,6,Fullstack/Frontend CV,Matches: web developer; remote,Direct apply via link with Fullstack/Frontend CV,
,C++/Kotlin Software Developer (RustRover Debugger),jetbrains,Berlin; Munich; Remote,https://www.arbeitnow.com/jobs/companies/jetbrains/remote-c-kotlin-software-developer-rustrover-debugger-176052,Developer,New,2026-08-30,5,Fullstack/Frontend CV,Matches: software developer,Direct apply via link with Fullstack/Frontend CV,
,Product Engineer - Frontend (all genders),Koppla,Berlin (hybrid),https://www.arbeitnow.com/jobs/companies/koppla/product-engineer-frontend-all-genders-berlin-hybrid-332123,Frontend Engineer,Applied,2026-08-30,5,Frontend CV,Matches: frontend,Direct apply via link with Frontend CV,
,Software Developer - DV Cleared - Various Locations,Reed UK,Remote,https://www.reed.co.uk/jobs/software-developer-dv-cleared-various-locations/57188553?source=searchResults&q=developer&filter=%2Fjobs%2Fdeveloper-jobs%3Fq%3Ddeveloper,Developer,New,2026-08-30,6,Fullstack/Frontend CV,Matches: software developer; remote,Direct apply via link with Fullstack/Frontend CV,
,Software Engineer – Developer Experience / Tooling (PHP) (m/w/d),shopware AG,Homeoffice,https://www.arbeitnow.com/jobs/companies/shopware-ag/remote-software-engineer-developer-experience-tooling-php-schoppingen-391768,Developer,New,2026-08-30,6,Fullstack/Frontend CV,Matches: software engineer; remote,Direct apply via link with Fullstack/Frontend CV,
,Software Developer (all genders) - Junior bis Mid-Level,Medivise Healthcare GmbH,Berlin,https://www.arbeitnow.com/jobs/companies/medivise-healthcare-gmbh/software-developer-all-genders-junior-bis-mid-level-berlin-83581,Developer,New,2026-08-30,5,Fullstack/Frontend CV,Matches: software developer,Direct apply via link with Fullstack/Frontend CV,
,Software Engineer EMBL - European Molecular Biology Laboratory Heidelberg Grade 6,ImpactPool Germany,Berlin,https://www.impactpool.org/jobs/1230406,Developer,New,2026-08-30,5,Fullstack/Frontend CV,Matches: software engineer,Direct apply via link with Fullstack/Frontend CV,
,Embedded Software Engineer (FPGA),EnglishJobs Berlin,Berlin,https://englishjobs.de/clickout/ebf1f612d5ee7783?ql=l&sig=191eec66a462978ac53583e0b5fe7936ff28b8e4&e=YrNPRhbf1N5rTHTbz4AAtG8MVKMd-Ww8OOnUoo1sX3RBLxcgBHKRQ_0ztFQPIrHNFXCW2DbEe_EdNfLE6tppe7o6E-dH3SwEbOHePm_L0NfJQxVMbW_pc5Jug2Gsz6szhP9XHBl_ty3gxnNVQHCJvGTascqqu4ebDs0Ij21cUijXili7zMAozd8xCQ4iKc8iKfBsnx5euqnJHhFnQURNtzDV3QviVABabZf1j0uwr8rPzy6YoXfI13JV3AJVXZ-4yJh36_tSB8AEJ2_21nw1hD04gJhq8bo4r-zQcHOsAuSiZyt5UVeLnlQ-ncEJ5wU-ltCPEG5TPD88PFOfE4vghaH_SFN63Tf7Fv9X9JAsMVvrljP3JuMakbJdlir4GHbL78hSW407fKYlco9W2geynpIqCtJiDppYuWQ56MeuiG_51L6L5OhSSLaft4WePqvzDV7fHOz7QagNJ_bcPT2oPf481AvheqdmJSCpcWYBYr_pogw4EuEBlVrveliPN0YL_pjeUlOtJT6wfjWMTdZez9A9RtWtrfATe-UIrIJGngeqxqjavuIX8-kMbWJAiofkAetwIIcBbUpowTXiHDPFg0R9yA9u4SZcY6PXOb-olBiHnlLaQkqt_79q7sQfehpknERU0azMzRYqMmoEfojKejKmdALEDFQRXDbi4BH7thhO25EhOEb9Wu9JC71VDwgRXiEPbk2ioVbtyzBvsGOJn-rU3AZgdyXbOAieRCYucStASeM0qY5aS-f9XjrF1yUlkD_9XDasJWLBsrVvDX4vppK-j55wPTdMK6IMsTV-sC0R3RAH2uqZEKiDEPWILO-hUyJZXH8WBNDnWD4VhIM5bak8k7q1C3ckKfY7zIpbfMJr9S9Gc-uJj5MPH72u3uFIzb6Wjo2jmy22Eq8wTrizy-MlxPpJ2S_3W0P-nYqDixbkWyBs6NNeJ-dnXMVN2fej0n6T3CGqdjoQI9_f20MDPdP6_o7SSYvQrE6LIh-3jWBl_-Y9bJ6x2Vl_LMxaGt9BJoKTSIZJb2Ie2oAQ9TZUIGe_lVNMERH5ypMrwqWwlf2p0kJ0LXekamZJgSv_JkFKvSCh1IGN2GYtRqtyqr_wfvpD3b_HHQgdXOr8q9x9X1lfStiNNx6iiDqusnXWiz8ANO90Fs7ppEC6nmMvUjQ9YRHmGrcn3xu5V8jwxK2bijuz4DsbpcCP8JsHMlIgC2ya90tTSdWDjdHnNL6DXVdZFiOtM9_jBFAKhfOKw7QhPFDzHKLy41dUrNJKAbS22MRiMQ-bcYnspVTqG4YMPG994UtUTJXoNgIHbqr1VjOZyjHPM3bIRdbAI5NQ6UBWV-DD8vLoO-uWrX69xdc7erGDdUJteIMCtK6eF9TslRJo7OsTtI20MWemFcIotL3p-uLmZE5Sel5_A3-F_XDMa0ccmUphfdGOLFpOxU08kQCz_jBHynJGgWuSwngm6fw7RKZPpqMY9ennxa_6tGsIwvnbxrCG39ek-DCLt_Cxs4RLJQD3pcZAhjnJO7R9CcO_SClKhYZpBcoy2zmb7o5DOBXzDo76KYayGLMhpoRjQ5FEwjhz5Z1mrFD2bMbgi1A3GJMEpvj4qXEuCAnt81VkV-LIw57mlbADomMQMxd5VgCAM9oCKUUMvnwOPurXxqFLmFjXAxP247Ud2WrtCaN7W0yK_ICU2f7MgLnMZqJGmT8W3zZJatlvRdkZUcBWgZFXcL532W_hcfCgYWyP7M2WJEQ4GaaZ0qxXPouAs0O55xQFVxdjPJeJ96VblOKtS9U5ZqtUkulL42fSo36zW6-Dhhyn1PZierURNw-ZBvbtcqBCQo7DXRVZTUn9VpoSE3G_SKZzi66HVGZutluEV8lKcqEAUc_rEBm87vOukyvhrtDfIgwm7VGuFPyNGIoNDaMLQtpsOG-Yz__odQuorLpRP-rZ1n2bQ1e8jIuX5oAZ4n2pKGTDuaX_m2QXs896pwA3yKCDPJGeXN47yevJdKom3daGvzTwaI1XkEbo4Z_Kx3ms-yFaeldEfHFXEFuzyCoKHAyCfQ&prev=RQ82AC271F5CCFA8&p=4&pg=1,Developer,New,2026-08-30,5,Fullstack/Frontend CV,Matches: software engineer,Direct apply via link with Fullstack/Frontend CV,
,"Restaurant Supervisor m/w/d Vollzeit ... . Please note that holding a valid work permit, residence permit, or citizenship of an EU member state is a mandatory requirement for employment with us. Employment is not possible ... [ Weitere Infos ] Hotel de Rome Berlin vor 2 Tagen |",JobWorld EU Berlin,Berlin,https://www.jobworld.de/j.go?cp=0&id=pek9e-k2czm&t=10&v=1,Bar / Hospitality,New,2026-08-30,6,Hospitality / Restaurant CV,Matches: restaurant,Direct apply via link with Hospitality / Restaurant CV,
,QA Software Test Automation Engineers (Java),Xm,Remote,https://www.arbeitnow.com/jobs/companies/xm/remote-qa-software-test-automation-engineers-java-204520,QA Automation Engineer,New,2026-08-30,6,QA / Test Automation CV,Matches: qa; remote,Direct apply via link with QA / Test Automation CV,
,Backend Developer,EnglishJobs Berlin,Berlin,https://englishjobs.de/clickout/d5ee2a25edc04edd?ql=l&sig=2b0e42f9bdfd0707f1075187c8418c700a259a8f&e=BNVclGuoXaZXTChRHYQ1y0n7vXcps5l8EfrQTomnnTyPBOawYZuVLIPigd3C_0b1N-1rogVturQCzJUYznS7BbRQPEC7QDoSP-8k-2Ptp4RbXv6AzRt1O4dnNwwfNJdp-b1X8hDQ8ulKRbzepADIQAv8ubeJx9qrL6K-fcnhDfVYz-GUleDUlA0A4ge_BGXvQFLZnlvJ9zkunk1xF9LnBr29FYEZNRlgiD_noCZUsmX76l1Mwf5kIvKDkbVpTGV8smjfPFwSgTUf47aXYMzMo_odOkXl1FoAFVZaz_VSaOF1WuCPf-_1yblxfryWIbYxhAJK7KuX3I16CFNs3jNV8gA_EBc09345spa6NHyKbnmau6swjQIxskxbF9nxfO9jPjKypb_BLrcuyXyF9xiyaSTY4oakivVzNfn4iQIoJT85KeUMZBl6ULGU7yCpklWN4bob96iRjnKGijR4PUNVL7Kxz_2TV6YbsVW8hEb5JPYH2BBVTUvhBJpa_QHZssCEg7BrGOM4-aAas-4A447gRgtsoOKtSSyUGCiQwVlQRO0UEK9Ym7CFYJrTPkpGVa5Lx_9W4v0zJLpO-iBX8iq-dQLVPVrWXleXtfyplpYC0u6XREeLW7TKOpl11Lfryaw-cbJKZf09voqbEATlklmsdT3oYuri29qYccDHy1yWSQUzh_jkaOqTlJKfPdm3Th3kdVzJOwBaYdF5-U-qCfpXO1HuFFzQnOfiRdq--uyh1KhRdMK9mrVFfklRgpTeYLFp3qUxqVQwd8ato6vcDfiX190GUmVlLbzJnp2KsFtNWygho6Qdu6TizdAlDXn2a7hLi0ZV3eyDpEMMho5Go_6DzY1_kscgvb9BGjI9i87u4ugM7NZLqkwcHEuTWgrVcMZr11SoKudxzd7aftPY_VUCCAG49__hcdMZ_wZmInSlGxpo5bwCuUoscvgcgjcFoTtjWmRD8vPFNDsn4tR6lqQ8ShcQOPqoI3p7O845wQEHxNuZEiiKUA_d_xfXpuDJkw0FqVIORBzs5ifKg3IHUmXy2EVV2qu5hguV4mz3mQWALMSyN72h0FCbnyyuINhkqdff_olNBX_C2R8j9rFOKTQRuU62vvthCgnuqtgN2oAlD1tZpfVj4qpOWeds2C3sWEYUhupE2Im-U5gZTC73fYSsKysHyKAJVjIP4SPGjDVHBcN9RCW5aTHL5Jkwh79pt5Cafm2QpNYua6oSIGDHczv6o2NZSYmfjbVRBvzeTy0pCmpvrqmeMCLsO-QEecJF8Hj55BwicY-FdvkK6htZi-2tdUIwpSq_5j40Odo3qr68SZRW7YH1hxR0kjH-jyu30eri6ePKuBhoYBdRt8M0JL0GkghKcrphJIcLhD01kp8V8s0WRxGb8NGF4E-TNSdnAxVmordCLrqFYujw6miBKYqVo2hwBYYZRTQzbUbmErOEGAAhp-ncp-B4wx1iG47tF_pMgIZidygnOeDZpbF5cSLKN6wD9fCs4OQOidLia5x7JmuvYmfKjO0TEwfJi4uONb20s-jnLniCibY9tr0N_r0-kr24vh6KhpA1qcQxpa4pEykt7DcH8GLpefVGeqpaalliiwtfVIbF6NRrL84Ruylz-PXxzupBCAobHzM7kEtShdmVEHidHQPly7MctvdSsVGzCosAaVgc0E_LBuZfO75Km9ufYpc_EDkk2RVPuP5FiR6I_M0T6iAswKzqT_Dl1fMxYGtSTgRFl4DVu8mx4UMyo6hkqaf3PKv0paCBRGXg_cfMehh1lfQ6tZNcUp05qZWYugD8l2zuOI4Rsn0lcZFoFWEzwUNtHHgo5S4ltcTPVcjAy5fXUh_nW2zKDDcpuLXR8pP_TkfytEeFib4OZFsgNUiY2hYgc8M_6h-kGFqtx6FCr8IoQqgANjHOTW-VhLEzvvVhoBqsACDBw__4KLfb1W2tU-ufrYYs24CCqNg9mIlBSUQ8o_Qp8aOqHhgtOmIR3CeqXg5qj2YW-6aw4ViP9Xayz5tBNb1BGpr6hsmdltJrndw8zLXhTVgi1IN4DJvRdw&prev=RQ9AB8B15ACFD536&p=11&pg=1,Developer,New,2026-08-30,5,Fullstack/Frontend CV,Matches: backend,Direct apply via link with Fullstack/Frontend CV,
,Python Backend Engineer (m/f/x),Makersite GmbH,Remote job,https://www.arbeitnow.com/jobs/companies/makersite-gmbh/remote-python-backend-engineer-berlin-341113,Developer,New,2026-08-30,8,Fullstack/Frontend CV,"Matches: backend, backend engineer; remote",Direct apply via link with Fullstack/Frontend CV,
,Backend Engineer (Python and Go),EnglishJobs Berlin,Berlin,https://englishjobs.de/clickout/bc4f76e6a6472409?ql=l&sig=1a787e76a8a788072d42a47abbd2f5c195db8f20&e=rpnEA_hnIENMGnxOM_pPXh4oc84oaWzZ1dfOs3dKtEhGzCPL8P5MLsKv6mr1tpFTrqgeBBYKBYNAP7jUz3omwQLvdyG2JdjKG0TLeN7PMI2OlDrPIZzmPh9YFmEzGeRsYSBQUtKCCMdDgqu97GOZBUXAyf-ZyF3_jpCejus2JW-mbZejF8Y3Yr5efJAZOfjyZNMxzgTn2u92gKBDk2a6VHLry4-ZSFnYW2gBsAQLqfnWpFqn_UFNHO3_ymK0uu9yRLKXM7tiEV5XfAsxWb82_SBbighiE66lxCp--NMPbS7sya7m_tw4-nLMC3n4jO6AgRcf75maQHqWpX7RTpc4V2M1dI21FCH_Cqlq9uFgCLNI63DwiW8CBStuOCd5nKOdCYJOYvMXa339CqJwuUj-5J3mYcB9wlhzbuN8ItHFXCjylNgCC2Muiii-6p0_U2iN-AKIzemt4jAFFZzAjd3tn1yVTjASsIm2YKgx5Pxy2zWBk4HR8IHY-F0rgiF_H1sU8zAS1tbAwpIaqfLY1T6fQ97-_yXFOZ4zQ0_7QPLDke_V6PG56DIF-23H8QSvcHeHOK1XXwENr7GlNfcIb9hdfESCRY0HkM6Ihe35wi50AeYyibe_AObWTvc0Yfo8nfXNfYGMxOC6ttSd4rS8jE35Q261r4aVhbMMdD53atc_nRS51YER3RP51g5YCpKoqLCcdbcUCML3_5LvtSvb87BdtMAYto5DMhtbqJhHPaGl4uEaUPTkT-NUWYAse5NKAEBSoHLdwGlKYLMcQujfb9XuV6gzRDbrpL8GzHtn8yEA8ow6qZgBG-PwBQkwBQHL0VussmsybKH-mbutqEcC3pb8PrLSx8QkdzbrKfP6GAL_ut77WoasRCOQWBuj43OtzE_Hw1ovxS1PPnI3OEDK0mqkwV83sY200jRADczo3BrKc92nu1kDrAFhDzbXvzFO1tou81fYTBlog8ZG1pV2A58pDk5i2lG-5i6uiZ-e8yTbnKiuaHh74-PhVsYVARsoevBS-ay9HCf9hnwJ9sx2737_yqe3UVXRpwZPh_avKblbFXADrL6tvS-fYC-d1x4qhpmLrCD3ygGIPuXBoCRaP0WktMerwRQ1j7cMNUkY0SJeRk0mgFYfvRxyTsIUCuLYDFiljxba36zYtJL2jZWcw0TtXL1jxLhiyHRTBDcBngtvqLJZ-NlHGbvTYMyxmDMgHTSyfOwrPRZUrJvOnvVA_QPTrVGVdvm3IuIqunbjf2HAfMbwoLaNfuHwbuWREeDUvhua7TbU-0n2gRcpX2e0zJdLQpZ4TuxqNUnREBVhQmulgIuKFgqGjUSB016DTu38oaGRbJYrYiGuLgK25pKddwu-7nO0y4AwGE5i-CsdUGgGcpTlQ4LwEVQFNbef1KwW6I13j5geWfxNrWHVGsy3w1dQWp6rklqYjGR1dCoKcWgSYMUjr_noS0GLwUKfdtaDEBZMC8BkMlAhXIiOWCdHnkCpAmorxPkLw1K_cbG74-Sat9cj6rQsSZXL-zGvxDkL5zp3YvFkuHIhw5oky7wx6K-pLbQ6kXXA9aCF-k31iHEf-E6CcgBKBgISHzRsQpdaSENj2t1tG7Zgn3N_M2fHUafBq1_tyMkctMlsQxEjSycZQORRWXn7xstViwG3prUzO2WPxnxd8j288GuaUrtwiemYi9GW87Tgt-tKBAvdnK__xS6n6tv_1oaTQb0S4x1gktEkpklRLx6vR2CcGbRCq9dPapZ-3Hd8ATbRUG2vfCHMZ8pL_nq_dIbXdG4GbnCH8y0JmwLZLCJ7dwgHN59KjR6fPvEHir-vVmH0guCrXZXo5SFThmuIl4S5NMSsS2RmAcoGO5mKhzMcnJOAUnQpe54lL_5yKekxFdSHbItEMifj2tbP74uIBDqArpHtmCqeftkkcoLYKLI-ut54UzGFZ111EBoT_x3LD3lv7wVxY5LJ3_oKKK2hjy7ByL4hbhXcAevMJlzm27TlkvRWq1geYDqD2EDoBjESPv8lAa2BK0zDBy-hUCjHYfBnybl49y6rzXTEHA&prev=RQ08195945AF5338&p=5&pg=1,Developer,New,2026-08-30,7,Fullstack/Frontend CV,"Matches: backend, backend engineer",Direct apply via link with Fullstack/Frontend CV,
,AI Automation Engineer (FitMe),Gismart,Remote,https://www.arbeitnow.com/jobs/companies/gismart/remote-ai-automation-engineer-fitme-395989,QA Automation Engineer,New,2026-08-30,6,QA / Test Automation CV,Matches: automation engineer; remote,Direct apply via link with QA / Test Automation CV,
,Software Developer,EnglishJobs Berlin,Berlin,https://englishjobs.de/clickout/24b2b909fe90d0ea?ql=l&sig=da2f52dc16bc9138f6e469c8f1a2c94187ec94a8&e=EIGKJP4Odm0zCT16gJw2AS9GVzOvIT39Ha1f-lMsDmGt1pYTeojL_hPr9m2lnVLBzwBou_4iR7Y80SJpQ_tfEWPeThXEL65PkMIqRhSZnFyCqabT-4uLMsC1gRZEoeyEXtsysMYgaB49Any8B4apdzc4oasQmW5qV_00FG7bPuYrJkDZZCZcd95nGtjaxQstSFmXUGHvb8Gbe7aZz-UvRWI9_I7HgApxxUo07YDs9hiFNwHE61OFncWlQeih9YIoViU8msyffs7xJVvW8LQaztEidWaYdWDl4LQ1ST4dCSYlFNOpqQoNChmDe2LT1YcT-dExGRpWIZGWGykOezq8Z4bswkyBMjJVOh1mC2or_F-dXKWhGMzmeC6Unp5KJ6bsruGbpgYW3j9l7D-LAz_r8KlAooc2rWmkCsmQ-mzryDQH9md_CKN9vvyyVlAsAgwNmRms58P86Rfun3EBa93dPQnK4XDUtBsYf2e9AxuinsCcukxUyAH6A6RkMNATGeBr7RpUDRkalFCmfrApJqWOXb09L3aOP6cshHoEDS0LCdpHAcb0hARLFTv6QajrCR0d63QZ188XLWicGSquYt6p8ANhsdB9TlSTG7Fji7J5I9yc-ZNi_5jNnn7mIMynbIum3vk9qS_qDjO7QbJPJs6qDb9_s0leFT4Rov4tApV07vqsgUYBwUzN5TQXaCroZHVGk2O4lNLaa1VHYD2bNwShIee_rQoQU0lYO2O0hript1OcW_qoTecqan-xAQhcSjNaq-VTOkeMeW3Uw6EhOQZ5fLNfUWmHgxff7uVa7Xbmlf5IHV8ei7YwTjPq52enWFztSgdcmSRYj0lxo-dliEaaf0Vscww6JphdxPjwFjdf8pm_f1Fi0l12WjrX4kHfk2HqER6U4EhiVVW8eytui2Hzy9TWquThW4JqjCaGju0CyTwjwbtj0HOKbjVkWRihyVoFqWP8xHb_isn9Az7SjKBI-0w7_YZ2bO8b4n6kf6aVR0m3Dv9CuNpdmjZs5viA-T8H0H-Rd1JYXURcDwzPqZy5asaBrZcAwNbRRUCiorO7304uQfGbU8IOCdy2p41ZDMQ8v7QCr6NnnRSvhBTRB8ntmeLIB4dHX4pdsK_bjBgOdbr3AZy6kVDjTkNDyi65Ao_NkKMw8GMEGQGvfYv8kERduKiLkS99ARvliqJ36y9AWe_S0IgTNEKosvi36WAaXQz2BacsvAYVpapv-tzGjAKi2zb17lb-FaZajhQGO8V4l36rZIlc2tr3eNYHWj3Z1JajEd5KyMFuNOmgkkAAdawYg7f_LlxR8NRSy-1-AjHT6tqfuYbrS_Yww_tgqF2gY6EiGTCr1m8VIr30YIyyvZ4V-iHl0L6ircGoHQ9BVEm6nhqCV0mwb0dJuJ39cqVJQnQXs0Rl51P5Z8sHkgba1_318UOXALV_ZtPw8beWCi1mWWp5IQw_ikpiyzZ5pCd6BF9aITltbr9ucpMLYy4nCQCbWGTBZJdh-ParqHZw7gNbvYrUKLJvjTdJoy8Pc9HYj7crMd-zizrjDkak15CiWHSMnrxV9jU66gZKmNka7qPh9XYY4hzif_hZNkDAQMwFGN78yYby71getGIz-A7dl2cq5E-egYfWY9zqO9s-BaPTJjDdK9kVjb_gjZeYDE3xvNlKHArjNFAFTgZ9ThNfECDU_SlTcIel6Y52PX-e1keHFcC4i4rYxoraafbaIF-VQe9bWvY8t5XkemwP2z4adsESKdaIuBplGGtJnkpe6X19HkmDxxa_te44Tt8oumjfcKQS_3v157bc0-16vAtwY_BA1wqTz7uDKVRF0QNg1PFjwjDA0LIcApH36imqesxVWAVeTxHhqm4XQK6tiVcg8lDS_DVXmWVUYGdSlLH5YBG5_u-4cjmj6DbicpZniv2QcE5F0kHJ1X7JgQ2sU6n5XDL5SyxJxFc4FdJ3O770JBKkJny4FA1KY2GTKuYrD2l3xBBkbSm-Q8pE0k0m1is9BISzoSJIo3ltequ4S463eavp53UtUuKaLgRCF2u9UcvOEQ5zXg&prev=RQ08195945AF5338&p=3&pg=1,Developer,New,2026-08-30,5,Fullstack/Frontend CV,Matches: software developer,Direct apply via link with Fullstack/Frontend CV,
,Backend / Full Stack Developer (m/w/d),SOFI AI GmbH,Krailling,https://www.arbeitnow.com/jobs/companies/sofi-ai-gmbh/backend-full-stack-developer-krailling-424909,Developer,New,2026-08-30,8,Fullstack/Frontend CV,"Matches: full-stack, backend; remote",Direct apply via link with Fullstack/Frontend CV,
,"Restaurant Supervisor m/w/d Vollzeit ... . Please note that holding a valid work permit, residence permit, or citizenship of an EU member state is a mandatory requirement for employment with us. Employment is not possible ... [ Weitere Infos ] Hotel de Rome Berlin vor 3 Tagen |",JobWorld EU Berlin,Berlin,https://www.jobworld.de/j.go?cp=0&id=pek9e-k2czm&t=8&v=1,Bar / Hospitality,New,2026-08-30,6,Hospitality / Restaurant CV,Matches: restaurant,Direct apply via link with Hospitality / Restaurant CV,
,Java Softwareentwickler - Backend & Microservices (w/m/d),BBHT Beratungsgesellschaft mbH & Co. KG,Homeoffice,https://www.arbeitnow.com/jobs/companies/bbht-beratungsgesellschaft-mbh-co-kg/remote-java-softwareentwickler-backend-microservices-munster-41598,Developer,New,2026-08-30,6,Fullstack/Frontend CV,Matches: backend; remote,Direct apply via link with Fullstack/Frontend CV,
,AI Product Engineer (f/m/d),eGroup,Berlin,https://www.arbeitnow.com/jobs/companies/egroup/ai-product-engineer-berlin-279052,Product Engineer,New,2026-08-30,5,Fullstack/Frontend CV,Matches: product engineer,Direct apply via link with Fullstack/Frontend CV,
,Stepstone geprüft - Software Engineer (Checkout Payment Methods) (m/f/d),EnglishJobs Berlin,Berlin,https://englishjobs.de/clickout/89f9b54c5d63ee91?ql=l&sig=93f98d4669ec4f9f2d058b31a4af5a35fc196b5e&e=GD6ZY1swTOCL8VJIQvNEoxDMh66PkjiWD4Z6pdXilR-W1Dvxe--4P5IIjNo60XZ74F3wyZGn8noV0TokhGz72y1AUv956OpnFxF-v2R1xZnxCjgB7DO-HARiq2Wb373EKpDFVQ4UL5J2NFr2boGqmGxUAVUBXON4qs91NajuFcjbP5uzGJvZrNaCu6ijRzqYeq9RNhXdYNVT4AssjdyjUaacBzhNBc2dO3v75YW_OQYQ6Lq8g_j2o_wiZje8ZP-Kon0s2kqCmCruTHFaqHtMYVYpnzS8z-okwgOzHGrxOjaFXjHG9f0ZOWXaehV4S7SRsJQr0VWt5NW_0vRvl8eXCB7MDCRDIm6MyQPRWbzgxcYuUlwSVIl_sq8_8Axe2062q9_-RcLG-dC5Mmaa-ieUjQVG1wTKDqq_ui6RwnGtTqLB0ThneiY9yJKQjEqvWquARVP4n44GtS0I9dhyNyTJQOvw9dVOUCyTfDzvPzKT3PLPcHFLMBmyIxmoufDZKO7TfRE52H_R-V5ok3gqV-6W-JW9w-rfdQF-qxheT2H5mMQsVTukn6bu_xNAT35VtKsdn6sD3d91dCHGsJSlXMU7kZBOI7Lh8gwc4T-J8uHf6_ULb2MJxVmCz6BRxVDrQgwBlu9P7Ih3mMVbSWOEpzKg2lYX3ytZuaQzanttyKzNu9XdWtbeKH41XTuhYq6xwBsjQIoV4bfAX5Y7XVD1GWlBY9t81Oag_dqLLw2IbC9B6AZRWCnJLHSIxKh9IL90_sEZP3VrW1M86kID4PPvXGcDIZhkmxTBt61UhAGsovFhVfuDop80rkQOghAeQ319qGMH0N8B0NmyFwAncfZgm0tBI5Lp0LeagpK-eYliy9I7ObrGDAfKVgi8bQ-o1-_NSWC4vp6lo9qYZf_wQ58qBooSvD5pdsjFgU1o6cNv9Or3eYhm6WX2g_U1sl7iMlfdoFhegfIyqRBas5pAT9vszVBm5lSwRir5O3WZzV4mqhLRheUuHeZ48rTwl7rdOYR1sUXwst8drALURlDdMf3XGxJx72N5nqxRYkaBgQgYQUEAsnje_OYTx_5q-nlxF1biY6h_-OAo8XaaFq5Wlf9963ah7MVCbl1nmkK_x5gYMpN7N4Hv5a9hqwtQxCdPfNN7f6uDLIAn2Eu5xj5NdgGexJLFwqHFdvMrTQtNE3yGqMosxROjKbeDMaFlAG5IOoOsqj0mIrKa-_CmTjj4P6eAOupptyqil5pf8n8cDrHQd6U44uMzFHojFgiqaPO7EKXfgh7QCIC8u6A24nk2xZljSBAtbfhX_f1dnf1j76k63eK-QmAXKWVdh2W5HUfAZy6XJmbHAvfRI5PwkDVux1xnmRp5hTXtNadAbcfIntWJOXYsF8N5mxHOyMllYR1fjfCmME9lsH3h3iNQcVBBL5os32LOXl5nfTw3zKRF8e2bVFKu9hZqqqAVassJrqu3J0QYm0xuFNZ5_9beS5_pYxF1j79PohZVEhvszjLpTMKUTg&prev=RQ64F4D6647C541F&p=4&pg=1,Developer,New,2026-08-30,5,Fullstack/Frontend CV,Matches: software engineer,Direct apply via link with Fullstack/Frontend CV,
,Frontend Engineer - React,GlassFlow,Berlin,https://www.arbeitnow.com/jobs/companies/glassflow/frontend-engineer-react-berlin-316759,Frontend Engineer,New,2026-08-30,9,Frontend CV,"Matches: frontend engineer, frontend, react",Direct apply via link with Frontend CV,
,Software Engineer,Scarlet,Remote,https://www.arbeitnow.co.uk/jobs/companies/scarlet/remote-software-engineer-396352,Developer,New,2026-08-30,5,Fullstack/Frontend CV,Matches: software engineer,Direct apply via link with Fullstack/Frontend CV,
,Fullstack Software Engineer - Core,dataiku,Remote,https://www.arbeitnow.com/jobs/companies/dataiku/remote-fullstack-software-engineer-core-437469,Developer,New,2026-08-30,8,Fullstack/Frontend CV,"Matches: software engineer, fullstack; remote",Direct apply via link with Fullstack/Frontend CV,
,Full Stack Engineer,GlassFlow,Berlin,https://www.arbeitnow.com/jobs/companies/glassflow/full-stack-engineer-berlin-385834,Developer,New,2026-08-30,5,Fullstack/Frontend CV,Matches: full-stack,Direct apply via link with Fullstack/Frontend CV,
,"Software Engineer, Data Infrastructure & Acquisition - Berlin, Germany",Speechify,"Berlin, Germany",https://www.arbeitnow.com/jobs/companies/speechify/software-engineer-data-infrastructure-acquisition-berlin-germany-91842,Developer,New,2026-08-30,5,Fullstack/Frontend CV,Matches: software engineer,Direct apply via link with Fullstack/Frontend CV,
,Freelance IoT Software Engineer (all genders),gropyus,"Berlin, Berlin",https://www.arbeitnow.com/jobs/companies/gropyus/freelance-iot-software-engineer-all-genders-berlin-berlin-255711,Developer,New,2026-08-30,5,Fullstack/Frontend CV,Matches: software engineer,Direct apply via link with Fullstack/Frontend CV,
,"Intermediate Backend Engineer, EMEA",gitlab,Remote,https://www.arbeitnow.co.uk/jobs/companies/gitlab/remote-intermediate-backend-engineer-emea-147388,Developer,New,2026-08-30,7,Fullstack/Frontend CV,"Matches: backend, backend engineer",Direct apply via link with Fullstack/Frontend CV,
,"Research Software Engineer â Forecast Verification ECMWF - European Centre for Medium-Range Weather Forecasts Bonn | Reading A2 EUR 91,754 ( Bonn/Germany) / GBP 76,384 (Reading/UK) NET annual basic salary + other benefits",ImpactPool Germany,Berlin,https://www.impactpool.org/jobs/1234629,Developer,New,2026-08-30,5,Fullstack/Frontend CV,Matches: software engineer,Direct apply via link with Fullstack/Frontend CV,
,Fullstack Entwickler NestJS / Angular (m/w/d),Rockstardevelopers GmbH,Stuttgart,https://www.arbeitnow.com/jobs/companies/rockstardevelopers-gmbh/fullstack-entwickler-nestjs-angular-stuttgart-498575,Developer,New,2026-08-30,6,Fullstack/Frontend CV,Matches: fullstack; remote,Direct apply via link with Fullstack/Frontend CV,
,Full Stack Engineer - Javascript,GlassFlow,Berlin,https://www.arbeitnow.com/jobs/companies/glassflow/full-stack-engineer-javascript-berlin-176003,Developer,New,2026-08-30,7,Fullstack/Frontend CV,"Matches: full-stack, javascript",Direct apply via link with Fullstack/Frontend CV,
,Backend Engineer,GlassFlow,Berlin,https://www.arbeitnow.com/jobs/companies/glassflow/backend-engineer-berlin-260448,Developer,New,2026-08-30,7,Fullstack/Frontend CV,"Matches: backend, backend engineer",Direct apply via link with Fullstack/Frontend CV,
,Full Stack Product Engineer (m/w/d) – Bling Schule,Bling,Berlin,https://www.arbeitnow.com/jobs/companies/bling/full-stack-product-engineer-bling-schule-berlin-393109,Product Engineer,New,2026-08-30,6,Fullstack/Frontend CV,Matches: product engineer; remote,Direct apply via link with Fullstack/Frontend CV,
,Backend Engineer (m/f/d),EnglishJobs Berlin,Berlin,https://englishjobs.de/clickout/fff8384cfa822ae2?ql=l&sig=34429923e80446a74d1dc016773d22dba990031c&e=37QQQANKAKJ6wyIHEutd0uZ0DTXU7ZHoR84SIxhnAbZQAeCtIM96xbOdT40eyGWJi3CPJmASBghrQudgjRhvOUI8wmWNCbr9sBA9mESAWQP9aMX9Gsm1z2oxysvpH8EKWVJDg80qdq21zY3xyeLp9lpik9XN6PaWoYWTxzKDdklobovgiHNyHWqeK7Z8HHLkwYXDWhxkScYxXlM1pAVdl0A7Lm3G39_ym021qehNRdiOpvRdzE0l6-ZZiOh-EU63pdDkc75WKWbmKiBHooHroczhDuPLRqY1F8EktZuxkBeuJzOdf3RtV-p-zz3NUWZFuJIfsgOxvrAijdw3CX3DNFgpBp46TbeECdeFBwIZ4VClrfHVfwvIkRFCzsAEgr3uScT7hTg_WM96lp7TdphGrUZXPYkq9ZN4faxM_-XM_sK4PLGkWAILuj_JOcQeapAWUKD40MOtvKhVRlN6JNtuWnDFLrOefW6XXF-vkEAQaxLCO2kdO8OemhCOPsk6cGeoKDC749CMtoGBq3XJh1DHLx1ExxeaELa2P2pBUXwl9TCajIf94e1TBqR2W0OiIbXL8frzyGT6hZ-Q6V31es8yH6-deylqh7fGNN4Pu0qpEhuckclk7ZZ23rg6u-hZYZTUo9POrh4MFQDKHlvJZXkGTo57vE-4HZaG2rUwoDyVP0vnLhYrJlp--K_uBkyK1qBLaFS2PLDhSjC2A99QFP-o_LhG7pnhhziX4CbV4A9hkkpCOGKUjDlsF-h2u8-zcLGkVVWSaZ_BLMLrsbcOOVpco0UsTKcIAhaDNeVXGWP6kk8HQE_knXfOTScFrBiKJINOQST2pexH25ntDLqWgWC1l-ZdWn4hhisfjFTSxHQJBUmxW_2CHievMm59JiBSK2rV9dmeDBiGmt28FTSxGZ7a1kiTOT9A9iBL-31kl3SPhAZ0HyH4b8xhmycdKj2BavvGsy03gT3vYxXNYIV5wPBjGUG_vesJZ1Ms__3SznIoZOu-dyG1tVihlk09WSSAOXXD8_DoQAR_oJZ1cRAWQBBhkfMXRISFbNZ4ASH6H-TP7pbJ3_spSRfivBb9ZS-oIHeBKe5D9bcV-aEDbNZzbUgs3YDfm83g9aMsVi45bPmnum9nrvTarwtpN-3r6d0pbi8Gu6YKi7uWZ2m_dsqAdDKRYYpC3KucCkq57fxuw72xfs8iLSM_Jil7D8t-sh0a4eY-qm3MCwf8lo7DgtuX2lMbib2vR9mJpUwWZ2MoFrHK7HctSkhoQ0SUkodmQFhKL_AXaMOzS98A2h6_a4iYM2LgUnuKN115UuuNWoc07bbgebYCJpxrNQBTDm5G6nDA4CjXjHz5bkWW8Ila6Ncj35zwEuKvBVyJRB9Z3iIjRa_JHmw18yafHr7lehtfsGYQEYSg96kNc7BkvnNsH6vzznFNNfrZjaRzThvLeiiaaMNc2w4MRpXfsiT6WkuvL2BMLU7uf2EMYvZLUL_nwZAnz-fpVXFF36jcb0UI5ziMmZ1I35_rsegfR2YqkVZ0QajAa2y3N5uArYQ2PQth1O-y2Jzq36ZIcGWPjVG-BX7MsOLJi_t6JpqgHDroT3Puuqsf3wx4wfAxeEs3Q5n_UDGWxSD5DXnCO-bSqYpNQ_qgh5-whVmyHLsMxrmbYF9VRagc7NMF7BXL1EiyL6ovGHWm_w6eROVgGnYeIMbLnuD5aPwhvGDsN2VzJgUvfRZtj3sAVuvgIcT-XaE4sm-Ko1NbeZo1kR4Tdwp0BOoG-hPI4tU8XXrL8JjJucW4ILEVNLG2oFNu_KkQwd31r78K7Qf3EbMeAdBPvqqZZaBX0iExP5Sb5SjpqYUxqahMiqBaMp9RRd7yswf1P-TJSHTxkhCSlZ8AwXbpnqN3UGI2B4IDLmB855sEj-vHT84OVtz_MqGjKdVVF48JWYAYJd95ASU9ullBd095Z50y4sjkvnX4nDOGui-SApZPadNIjznlpR-hMfTB0zV0m6iOA1zQVJBXOX9TDNMr5hp0PZ56c-4R8DJGbPJQjYRszbXgWMLvfn2efz8axA&prev=RQ4F61C64FD24FAD&p=7&pg=1,Developer,New,2026-08-30,7,Fullstack/Frontend CV,"Matches: backend, backend engineer",Direct apply via link with Fullstack/Frontend CV,
,Frontend Developer (all genders),Vexcash AG,Berlin,https://www.arbeitnow.com/jobs/companies/vexcash-ag/frontend-developer-all-genders-berlin-321154,Frontend Engineer,New,2026-08-30,7,Frontend CV,"Matches: frontend developer, frontend",Direct apply via link with Frontend CV,
,Werkstudent:in KI-Automatisierung & interne Tools (m/w/d),Beilmann Marketing GmbH,Berlin,https://www.arbeitnow.com/jobs/companies/beilmann-marketing-gmbh/werkstudentin-ki-automatisierung-interne-tools-berlin-102215,QA Automation Engineer,New,2026-08-30,6,QA / Test Automation CV,Matches: automatisierung; remote,Direct apply via link with QA / Test Automation CV,
,Backend Developer C# / .NET (all genders),Vexcash AG,Berlin,https://www.arbeitnow.com/jobs/companies/vexcash-ag/backend-developer-c-net-all-genders-berlin-489363,Developer,New,2026-08-30,5,Fullstack/Frontend CV,Matches: backend,Direct apply via link with Fullstack/Frontend CV,
,"Software Engineer, Backend - Core/API & Process Automation",Camunda,Remote,https://www.arbeitnow.com/jobs/companies/camunda/remote-software-engineer-backend-core-api-process-automation-492538,Developer,New,2026-08-30,8,Fullstack/Frontend CV,"Matches: software engineer, backend; remote",Direct apply via link with Fullstack/Frontend CV,
,Software Engineer,ThriveCart,London,https://www.arbeitnow.co.uk/jobs/companies/thrivecart/software-engineer-london-322848,Developer,New,2026-08-30,6,Fullstack/Frontend CV,Matches: software engineer; remote,Direct apply via link with Fullstack/Frontend CV,
,Software Engineer (m/w/d),Arvana,Berlin,https://www.arbeitnow.com/jobs/companies/arvana/software-engineer-berlin-459963,Developer,New,2026-08-30,5,Fullstack/Frontend CV,Matches: software engineer,Direct apply via link with Fullstack/Frontend CV,
,Fullstack-Entwickler/-in – Vollzeit (m/w/d),Schulze Marketing GmbH,Berlin-Lichtenberg,https://www.arbeitnow.com/jobs/companies/schulze-marketing-gmbh/fullstack-entwickler-in-vollzeit-berlin-lichtenberg-477092,Developer,New,2026-08-30,5,Fullstack/Frontend CV,Matches: fullstack,Direct apply via link with Fullstack/Frontend CV,
,Frontend Engineer - React,EnglishJobs Berlin,Berlin,https://englishjobs.de/clickout/b17b43cb78c4a521?ql=l&sig=15f853fba24c960df43748d7385c549d79cc0c5f&e=qIC99XLLwKGkheWucWhO-9Yr9pyYRH17BE8lsyOzuxK0ePmssFLQlKI4dinyObi0ceXDKzQ99Y0cjRsR7LAqM6ra-1wSLoGW3rW0tV4yRQFDaUZWOq011Nha5C8ja0_OsZww4-Ck1kByP7SxFF7F-QgNgiIS-BCz9i2tLqKomQewAaEjjY5cnjWbG-JBiu49YySCOr92g919tW9XFq0WpxQnv4Up1Q2n8VCUk0Bp36hYQV0PJsL93BLli2g2dmT8T7iRZgOx-4IOOtCUPstou943YOdn4gTVbgmwxoCdWznQxk_8eZnZtzraIy4i53QK16kIBkauzgpTpHEXKI_EIY4rgIoWhVhfxiVWJDNpdZ-OZvVGm1eSkuBnMlP8SxAkMTAuR3DL_qvn8Ow_azoF9orc7aX_Rhn3Pl4FVuM0HJogRGPqXYvvKsDAk41xA3vNv7sPZ5tccOisFfv2tD1CFlPoZ2fVjKEVxXXBymRbMOaPEx22JrQZ5qmHzFKArgLJAzESSVxzW_wntNsTaNOCn96d60LR3vMt6bQBI6sffnS8onbMPU7dd4yk9ZtOtRH9-zZS7wpUN6V5pT-SsqRdhlNi_qBfLjFg7KsOtxYP9qaMspsyRYBPvH4j8OIZgPd8ZoZIZDMCDogjkrCNBEJQNG5vP4L2RndJ9Ezq2O8mq3gyMpwgArUHXdpEKksd8_nwiDc3LC3YxZKdTdox1JU4Ev1Y2E51_3W_OhfBoph5v4czUI_RewAhFR03bf-ZpNhDp3Tz3bUZk_nDj4-EphuRIL3CnH18AfeGG9I7WAKUsZZf13Edgs0K8ZkQXXTVrp6jWx3tPpsBUyz4hxR-iHBY9ZcWwjDZcTL4Oozk1oVD-1X4QiDvcs16kT0GBYli5j8Nm9NcR4cbL3CVc0i-Tqx5ZJTEFRJXvW6uLmNfvjgzAqZ2xosEuofnHg6P8q36RK7IBTgrbtyx50C-hN4QUAHFdbvJfW0pQ_bcN497l5bfX3Z6Vy7DJ4_-bNH4fIA0msA4VllVpSczdNjondv75GmnTPTm2UxtSmtdiLXZK8wrX748hWq_oiP45BE3MXi71X0j7WD9s3kvmtTdfFrBWRW7yX5Q6EdrQTsWzWIxVonJMEKBzTUpt0Y5ZYcwzbiYLXKotmc3aporfIe0MNs4qd9q-ZWjqOi3WbGd3YbvxfBM81aDSlNpc8siuenEPXg3KN47WueyhbpgKUuOruKEptDcwaQenl7TVDOoDIeFdj5WokfEGWazjfkFL_uH9fJCkl11igs6sdgkXBIylb71Vz0mEZJ01ZL_0OJKooICNjeClJn25kFfgCWL2jSZT_9KYeCP9NqXaPYZNgWBoaXPqLVNwNqqmk6sJVAo-blkmNxuvQynnGvGuoJeARfuF1HAYUJDfCwTicPnk9o9614FU_VZQZk0jOh9r64LHOpaGvPrbIuG-SALqVzmzovHCNXu8XKGr1_CnNvjF-O4bVetb541NCJ72AlnmZgg_JOTvrwB72DKnayt5rUYOHvqTUubEUrD_sXsLF0NlCS8oo3-WgE-Lt-9KHgbdpJayga2vPMSy-yU4kobXF57zOLdMUxI3_7NqNuSxOBf0zBjOzP_EzWjMSAaFQZyHcn8ox3Vo6kgOfHf59uDvogxCz2XCE_0IJp__jP6IpLk66R1SmEbkhSSknP4JHYokrOMo6sy0gh-v0iI26Aw_dMah_tYH5WlHdE2sD9oVBVhZFcLvIvbfXOwKoX6NOVOPAYEduMyDZho0FznuGiEEsJgItWGe8h2NisVyndrsTHKuAWydW9n70wpnqQR-QwmCh5mn8eF4ngnrOusSBDdPPxzn_XGOKeoQslCbrKZJEGyNIDAjhIPbUQeocXMpNgDp9jBxy4dGTikgRvwW2DLdNbM9asPEENmJpz_J6l3TIQ0wiZX4i5DW5a_8fyvO7WwfJ-deGBAitD6czuGRI1twi9vTNz77mv87_nUTw8Z92adqAY4KvbN0p9aHEBCvIvkiJnGnqWdQjF75E-xXPbnA2Tl-BA8m9YvDHS2Kg&prev=RQ0165E9339059CC&p=7&pg=1,Frontend Engineer,New,2026-08-30,9,Frontend CV,"Matches: frontend engineer, frontend, react",Direct apply via link with Frontend CV,
,Full Stack Software Developer E-Health (f/m/d/x),Doc Cirrus Gmbh,Berlin,https://www.arbeitnow.com/jobs/companies/doc-cirrus-gmbh/full-stack-software-developer-e-health-x-berlin-467987,Developer,New,2026-08-30,7,Fullstack/Frontend CV,"Matches: software developer, full-stack",Direct apply via link with Fullstack/Frontend CV,
,Barista Mini-Job - 6 to 8 hours per week in Berlin-Schöneberg (gn),EnglishJobs Berlin,Berlin,https://englishjobs.de/clickout/a15dd008dbc679f8?ql=l&sig=bfca029e85ca81ad54468471817b3848fa4cebd3&e=NO1qJVS5Zg_HVIl9QcgVBPn8luToxsfpFq8g49O5LmQh2HmeVOCi4N2_C4etXxdSsje6IbgYoYGNgricBu4aaTZatNXJL_-Y2xbKBvqSBgUhEj-t9HL2gwIzw7p0TJOw1T1be8FBU03p5sPSXeU3PJjKxbYAvLCD8qwwCxlmVD0RGnx5X6tO1hPdag6iswVPc7dVKcE5NEQR4rFgvLr8uW9P6uXrSO6TjNT7vYDOz8dfdM9Cl6mnE2kt049LIwRCjXdpJOwwZ0V4qQABzaXNnPBnTd08qtRQep_0yes8L3zlQ4Re0_OBhijoh1xgQyUINW8k0zePSo1YFzBg74r_ry8iJqvkmIOtNBXjnlUsmCR9i5oy0YDR6k9XmRKz4KaHKThsBn1xqGRDHhdmPxX6qIPrmwxj2SbIeVRo54ZLoh4EgCs_mLZ9bp20lWxJD8BiErGtnO426AOj5fadlDpCJBIndzUacc7uLUX4O05NSMjhTmyWgtsQJNWlCNsdofAK-_Jh3igPrx6zsm7Q3XpIwu8IBK7ghDK3eC2uAoqjf4-62gLoDCYFIhdZOF11QnhACAeVOUVxkwe5JIl3jD3FXZogm5hmLGb_9pSs3gf4AXweU-AjA6-3AHXPNt-OMGPupZePNLSG_Jk6HX5F0uNdqzkbqzgKtKFjPdvIpqBR1exTSTrh4pRhc79HnwbSDnNBcaYeLIo-vZZFUCICqD06r7nx1l_oSQ0YMGBeMOiTcN1IXFqrTsmHY_rwA1PRI5KfnB-55gDEukxokc32J99txZ65pa0KePHdyLlV-999UQ0tyZVX9rluTnItrxbgLm0qbvSgwAyvl9KaasohzwraAv-7vG534uN0YBShh9iA9828MMAYN6bt0lGme9oxvAnB3VulTsNfID88RoTO4gPxSsr3v4rPrib-gITC4zeW6MeBjTj9laJmLUjU3h3yaaJ13POsGjTtYq5yewkSDPhF3zeQYHpCs316Bf1rYgyMN0lYAlFezU1Ia6z3MrMiit1sjQ6z5m6z0G4rBjd8E-Fjp3CWzgnYRQ8JpPU721hIzyWT9bvMidcOD6dzwRI9XP9BdoJ4KoHgx8XcbvfVII3GlXkUF-NHohMJNcMiZkcPTmc5GYqZIY6lXoBIVdohnH0aVFHvWfhEVI7h5TKdFg2JW86PKAzQLPcN0ZJrP2W5haM1wHm9e61VGXqYFAIXi5DPYbw0Ef-7ToEGmHPxjhFfCsnHDzlEkXZvJyZU5uy1HTFp2AGMGGzCRj0oGneM9GAj0jkrKumJwMMdeK10muDsgR61irMMFkmumeP5qNC4kgC5qjo8E1oZ6Fk06XUHFRLbuVEqG1q0-mNgD2M0ZjtSEgTx4woTVTgHb4SBNhJtJYvqd_4OwzqR6Vp6qz72tVB49yVvnNTULxmXs0tQgX-I53rTTTkyOGRkCpb8GyrehS34CrbfYHXqVKqZvEC1yd46zqdM2b6E0uZ97s8CLsp_XdOxTsI1O0Hg7TmbsOuYbWbr5ELcTzpoCLyZnopbDayYv51TUTFVyBoC3kUoQEpHZwK36hP7pNjp-AYIOpFM8AkjnCzALlXL-wUp4kCn2lxsw37CmxD-0tRu_7Ytbs7DY5rsULmL78uUlhs9gd-qYM6KoiRtDA0zBUBIJu8GbmbsNR16KErGYyDaCjwb-o4VjAP2gwcDV92Mmj2kMVIn8ohssqVemFWB9pusYiUl8jAB_0TUYuxP_NskaAH9XLUj2QhR1gaGy9tjkKPxOQ_JLlbDzQbRaVLX__2XRF1Q0-d1UHQyPbaktKR186Strc997em0cQ-GSy36BQo1P1zox8pK-6p0WWb7O_yWyDIjny34zN2nRqm_eNxM6GpowJHBYVfozFaFZTyXPey6wmSKSY9Sxj_1hKeql4fnibzm_vfdvik9H5VM5fBmqpkQ33VW1yDmlszyOhMDS_mDRhZVNYpD0TiklxP_md5v6TEvdbAlQY8r_9OCChOj9Edq4-JCTJ2RExl1YlOWaXvryHGgAD-hUxucwqUwJgFzspuaPGvPCQ&prev=RQ0165E9339059CC&p=6&pg=1,Bar / Hospitality,New,2026-08-30,6,Hospitality / Restaurant CV,Matches: barista,Direct apply via link with Hospitality / Restaurant CV,
,Junior Developer,Reed UK,Remote,https://www.reed.co.uk/jobs/junior-developer/57223702?source=searchResults&q=developer&filter=%2Fjobs%2Fdeveloper-jobs%3Fq%3Ddeveloper,Junior / Associate Software Engineer,New,2026-08-30,8,Fullstack/Frontend CV,"Matches: junior developer, junior; remote",Direct apply via link with Fullstack/Frontend CV,
,Backend Engineer,wellfound,Remote,https://wellfound.com/jobs/3721618-backend-engineer,Developer,New,2026-08-30,8,Fullstack/Frontend CV,"Matches: backend, backend engineer; remote",Direct apply via link with Fullstack/Frontend CV,
,Backend Engineer - Python,GlassFlow,Berlin,https://www.arbeitnow.com/jobs/companies/glassflow/backend-engineer-python-berlin-157873,Developer,New,2026-08-30,7,Fullstack/Frontend CV,"Matches: backend, backend engineer",Direct apply via link with Fullstack/Frontend CV,
,Software Developer  Java/ Node.JS (Web Development Team),jetbrains,Berlin; Munich,https://www.arbeitnow.com/jobs/companies/jetbrains/software-developer-java-nodejs-web-development-team-berlin-munich-453740,Developer,New,2026-08-30,7,Fullstack/Frontend CV,"Matches: software developer, node.js",Direct apply via link with Fullstack/Frontend CV,
,Fullstack Softwareentwickler (m/w/d),TecFox GmbH,Braunschweig,https://www.arbeitnow.com/jobs/companies/tecfox-gmbh/fullstack-softwareentwickler-braunschweig-79481,Developer,New,2026-08-30,6,Fullstack/Frontend CV,Matches: fullstack; remote,Direct apply via link with Fullstack/Frontend CV,
,Frontend Softwareentwickler (m/w/d),TecFox GmbH,Braunschweig,https://www.arbeitnow.com/jobs/companies/tecfox-gmbh/frontend-softwareentwickler-braunschweig-113772,Frontend Engineer,New,2026-08-30,6,Frontend CV,Matches: frontend; remote,Direct apply via link with Frontend CV,
,AI Product Engineer - Internal Tools & Automation (m/w/d) - fully remote,Lyto Brands Group GmbH,Düsseldorf,https://www.arbeitnow.com/jobs/companies/lyto-brands-group-gmbh/ai-product-engineer-internal-tools-automation-fully-remote-dusseldorf-81871,Product Engineer,New,2026-08-30,6,Fullstack/Frontend CV,Matches: product engineer; remote,Direct apply via link with Fullstack/Frontend CV,
,Software Engineer – Developer Experience / Tooling (Golang/PHP) (m/w/d),shopware AG,Homeoffice,https://www.arbeitnow.com/jobs/companies/shopware-ag/remote-software-engineer-developer-experience-tooling-golang-php-schoppingen-64061,Developer,New,2026-08-30,6,Fullstack/Frontend CV,Matches: software engineer; remote,Direct apply via link with Fullstack/Frontend CV,
,FullStack Engineer - Prospect UI Solutions,Constructor,Remote,https://www.arbeitnow.com/jobs/companies/constructor/fullstack-engineer-prospect-ui-solutions-munich-415043,Developer,New,2026-08-30,5,Fullstack/Frontend CV,Matches: fullstack,Direct apply via link with Fullstack/Frontend CV,
,Website Software Engineer,360Learning,"Paris, Remote",https://www.arbeitnow.fr/jobs/companies/360learning/remote-website-software-engineer-431081,Developer,New,2026-08-30,5,Fullstack/Frontend CV,Matches: software engineer,Direct apply via link with Fullstack/Frontend CV,
,Software Engineer,360Learning,"Paris, Remote",https://www.arbeitnow.fr/jobs/companies/360learning/remote-software-engineer-190870,Developer,New,2026-08-30,5,Fullstack/Frontend CV,Matches: software engineer,Direct apply via link with Fullstack/Frontend CV,
,Sr. Backend Engineer,Andercore,Berlin,https://www.arbeitnow.com/jobs/companies/andercore/sr-backend-engineer-berlin-26161,Developer,New,2026-08-30,7,Fullstack/Frontend CV,"Matches: backend, backend engineer",Direct apply via link with Fullstack/Frontend CV,
,AI Augmented Software Engineer [gn] Data Intelligence Platform,Actian,Europe - Remote,https://www.arbeitnow.fr/jobs/companies/actian/remote-ai-augmented-software-engineer-gn-data-intelligence-platform-433040,Developer,New,2026-08-30,5,Fullstack/Frontend CV,Matches: software engineer,Direct apply via link with Fullstack/Frontend CV,
,Flight Test Engineer & Onsite Test Coordinator (all genders),Stark,Berlin,https://www.arbeitnow.com/jobs/companies/stark/flight-test-engineer-onsite-test-coordinator-all-genders-berlin-492135,QA Automation Engineer,New,2026-08-30,5,QA / Test Automation CV,Matches: test engineer,Direct apply via link with QA / Test Automation CV,
,Customs AI Integration & Automation Engineer (France),Customs Support Group,Remote job,https://www.arbeitnow.fr/jobs/companies/customs-support-group/remote-customs-ai-integration-automation-engineer-france-lyon-124506,QA Automation Engineer,New,2026-08-30,6,QA / Test Automation CV,Matches: automation engineer; remote,Direct apply via link with QA / Test Automation CV,
,Software Developer (Go) - Security Analytics,RedMimicry GmbH,Berlin,https://www.arbeitnow.com/jobs/companies/redmimicry-gmbh/software-developer-go-security-analytics-berlin-146655,Developer,New,2026-08-30,5,Fullstack/Frontend CV,Matches: software developer,Direct apply via link with Fullstack/Frontend CV,
,Software Developer (Go) - Security Analytics,EnglishJobs Berlin,Berlin,https://englishjobs.de/clickout/fdfc5fc8e9a73fdb?ql=l&sig=13bcbaf9f98cf44dab7378acdf4a795a6fc3cdeb&e=Uzkb9Pscnn2ifs_HxbhuZUxoPgiOmGqsyLe8W8_ShncU2nyMuz1KEgdbtYovhgZUEBztkhg8faKgIYRTGq85wsTr1QMLhRMesSQ9nKPwCLhrYNQcd5Batv9DFvjFBFpLBj-pDSECpyCEVhu30SJpdQDQBPcYXiCccTMu8Z-e_vu8zt1KA1b5pBprFDxsWfTDrpqITdaO7bM0W0t6dms_oDhWbhWtJleVENMBg5MeNe-pEmC_vkPxI2wfwHUiIt8WkZZmPHU3RW0FXu6XpnCEzb1xdXgeB245LtW2aBZc5QFRWs7Bas8S3Urw2pViwJO_wyg2Ooqg21Pvbc8S91vdKuO4su3saYH9IsVG5qMcOgr12PY1hGLEV1US4-EqaREoQ4mmJq4Hph6CWAkIlu0iMfhTrYXUOuZeSTm7w1AarMdoNBFPCKKjh5eLkoUeqKudC8o0NZCl3m76DLF0AeioHTmrvgr1aCuSvyJ84rtCuYoYl8aVCVWArvElEbupEptiT4aOnSBSLiRtN-8ltbJDWvsfg0l2f6VxV03fzDycagMWCUW4VggQDom6-cX2-3rkslJlL-lCEUy7-4SVI0uNQkQAiOHYfGOKxwPtSDB5OCk349IQkF1Kew8UAljIYqD2gCa0sYqo28XXlQcqCizdVM04mRwiN0hDRtrnIC1KXBr9p4bxyGx5VNADOa6XIjr6JLcz2FNz9z0cxZx0CoWwB4rHVceTBp-9c_rb7E7OZ1sWU08OBHXLyIHZ9jBeSRA6wH3FNRYhG1GJZ_BcMidN6isJivMENHnkRSQh8wGeK3E54BRayyHnE0_RHfC2h3XITEAmZR3dqrURO0hadyBxOHjrqe33Nq4WbSVKg7uu4Jvmw1Aj9E2dKqaFES6rlF1JVACPJ_EpkZBwGxOvebFOBzqHW3FaIIe1nG3f8rWBEIVAzd1c2PUmJ5xmR_TTNxy7F5pPqEnUxXu6z_PUsGXQ2sC2vcVmhaJzFdLY7mEEekIeGC8KQg4nMCVrQNUj2CkGAlcSfnNjyP6KZqVJeXSL3XODJ2TTzy2N17AlPBGCK-p2r7bL9JxGpiD6DInhYDrJRxelxT-eHLpcf_689wtGNpr9FlfDXo1sWK_7tGemiv4Fw6l0XhR_-1LkErv863epIzJ_caj_HTUee_4mdlv6rjV0Uy65x-eulX_fhGArBBmoFumBDMTp7o9yeVLwGR6Ka_2bnziGfxrqRsD6Zod5YTnXczh9rcXrbBaSj9FmLDQ38gJlhGmZbiwNr8eg1wFG4C8MwwI9x8S0w8SGqVwBP62sanBdqkE-aX2d7D6lMpEn9cgkGrsQwkgXYINZ-LjZRi5seNpkAJwhnwFBsC1fsV1Xylp0QmEetPAp3VTQKCQFfdtWlrJAtPSSG4mvW9eudMBeGKPvkf8-44q46d6mQ-HU0WVxt5tuoM5aw_x3nN7QfUR7hRThkUYwCchhoXqeAtjl2Wx2p7cYst_iUMurtp34FwsVF5YlouesTJd88W4vcJ5t21fzi2b-cimZULg0Sdk31rssahnny99o7EzOzDwm5EwgByoGuJKJu89pH38s-jf4EtlL953bZmFTqD-6CYRwlLkLTRST6K7lppyi2LhF73nANpmU3P9Ehqq2Mse5_wgxnZgi7dJ7Jr51Ou_f6ZNxftBByxUTJYWAjT0gU-1ucq-RsbJmw4-8Kuvy7PYr5n5XXxbKD4StlFUwrIyAgArtV3a7cgqZZWughMHpjH_pU9ZO0Uvn1m9p0Wnu-8TqZmhmILdpGHOa7gJhqbhWo-ePGaNyp0CS7VKK58kNYrPhTLsnEhCfm31WKzQ5s5V615Q13OWwvQfMT_IPi1mgj8UQUQ8QQcRufz9sFvi1YZOt5tX3IFpJeYtkKqTPhpkENg4w5Ujhi0re2sbe1Ou2DYS9ECFbZy-UGDjH4dQydAxHi_5Ry8jJRUYlwCP0jCfApKe8F8cBvywIUTk0AIps6sG5FnQP7Qv5LMRk4xQPUcZzmrrxCN2JOHl17aTlEQWJAX-p4pbFVbEpw4b72qucpA&prev=RQ95BCD42766EFAE&p=2&pg=1,Developer,New,2026-08-30,5,Fullstack/Frontend CV,Matches: software developer,Direct apply via link with Fullstack/Frontend CV,
,Junior Software Engineer - Platforms (all genders),gridX GmbH,Remote DE; Aachen; Munich,https://www.arbeitnow.com/jobs/companies/gridx-gmbh/remote-junior-software-engineer-platforms-all-genders-57344,Junior / Associate Software Engineer,New,2026-08-30,7,Fullstack/Frontend CV,"Matches: junior software, junior",Direct apply via link with Fullstack/Frontend CV,
,"Développeur fullstack confirmé H/F (C#, .Net, Angular)",N2JSoft,Poste à distance,https://www.arbeitnow.fr/jobs/companies/n2jsoft/remote-developpeur-fullstack-confirme-h-f-c-net-angular-lyon-461414,Developer,New,2026-08-30,6,Fullstack/Frontend CV,Matches: fullstack; remote,Direct apply via link with Fullstack/Frontend CV,
,Firmware Validation Engineer (m/f/d) | Embedded Systems Testing & Quality Assurance,Swissbit,DE-Berlin,https://www.arbeitnow.com/jobs/companies/swissbit/firmware-validation-engineer-embedded-systems-testing-quality-assurance-de-berlin-81364,QA Automation Engineer,New,2026-08-30,5,QA / Test Automation CV,Matches: quality assurance,Direct apply via link with QA / Test Automation CV,
,Software Engineer (w/m/d) - B2B Saas I Berlin (hybrid),Packmatic,Berlin,https://www.arbeitnow.com/jobs/companies/packmatic/software-engineer-b2b-saas-i-berlin-hybrid-86074,Developer,New,2026-08-30,5,Fullstack/Frontend CV,Matches: software engineer,Direct apply via link with Fullstack/Frontend CV,
,"Fullstack Engineer, Frontend-leaning (m/f/d)",Berliner Verlag GmbH,Berlin,https://www.arbeitnow.com/jobs/companies/berliner-verlag-gmbh/fullstack-engineer-frontend-leaning-berlin-141634,Frontend Engineer,New,2026-08-30,5,Frontend CV,Matches: frontend,Direct apply via link with Frontend CV,
,Software Engineer (Founding Team),Junini GmbH,Berlin,https://www.arbeitnow.com/jobs/companies/junini-gmbh/software-engineer-founding-team-berlin-454795,Developer,New,2026-08-30,5,Fullstack/Frontend CV,Matches: software engineer,Direct apply via link with Fullstack/Frontend CV,
,Full-Stack Engineer (Frontend-focused) (m/f/d),EnglishJobs Berlin,Berlin,https://englishjobs.de/clickout/3f4dd08ea910d76a?ql=l&sig=59d5c01eb11ca061eb9886c5c72a4ebdb25144ff&e=vgdY7vmDtvA4Bt553A01HpMNClDagSLc3v7KGnHIr-FbGlfMVSukjm0mpmvrMn1j_rlgRCqnQDwGxnBaxLGDKEiSfTZugFCgyXDE1-HwZ2wx8XA5wGOx5K7hqUAAvd1biEtyPsWnTihtWR-Xu_q0f4sJVCZiuwlLH66B8p3NIoQav6KOwReJn7WRC4xrQ7miBiLjjpYnW4Ul5zH971qc_2vdR8FlWBi2SAdCR1Jm-oXV6aMJXPluC4fVXrJhcVyu5OmNMOQjmXI-PDwLVKl6OJAv7QdW7Kxv0AcoG0hzbYoxlb6EkLk4xiaioy4cFLWgymcCFCTADIhEUdb9p17Np_9kABfdkemHuJ-_0g--SlCblG0KJzlNoxuVv7jEpHNhC9PQ0YzRBfIMK7BHaq0I2VfzgHkitx1EzuIN9S9mkKjPWS_D7gN43BpqaGKOocRZT-zR1Svo3zIky5IWVhmG6_YmRBVasXuEGu7qWjPP3IMU3sjzfZw_DUdaxrTOFOdpEhXfaBJTu_ulHnMT9WXaNi_091mhdtckNSggmM1nJfJ-i4x6RXvWweilMKbtiGN1vVAGLav1t2dCko37i44CWkyax7Z-im597v2N98aZAeIWtkutHF1Ik0GrvRKt2yS7A2mgIkp5fB5nnGpBFq-hfvKxXQ2sdKjEvfR1ne73V3hp0SuABQ3-Qam8eNWyi3hg-TatimtvChYQImhBFmgtSbkzI-U8_ZdONhmhuCEcimPuxuDqN_zrKqYZPQDIfJqp_b1IoCdCVX13YQTJkqBUZaYvYThK9mqfaGEViT67eNVV0E2Gzi4pl781hNJ1sIG8uoH79z1SbiGcE1cIyIS2vgEA4C2l5fXn57lRozqy1CMyxEKp6FFkXbNmYSAv8oBNPXolxopEZjvRqIWb4GD_YpvCMUdfV7Krq1AYm2KP6QNsEqzkS99o1XNv27XwngUVJFvVCFJ8dkakfi3aRGPx5L2dUoR7EkQTgMkTczrJF2ZVZuCheY9G9a1BSmnzkow6ptKtA90iH0Nb4FtWr7-8mg8wBOqm-2mviJIP_tWndas7ZN5DgIFPnHYCoZj180HZPCgvmboaRZXzUCfO2JEcswOLkBT0oKQNYAlm5OmplFXCyrRiaNRQeUPJxzXoMrlNGyWxPC7O9xJsDmWtJxOYTr1a6ZIb0NnU2cXNtiX0HcmXiYRMvEQb0SQBz0sEyd_O7fKPahYxkYLcF2CbZBjzVOMiSnNai-5iDy2lgiXppIhwi23sS2JneeK7y8OJNzDNh6TUGqSHTP_KhmZ-r6_WdjeVlZcEwqxZ-iQYIe038m-uYV75CDqF5cdc-2WyMpKBT92oLq5YETe5dCmRF4LVCYEvqeOVp1CEhSTgcyGkBusJOIkcZjyONHQ6Uvo3Ws-MXvHUZ_3J291uVu01Ri5ilE9gB_w5dI4bTkc8vlzl8Ts9Oa4yZ7Seteiq_9Tks6vcJvQTCM63w7vXcsf4dr4keMV7nb5_wS-2Zco2rNFiHtlJ-KjiA6LlW79F5rZRrDSBgOI68yl5O1Cep11LS-kyAH09G-AbESym9TP22bsLyu1OqAwFgAAOb3FYDhY_CbNcpvldH2oLqvEDditu9mDlcNiq5VgAdcmK29u-RWnNwM7rAERAuduPlVRskplkfQTefq94bKzzzpkPte35hvBTRToIJ3JHA6qf2CLQm02lyqQieOvCPoLQNxwo2cKgN7WnRT5_FAv44yh3OHlqGBFCF-7O6nVvqOP2125tWJxAIBiIU8mjsn4THf4ILjksZQZWXhum2kDv9DBvbtYJe6M8Mv7uKfawzdS7OcusKhboNciIJjBN1XypnUFE6z7o8cfq4076ClS1BcApo537-0z-UPIiBOnwcQ_ZYmxalXkuQzFS5DKIXHNGHb7rz6gLtvbGaLMEX4QOMlwy2vdXR5OnOUucCtpDCD9otYymuOiWYOy8ASZ__Ya4UDbbqVa5QR3Zid61wIJSw316FRE1Lev-b6mNdckJcpbhGGLWzXq7tCcIthVxeYuojf2xgpVT5aYJnA&prev=RQC1B8539768EEEE&p=10&pg=1,Frontend Engineer,New,2026-08-30,5,Frontend CV,Matches: frontend,Direct apply via link with Frontend CV,
,Backend Engineer (Golang) - Bank Balance,SumUp,"Berlin, Germany",https://www.arbeitnow.com/jobs/companies/sumup/backend-engineer-golang-bank-balance-berlin-30862,Developer,New,2026-08-30,7,Fullstack/Frontend CV,"Matches: backend, backend engineer",Direct apply via link with Fullstack/Frontend CV,
,Quality Assurance & Delivery Agent,EnglishJobs Berlin,Berlin,https://englishjobs.de/clickout/1f7e7339da24be75?ql=l&sig=331e2b0b3d4200de4ebe1bfb22c33b03fd0cdcf3&e=FHopir9sf_nbDPhSJ5qS635t_L42toUdA97_mcYAHirsLSQPo8_wEDfBFyosuDxPKRNEhZyT-X7MCYoTP5ZbK6sRs9iLQkPBw6P34A5dW8niJK3-fIFQ9xOupQEL8CW2nAFZq-sBZmazK5p4Hu7nH_wWRms1jKm0lKiFRrXGrgNU00Z29LPIUsjm5eOLDA3LhqfaYI02cGscdoJcgZynAaVIcU9rK8F20q_0q-T1mYQNe8AOAVfeuCWj3a9ANt4qhMMG7BtfIT0QV8Stjyu06NtR2FZtdnuCxjMkNJyHK_p9QvwFGwz5vSiZ6BHyS5rGUPqzQZNe7QOeTsg3bEHe1eb-2RLqLcxpiwXXL4UTkRK5dJkSMzTUKZZ7wQF0cDfxYp97854FWLRE1MVoDcuHWcMx9fZCL0Y3qB7NTNILP0I8K2qhZ8tTob-7CkVvEnKvUmlnaxm_CBdwqyP5FZwW2viO41FV6HeDd-8jez-j--aendFtduugpm80DDbEufOvfIEpvRGbtK3LBZ6J7uK_dTlJ4VEBMbKl9zRG2EvLrrakgj3IeLW9RhgIjiNbR8egUWKPVWLmqMcXQ_t8yky_X4gd38PYpvOKsTSk1-LwxnLLrkjZ3CB5y9iCUqgok64mRUTDW3qJjmuUMSn9EavkuJnsLzHXG9hCg56R-K-OdcsSJqAb2LPZ0_TIQarb6Ag3z9vdqKROR-n2sD5IBBgaZx7gMbxaD4LovCKSYOMfGT9SvghEVqGCOdTZEDYptJSDb2iUXqLXqBPUO9BM8qGNQSxQDJXqVLp7C9Z_1VF0t9hTrobTlLPjwcDeX2JxpiW5HQ7S6KmFPt3OdWV47q3NsQJhKhemPnYp74bg9IIXPjmQN4t8blb_6XeOkR4Obw0SMlvu0Z3bQHbmHQZ6KNgUQLfBDyY1N9xab1zjb9aypyfKm9qPbZB1tXQR80V_vrslpmtvMPgxyd0jIP5d6RfZHbOajuMiZz1MGJeoGDuXkRTzoaGmFw9Tq4X_6X_A19v6HgzVBRyNm5Bctj5RR4fFNWNhZEC6axS6o9xFw5OAvJ8JsKGn-AMpWXDJM7SkK9eUbm4EpPTfZ47NtMnr7Vl2VgEQGNrnIVpLsGXMk9J1OCfGwUxfWnp-45z6bv206n7yqIfH0ovBc5mmkNA9rwTRsrNiVCK7pvhrhU1wTzeE19bkIFLAg9sYDB1XC2fNyjhjdB9-Jt4gfrpVKvJ8yK3_u2yqh8U85_6rQQWk29y1vuLtuHGUG1G9usz3mbigaaPrFryv_He3oQnAu_qAMGsSa0S9fOGHjlwhCyT-QivjWtB4bUTE1SCmTDW5xgHgGuBz6oDjotkO59JvN6XAUXqhHrC19NnT_52twBQVfAPYPUJ16-05bupX1ZLFB6o1ZxOa21HrnW4g-JdFc0v-ALzWRyyylpULEwbUcvk1ngGgkbFLnCyc-Rqdfk-HNPp0LV_cvkc9FW8BAWntLq8mBTMhxACwiOuuJBURDgtU53iAEwlgg9FsV8vcPKH6iNEXj9wqwyFa-6jWXvYdLNR2ehFR9pnzI4laO9-9kvXQ8dglCN4FuADh4lQ5Iarfu2mG4yKO4tyWPvGBuc3mMW7Y-gXJaB9b0WUAG7e9T3dh-PE7Y8z_dWb4tzBZh1fPeS8UaSsoJKozUyrb_r1DciURfrwNQIvSZlTval5OCw0leKdI67V9JhYwwdHxCMNqog2mmvZDh_C0MRoko1AVbYhyk1UbG-udG1JOMm6NTNR1WVAzbH1794Ae7WnHpW_Mv9MOBxz2Yxosje3T3cS-YsBmnN-BIzdVLDzUcHX0eDCIPDObD0xpK237D_OZ_kGs_JbMFjKI_cX4dQAYCEvte7LvvbQtqpLbJdN9pOMcz6tjb-VsBENRGTNVXWwuOisdG4PN93pic1g7TZekLdmzvOWK9k3tKyFeScvdCbTJP2X6eBDz-_K9AZMYw893D0QC1PB7mXW5XtxRMPTLeQUNCgC0jJaw7RG17iKkvHGOUcBn58f5UmOnC8HCZe5RRFVSxGUnoMIuwQ&prev=RQE58F40B322CD87&p=9&pg=1,QA Automation Engineer,New,2026-08-30,5,QA / Test Automation CV,Matches: quality assurance,Direct apply via link with QA / Test Automation CV,
,Backend Engineer - Golang,GlassFlow,Berlin,https://www.arbeitnow.com/jobs/companies/glassflow/backend-engineer-golang-berlin-303392,Developer,New,2026-08-30,7,Fullstack/Frontend CV,"Matches: backend, backend engineer",Direct apply via link with Fullstack/Frontend CV,
,(Junior) Backend Engineer (Python) (m/f/d),EnglishJobs Berlin,Berlin,https://englishjobs.de/clickout/44affb55381d4c16?ql=l&sig=a2a1b1dd9a521089709698201b34b118d294a20b&e=FGxadmtk_zrUEo2MbEBlRnD-q8Y0zyA0ipMuFeh1KmVHhm1lNKGaHKvZOi5x76jP8ZiFhqV9M91NpKeQZpuYDBcrbvUGoDxS29TV9pYx1i-UcxBBg0h2KYCyaUGjTSJNeH1KqDJG66vcKzoSLnT1J_gZQuFHwjDRkNdKGbk16oH70TSSNJO-9rBTC0_FmJPvaz0f3TWQkviLE8UkmWDynqInkbG6fOYfv5TwIeyrXH_WSBUHGsE8P3nAwUiHpFDvME6SLVJ03W2gzKtqFijQkkdGBRHNdZurakLn39eLnTNBv016u8EE0FH0Pw9Ata87OCqxRuYUTJDg1Z5xtMaIMSXgbrZPzzMeJhskyXA7El9M7a1moYMwY1CFwGtgEg1s2Bs8aFTDDS5tHB5_ypgkiE9Cdp4iQhvEdVlkbsqzj0j90ecP3ZVQvEb9fT6b9xiJ2B_cPiCw9PnOQ7rgRL7UhX6qr5cvVnyI9k3v4RpXvWQQD166q5-56cP7QE20f1GFPWGYE7HDs1SDJvdCpoEDBeqTy6KwBeLFD7iI7OzguyVgWdB27ofnD3_5PSDIuh9FTGFJ-BGIgW1e20nwAzj96xnhGN9apG8n3D_60WVNs-Hmn6o1pnIYw_4Kgqf7s9ngFq5ZFLy_np5bamHLd1sTvwVPDwiOr5-2r-cvanC7r4JABe_R2OuOoyZI98WHwhZZBajp_ELJuVQPttXOsmK9adXJrRATqq_4Tow-YMO5YmmVi3RSoIx4Nn3eE3K8E77FNFo3_nTCj56wSIHWSSrciLY9HofBYU5SZKIJSokaD3tjOv1Iu3N1x-MlmGJ2RECv7co6DYPF0QPJZWOXCQprbpl6UTL_n3_0F2OvfanbQ3GjX4uI3CF3dyqO49845QWEdT41paGGmeWeduQwz7hVXfuFjNzenJ7iAhrYEEYMBD-lfVEUkgLQy6AdmZokmJdFVJFPS3HbsExDyOHGOokO1dyGjFxfTWUf0g8iPSVm1UlJWWvKItX_kpYj7Rp1rOeZGbdR0i4VfuszB_C0oNmv5RqTr53QeoBN-ICGTbG34h8WDTC1qhRvMc1zK8oFkAvYMxI3S0PgDY99H4YfN3ay7u1OvqrOHMKZZ6feco-qfxvwqtfpGHap3CTWkoFuNbKpTFao7ak8F6YjFdvhPTcZ11eEtMZDYrJ_NHHWUxMM_FegZo_aKm0K01YdvCxwnAtfimeBQKER4YfThg798eelD-0w_BXsc_RCyV8By_HWio4PNdZrDLjQwoScmMMoBoe74VWZCkBO6raD46MsOgwjIFtStpI49d0CQPOa8TOFBV-vIAztiYS-0Z37RaE33lP4Wq12xJk_S2G2YZiEAbWdtgRQ4y0FGXklQuKppL5GoEOrtMh2czTGRcu0NvK-AgF0xMGEjkOTW65upyT8VK-C6BwVz7z-FrA1r07TJA_5DvNt700r5bQqht3vFxNOnhJV8Spz4F5Ult0niWiJ_7yybY23ADDIwC98fs81Kkky79660P9nKRKE5QLnxHBzcT23_ZKhDcg85nAUIOqx5qgSaQXMQJ9Np8iDOU8HGdXVgxa8i63_HGw2Z9OAREXbQzplcMLxBcPVwMxrldm8bBB27vS1KEDTsEEMnePyKUQcMLLuHQ4p8Nsfk1HWUb1wQlkhc4wRHCEF8LDoi_MyEQnKzwaJVZuL9m7_MU2mX5mx4myFMn-Eyok-vT51d5EWsK5Ypl3X5g4JLnl9aUyZGQlyw2V3tRny8BJbSlKK7nMI0-zY6wLkfx529YnU3T14fNxlaAW2EqALLFW_GTwwXOKTaDPNaCvrHTkkyjZm0ZPD4RngHXRBqs11_JlMDIdWifY5H2f5vgN2JX0ecqr2GH-RymdV08xZWntdYzQr3eY6JouvQGQDQSZ9YvrTfWt0KKuaIMhcUZ1Rq-VgCuHnT99JkLMXdu2EvfBmL0Hwb8GjkVwKaXlvPtTMe8ewsx0ZpBlkGFPEde95cskkr3rUGUPB2b7BskWY8XtPoM10GIo-UZvmXVUiiodwANceC3X2pswyZw&prev=RQA953341AF2686F&p=11&pg=1,Developer,New,2026-08-30,7,Fullstack/Frontend CV,"Matches: backend, backend engineer",Direct apply via link with Fullstack/Frontend CV,
,Frontend Engineer,GlassFlow,Berlin,https://www.arbeitnow.com/jobs/companies/glassflow/frontend-engineer-berlin-475016,Frontend Engineer,New,2026-08-30,7,Frontend CV,"Matches: frontend engineer, frontend",Direct apply via link with Frontend CV,
,Product Engineer (Backend/AI) @Briink,Merantix,Berlin,https://www.arbeitnow.com/jobs/companies/merantix/product-engineer-backend-ai-at-briink-berlin-284171,Product Engineer,New,2026-08-30,5,Fullstack/Frontend CV,Matches: product engineer,Direct apply via link with Fullstack/Frontend CV,
,Backend Engineer,EnglishJobs Berlin,Berlin,https://englishjobs.de/clickout/f40294e63ec1c54b?ql=l&sig=4fc50723616140d2afc5f1e370072457efa56184&e=6mIv5gJwF6DzfMEk2lL2w167c5pULaN2-U-CzoDYDuQyTsL-mGxMVwhJewuEPgxBILfBBIfDYSF9sm5gFcUXenrBMSIyBkvEEsn_BA-So7vl682NpSrGIRb8sZopAaWgk6rh8vJ0S213HSBIxses7noWLqU6USOtclcDW71aNKAqTW0vqEmhM1GCa6IBf35itU4abeRRuMQnRudXsrvCtSPzMB0k3vzNvcjzt9tEQTrrpMtLhRVj_VWYIYtFC8S15B6uJ39_pmrY5OG4qEc_6nqpvSbarlHAjK5abDxyHNpgQLLUKx66pV6Aza5E1T2LTxTXixNWITZQKyLSXF7Ve7llJqVeIVWPPNRu55_OKCspVXQ5KCC2cMmRFPbE0GMHu4wnqSVF1-xtF0sd-rwSJnDEcJRGo6G-hN39FjKEL1VQq2HKX5AwNKFmKkT10wyk_Bsb0U46uzWo-eyLugDWhuXapkyJiAXQsam3wbfR849llpbf-jDYDZF-gjCRQVKWIaTHvoy58qNEjIory8rnQAAwEgMU3N6YGJOKXoZtvacAU-4cfcJY4lKBYd7jLYYa__DC3KJPqgRJDlP-Ys4fvvfftjuewpbReU-0d-WfbA_4muJTAvFvwmsAF96bYvxVwZqL8DyhetT9E3_u-boDr4isAm3UtV3BniA2R_MoZUZLcSEI_l9cO6rZ6hqkCCXbw1Eu7GbiR_HxOX1iTCzQ6VYxRhzuG83u88U3Zbgcf0y4BEDeL55x8lAZxKm7tvk6vymESpl5x79yTnUc67pShTXMoiCRKO1V6eZNikm6hBvQJxZjZ7tS4aAHfEdu4pSmXFJxzTkaQ1xTTtGhYmWDrMzicM_9kEc3oM-HlmBINvUYNgd699STuJQMRlD93KeOBlVA3ZZ8QxyLWvX4SaDZQ3B92zeT4aU3KiAWC-3BGYjxAm61Elc3Re0amxEx1x5ubeq0UdSduxfHT-v0GiPQwvYJmS6HDpyYWBFQ6Au-OHmnH-eDgMfVs9-oWhRkNO30lDguvP-a_IEn7a7k9sMm8vYgq5wsVpcc6Kw7wNblu3FQj4dAEnhT_aaY-ZVEUvMiDZlHDXcpdZBBNtlc-GbBkWwDu1mYnKVeNWO7RfcXlRWVuw-BTJ4en3qzCqJuWME1Ly6fGm-fraFwoWTA0nbYPN1m12ZuTCfSwOeiQDldveja_QR9ai5jl06S-Dk8qBppbbOkDjZDUXGeSITybuiTNA9ZDS7-BElA97vzfp4p8Fs9eXiTEwSBRTqdTTq9MGrfbavR7Hrdwu4e6dikKrp8tBjtXwDTBSvHsOecmPBjhk0ej5BxAb_spn6DFLn1Z_b3B01WlwMUSqqan1nE4DYV8kXkfthKeKwniu5m6avFvRPUGytb_UEmRpf6o7kFshZmiGA7sw&prev=RQ989F2215A2226B&p=19&pg=1,Developer,New,2026-08-30,7,Fullstack/Frontend CV,"Matches: backend, backend engineer",Direct apply via link with Fullstack/Frontend CV,
,Contract Golang Software Engineer (Remote Europe),YLD.com,Berlin,https://www.arbeitnow.com/jobs/companies/yldcom/contract-golang-software-engineer-remote-europe-berlin-12662,Developer,New,2026-08-30,6,Fullstack/Frontend CV,Matches: software engineer; remote,Direct apply via link with Fullstack/Frontend CV,
,Fullstack Web-Entwickler (m/w/d),SHAPE DACH GmbH,Hamburg,https://www.arbeitnow.com/jobs/companies/shape-dach-gmbh/fullstack-web-entwickler-hamburg-478554,Developer,New,2026-08-30,6,Fullstack/Frontend CV,Matches: fullstack; remote,Direct apply via link with Fullstack/Frontend CV,
,Software Engineer - IoT/Cloud/Edge Backend (m/f/d) for the renewable energy industry,H.E.A.T. Energie-Software GmbH,Berlin,https://www.arbeitnow.com/jobs/companies/heat-energie-software-gmbh/software-engineer-iot-cloud-edge-backend-for-the-renewable-energy-industry-berlin-71176,Developer,New,2026-08-30,7,Fullstack/Frontend CV,"Matches: software engineer, backend",Direct apply via link with Fullstack/Frontend CV,
,Controls Engineer - Rust Backend (m/f/d) for the renewable energy industry,H.E.A.T. Energie-Software GmbH,Berlin,https://www.arbeitnow.com/jobs/companies/heat-energie-software-gmbh/controls-engineer-rust-backend-for-the-renewable-energy-industry-berlin-38841,Developer,New,2026-08-30,5,Fullstack/Frontend CV,Matches: backend,Direct apply via link with Fullstack/Frontend CV,
,Backend Engineer (Golang) - Bank Balance,EnglishJobs Berlin,Berlin,https://englishjobs.de/clickout/a29d54cdb4e8b1f5?ql=l&sig=15bcdc4b806b22c6cff7212c2788c3b083fb7455&e=0Fqz5rV0G8W9RI8WVPPoa2BnVKP8WPn_sqmWzdrqFDVn1NpFyjxExnXAcYeb74tTkAxN2r5J0qspNmbwNAS1k-7-RjkRrfQRxc-LokLxVZO4_LcQVAmrlqfavtkXNpnniSARPXUAdpeqmFm6zL7aboVHgZPOOek3ertc19eB5wPjmMNFgG5SIAru7qawBJAbfmQ28X0dY5dbeQXgtY1D-o04FzsCKB9Vj7RB4hdyCs5cdYZEVMHkhATE3yQlXTs46GY6U0ZKY_VMSbCGTvrHvMtIj3LQPfqbXRgdd3683Za2M_Kv4SNCjE_lA1cdPxls4iBr6RYo6fc2_ehjoJhHJe8MDfEKe-XPgF7O8XAQ2y-1dK3ile8q19jg8IaYnFXV2XPHt10inrcMjpaOtNadi2SbbIddpPhIfwIYbocemVl8itzrzaiWbmcjk3D6i0xbAEGNQ-1RJsnV6Giu9FSi9Wl8n-s0V99-sDX1S9OTv9s3tesIwvBSmucJODKWXfwNxAEo0WCzErgdz26qy9DN4mpXoNsTxEVrVmImMQ_-yHmBohxM4KahqSnwjgCKLXPsRq1WI7ZH03NG0Sie3QSsMpXmcBYSO45O59CXSH4v4Se2vud67yE9XLIMnVntZceGHN8Ajxb47BXx9OSgIlrqUe7XjxEgILiVdzScUpCvIaIDOhmF77xc2PLEX1Gc0pNMFoRNEJCEUNG8O-Np2mFy0l2pAMSbHMiqK6X9o2G471pfz-qmg15BeqtDq8zXQG8tG-AVxolZw4AZMZWRFb9_Banjeb7gCcimSwuRw6Mi1ulIaZ3HObwxWtHs33CxNRdCeFJ7rZ7JBwiroZpMWUlDPu_X9I4eTMr8JO4DBeBp1_xNfo6hKD2vrsXkCxR4tthtcCdvgpHAVtCjmco1elHYsrbA6bUo00wCIxCiqfydEyfZRDYoEHXqL6z6GwH3V2E5bMUkWe4TeYDxXXq6NnsNWU2IcznDPKy1XlGm_HENmybFfF7XKJhRmvNAAiiE_GywC45CCXatN4XHCu5cnEVo03SjBL2Xi-zbNWfDw0uifBnuYGAxG7NkEuEr_G_X0vRfWsejzTiKHVKXbZZq54qTVRZNQ7kO5A2yhXFD4iQluYpTiRkwhwMD3j8OU7pnJJhOdr8mgXsYyeDG1zYjFmL4W5t1rQsQbrhT9c5qRroh6J-gtU7Hnk3HW2tSGc5JFUvTEPvIhXiNyH1xTr4R97LDCA7aK8O4pr509RDhYOo-FQunnuJ1HNYbgakksh9GzcMnhEKflltsKAi_GAJTw2VyptSiEAmmUP1x7p3MS5RgGo5nsH1i1I_PO-bBI-JHJBwH5vZqM1ALR5Bbhv-yjo8qkKh931N4L1yF0k2ZohvL_N-lyKdtOptP2jrHcI3rxa0T4uMz75xw9w9gZdEzmACcgNxSxLNY6C7Z8AT3PjDea0o66-Fa-8CHEY4pGPmek0ddSfUGzTTuLMdrG8Nz5QC4oo35AZa2XSrEIu9cglhKoRh9cvjBNJRnDy2-WqJsL-UdAngn6R9suHfRdbMu8g7f_iQL54Ybi_Ivfyfd8NkTKW_THhcA3x_nNsfge-sGPJUzw9KsWtdl3Mg651bsy14whpTFQn1g3foo2_g6ylw3x7Yth7xAfwNYHqZD9I47PfnKZz6U5oM1mbtLnGHVTNdMMAPL23LKCVxA3fqV9ql2HRrhTbO2ZiwxBqk-9hKevXdOb6MeVqqRV_oGKs_bHO5euaeeqlAM2NNvDb2MO9Wo1oRF4Ln4u_zVX8Hq2vjAXynZ93ZtjgaklP_8g2ZjFkYPCv8SEpiRmqZvzeN6K0cysZV1lelgMlDk5K3v0zTb7OkmZfARhNzpKicVdOHDt8DZF4Piwe1hGiUkEhH1pBv5YNQJRJ4Evh9I1-68x2X_Nbji167KSI12c_y61CC6yqsLcCkEWDtivtdqVjbbXtPECqhqde2GGvErwJs3NC-AlNU_8i-A-C5nKBHtywTD9-3hEDUruO6atkSpt2upmZYQUfK7e0tHl2Te__S0eq0xymoveA&prev=RQ644A5E3CB57CA1&p=13&pg=1,Developer,New,2026-08-30,7,Fullstack/Frontend CV,"Matches: backend, backend engineer",Direct apply via link with Fullstack/Frontend CV,
,Contract Golang Software Engineer (Remote Europe),EnglishJobs Berlin,Berlin,https://englishjobs.de/clickout/4faad7dc527e8e03?ql=l&sig=6c579a15b3247fa3591e67f746c925b395a509cb&e=gaxE_55_lxyYrLfvtQxXMHpylimy2DpFYylOyBrOUJPVQxNK38eh6m7zo2TKLNqgpxE_YEj0XDZOJ0F6qYmDoqjvWSsx13Sl7yPHiaCbHwiZ5YM9h4WMXI0Nk7ePa2xgqYv5qran-3E3R02Ci00O6hyKCzKHpW3JZEadzKBFUMkTdmkBi-J4F2yxATyJZHqPc1KNjSGaOnnSAPmSVdvIiLYNd-OB31GdPPPDIIX1EtVgZJkQKD6BKEu06E7eL8HgQie247YI3Y-oIZYqOXvl6lEvUJm82p8NoFyquWLIWQQtA6MrZuQOIwlgpHNj7TlWia_e5Sfv1EPcOIHcweDCTdvE-fWQjigUBMU1BEnMV7nXwLciN1GTbxZNoaNFbkG7BSqKu_IDJWA8fZvtWlSdO-d2_EYlZ2en2klXqfq7-E730CCArOVowk_ZFGXOnLHebbtMLtGK7MvMOnHYFf22qVZnaS378YxhsmBBOjgbPDSed8G0kTAzfCIytEJcFaWtAqwFDPAQkgHljuMtBIBrQb03wJF9qTEKZr9cf7N582LgRJ3OYDxMrjhFGPQ9ltQKwSGkkEpa6HiGDjviyQraYLMFf58U7mxI2VfA6O2Vl-TH1WCHIGmeG7wDwp_Ys0nTi5dxFQDVdRrHbh47dLuHXSyT7BSh0HqGpt9MXV6NL2NuIciYh0zqmUy4BCBx4wLNVSpRh5MZUHFY_SMyupWQ_XNSU5UWPUg6B5sfnhBQyh9V5QCvrW5dVxcOyCsTe4yzUVPbbLHNgO3AEgnx_Z8lap6O2YwOkKd54aPPsUR2_kVq9PS7bKSkouB-PJQOaRFqTmSXRZpLkU0IBo4pHRwN8ddOP0iz5COvOX2BN-wfIQgqDYZ6OMOrOOjp0MM12qT5kB-NQHQDj0ghd-EkJCMP1M7GJBeopzJK_N-VyWXhNVE-esGGpYw5quxgo1ikBehVhq3LtzkAr_XfQkDIKdnL7tvv7AoYe88nxxye_TPUQXXc2STzYfrbQTveo_q2GdE6EELPaLWljdNbBCQ-mDXfWzVL36xSfBuEnVP1W95WB-pvdLi2M9D41341Pn0b_pkzB9CXBZqgqs-esDXSY_9P-FFmtm0RsxMfC52HY3d66JUUVGdAhKVtIxs6SCuhAbq9XEODzctdXPqriETPqSB7K_LaStYPAJ1BKVV5NRS06sNU0XXuQVvhMqusNUAX1iKq26mfcfN-mkxQ6T6K121ZWYpV9KwNBVfNImDTwyg26kgNhXFYbA5qqAJ7sCQAFYe7dy4U_CU6h2OSAI2G-s9TxLFdWqlN3wIeAkqkOojZLAANdCbBpfiiNHIammHSxYslz8kWUOBaHh-teTNrcSrFMl-HP-Woz2uMF0qsrvwvuvp1SCBIhk4BkNGbgQf9wvxZojdIzBWsF0ppuQIe3M8n5cdIQhmEhkyHsDXKxzDgR_CXNpF_SeJCE5Fl_hVkC42-6jpIzhb1vyCXW22ovPwqrkOw-5ODZUeyAgm3R8XXb5i9qYWkyJDX56sgmBMNTCa6f_4usY8ANb3tN9r9Cmz4BLWq7C_LEsYF00Q9xPmcXj9HMHzfZ4pIg1e3eNhVwLPjlduMA86Ln1uD16b0bpd250c1hGlKMT1dnEoinLUOiJFyYnqLotZULMxkBQG3f38_z9oeTpv_Cd0ZmUxl1wLkI-0NPV2eo4vqQWUbgosPiszFBV8r6qBD4cT8sWwDZykJAaNGkUXeK8nGWzd-13Cnx-Y0uDP_K_-VJE_uQrh-GvMjF9kQ7XhKQHlUA-J-uqm8Yq7HSEQzzNe_o-DDfTNZGgRLpAmf0jB44o7WqsmNd4DIroo1hVgHMEkJ1Sn1-LHXQl6fknW8yVckASjGs27OwZq6hAFZGXAuaBjMa-Vct4kTHNqg7E28bgyJqFdeoRuvAu0WhQPkGeCUWeDrXsosuIACxrl-1zxJMt4xiHj2AffiOVqeGP6fvzu7MJlO7uNtzgPYR_ZBJC5557YNpT0H5vjIyAQA4sAcwcYV2A5f250VuphQ9oxUmLDY23-mz_cC&prev=RQ644A5E3CB57CA1&p=8&pg=1,Developer,New,2026-08-30,5,Fullstack/Frontend CV,Matches: software engineer,Direct apply via link with Fullstack/Frontend CV,
,"Software Engineer, Platform - Berlin, Germany",Speechify,"Berlin, Germany",https://www.arbeitnow.com/jobs/companies/speechify/software-engineer-platform-berlin-germany-269686,Developer,New,2026-08-30,5,Fullstack/Frontend CV,Matches: software engineer,Direct apply via link with Fullstack/Frontend CV,
,Controls Engineer - Rust Backend (m/f/d) for the renewable energy industry,EnglishJobs Berlin,Berlin,https://englishjobs.de/clickout/890b149ecf7b35fa?ql=l&sig=0d5e1c44350eb288198da9ff3a56b78f72c3a0f8&e=AQatUVfEhpdUGLO0fVUzN9QwmbSnQTVRt0aLfYLyJ1FkZ9XZzzEPyh56C6eubA5RdTP_cc0ngj91_scnkxV02lUrDTqDQsUFCZpxFgkTUC2KVBVj2FXWP2Xbqp7CKNJfb-a4b5AZvV2_kJ_pwXDriM_VVv8o0M7HqBX3KERLdGKGgv0CdQ71fOHRFQvJsdWm6y-m_NrjELL1Yhc2BrgbouhFCLWfqN58K8hS3yyNeUkkuavQWP3eBw8H2C9peY9saeOGAHwQCLGx1UBtLj6coU5rFCglxbegXi_Cx1F14mlCsEirIfd8AAr9PYfFAI15FgTZofeg0EUGoyh2SdB6D6bVM-UH6BB2F7Wyn2qPnxpT58ImxuvY6y9ln8il0cDq39ntn0rN_tqhyi-kNG-1wRXK-HUd4kQ1Tx3-GlRgZFxACMapjQqIBM2PLGWGCrIYz0cefg7XHNLwHUXaZDw7GR5nAZM46wpqJwlaLxcuuI3_JbNocHKlS5H64HGITy4Kd9Sm6iaPvtokKpIai59J3SsD1_G73h8nRnR8YF_DmnufXoHr6-gPNrnWLklxbKjK0dcCGgq9hfo50JHIwX90OjM61uJDT-Ii39tp6QT_ktY3Cgik1KQaDwb0hRgEQdBdOslsdRrP2-alWucOIIXftiVthhSNvheVap9Fig7Dn40H6JDS5B0WyteQn7Ks99LZ4SWbzcRxy_4BGTLCmzWiwB8WAM8ObCrxVtvxtFvX-IBo_XMMIfOx_Hhk1bqx6acxzuZzYcMo7ufgHVAs1_WjcH2OEbhLHgbcsFvSlko3crd-f_LGuJxpXCAoeaKDCpnOfkLEXyQq--dBToaboT6-Q6TpRf4SEuOE--Az9hnvUZ3WXP3ZRhjNREIy6y5py_y4rN7-Jk1m7OeK5egxa4Fe3gE8HH1sn7oKPoLIQ9OY31tR4i5YvfA36EZQg-96T-lpdHB2Ig_SjkRLDaVzQWAi1lcGFo_RHf6Gp_46OCYJR6ov1YJHN1zSXotyqz6eMKSAR9pMdrZpWidfWA_ltB6q7xUv0tWY-MuvXogqomZiEBGruQ6O_A7IK6to73XnUyZFsMvs4efajgkQ9lM11iZitS9Ri9pX5u_BqHgfxt8a65ebfM1u9BsD2n-FA8NRbGGB_IyLUhCHJWpDt5PfrHmfhE9dqtmFJUhGyDEkRWphiOFOnz1-ofaqeDe1bwEv-Y0LAAQ3Q9MmDPvexAh5TvInv2yP5-cmml9LT8lhadRn8Z8vAMUFGaE5eIra8dAPYn4-coKyqvjEDL5HqrGVoj3cXbDvb5vXbuMPpj9agmxhONYs8dGWbzrhAr8514whQSeSdqiU5HfZ0NU7WPU9eVIULs7qNnKHVZ8M4uJSIwzlcKQ2U8AQRBqH_3NWqQn09-lMbN2WKaAbTJed-GZyEzjeTN_ms038kroIV7o1g-XK6Ohl0HUoqCGGNYkDBJOtxbahjvumqNEUqyqj7N0M-qlodasTyP6W13KfdVn3EuLqhYtwr6gFOo_0V_DAleD0OgfXVZIZI2EXnmazPuGcUk6SpbXdQYjpF1YDCBnSYKblcM0YxzZW60wgiQDIuSBTq4zpeQkfoW4BGN9-z2kvSfaR2Y1v_aPW28unR4w5Zgs2vKj92rrJ2KYYhOGaz0yb-T9obdWuUwKW0iVIfxgF5bJ6_FHQhblTHqvfUzuJXR5E8bQSvSQj-N-R-bhA5gXpedQJbFshRl2r8fMHza0Y8uTR5n7FvNxCulGF3-3GuAOEAQVyvtOr6tXtAYvN3GkLFvhdelZ5jub2Dv2dGr_MXSqg2py76nzW9nrrw8_d5xy6uIKDhj1pBx7Sb5-OZuysZSXrPMsbJGZVu9d1xPCZ1x8Db8InrU4vm91X-nUbRr4mJKDpQc46bM5qJXyd74g4j0O-A_bV4Lkg7jDpzwmCiPaOet44DzALBgAdQLX3xhjEHfR-CpNDkJ6whqKtdAVZUuOeinyYbciA3DXPNYzWxkchCaySHvculJZkgyQiMr877dYPQh7wlbCPYNAFGnja5r8PlA&prev=RQFC54395F1AF747&p=5&pg=1,Developer,New,2026-08-30,5,Fullstack/Frontend CV,Matches: backend,Direct apply via link with Fullstack/Frontend CV,
,Backend Engineer (Golang) - Transfers EU,SumUp,"Berlin, Germany",https://www.arbeitnow.com/jobs/companies/sumup/backend-engineer-golang-transfers-eu-berlin-10798,Developer,New,2026-08-30,7,Fullstack/Frontend CV,"Matches: backend, backend engineer",Direct apply via link with Fullstack/Frontend CV,
,IT Operations - Working Student (w/m/x/d),EnglishJobs Berlin,Berlin,https://englishjobs.de/clickout/a3132c68cfd4e68e?ql=l&sig=70ad5ed7fa44d4557c7d4a5d9be193a191973e93&e=bBFeuo3soo_8SY8XCE2kL9tRajkhNsJCOegeikM_BcYT6Dl6sLQWJuPYX5B77fHbMMN4IBXKdmmEe0ed0sOwrU4s3Z4d8Mv-ezxv3v3Vc87gFcIngJG_RQCJN4gwZ03Um4Hrs3LZA1__nivDMcxy8MtZF8lnrkydjhWw1Ob2WHqfpADFYXW3bNUf58AxewUF0AEM2rzqPxz64kB_Vhagk2t1ye6QoNBLd9XEHiIvs7nqHq6KumHoGndkpMqZ25huCownoNmzSXESKMmFW8s8pZM36ex1VPaaRwAtk6YCXZvohDZo2aSnswQEE7xp7OWpYbzyd8R5_sF0p7hsC4l_dLdq9DYBfCcVhgIPDOOwrxHfQUygU0t2sGMpfo7M_y8kALUhMzXsEXXPB6CAht1m8ce9JnQatSfqaor9QdOgKPWgvGspiPLprAao0gavvAHUDBHQzNpT8JhNGNjwsuZD4wCzV16J4lZc34xSxd57ESEmRMcLH1dvJHo6wOEnYqpRzzRk4ynxb45ny10NDKdqspBXUyMGsc9-wNCRBWhTfzaKSNQxsCdGyBeEfIUyemhFEIpBf-3sJDrbQANOAZv6oTyjv8Qn7uSix5OYFUhVIS1SJS0LqF5D9TCJ0S-imzFzzUkxmLpQdCG_cOLRVr1UqwwhWgCidNhG1e0xy-pYE2xys90G9Lr5uBgWosJuE4CN460NdGAN31NVNIcONovkAAS_lDBT0tRIF_p10x4xoWSZPH9RJULvgsfRczhLjJ5PW8LJK2AyN3BHaVukvjkqZ9Mmdigow8N6azURM5vFc20vGxlnJvmdqFynf4nxzItTotmsbllHOjxlrs79vrKnkqAcv6GSgdeYBw_wRryqbyIdkmVr-MM2xEX5p_kv7H2SigvucGcxAG9tpZLhseFS2hRRgccgrCFM0rQDmNcoFP2_IIt0xFV5sTW-srZll-cF6QXsKRV5wBzFV9otyCoU-yzVWVsU51UWSeRP2LW0p6sk5UVnaWQvkFMT5-e5549s5lWMgu-W42I7cbZEGAlpqNkdNmQJC9qcf7r4sTLiA1AIIe0W1oR4DDrImZ9wxm9DEKBEZpZEQcHL4d77Ow6pHfZInN6VcsG14vxr2ljdJkdo8uUjkIym7fWW7PWKPKQaTlwy6p61vQ32pVccrKY-67lCZFjExFvrwTf-BVJqxZGshGHTG0chhv-L6DM2Wvz2PzX77VF6Hs8mSdNTJPVcvEukjckMlpng7FHg7R34L3b8qKbEFy684jlkTyopbvcN0ye13AbKZslCHiY68OP-h4tFd1dmGfi7gEQWUAtWtroZGzS9ykqF7lnDPHfhsETOecpDO3Rv1HjeuDiF5r1yUQWj-9Au_gz3gTEYIVxOTE6pTqPYR8tLSmKoninEuOHLiRtMeOQ3hYuSfADNtQiKGFF-R60BuxE5PPVyfUk6pEbsX2daNVVRAlJA5T_y6INE1dZyOzdhn7eINuAP_F-fL_xBrVb5AvDP3rLHjxUt-SfOw-Qj4RxDzVeEqHjMxc76XcKOTZ5JLAdLCLsdHyfaK3dSGaYiPk-v-0ljt9dgrJKRG9xVtUTlfFMgzbT8Zgf3OQ5yLFylUYUDnvnZQkJnlXbzE_d0CgPni7yCEZWQ05YIAuC8qEj2Bau5wnNVFtuZRccJ2DAcpfyMLNKSQdJkLlb_RjgxwfYOkh5Pfy9tU5A-QW6W4IlJ6PQ07U-YaW6h1eSg2jGqNVKKhVj-hCGzTWeuOCaIJKFp_tyjml0kDxJUuFau7NLgSfS-thjoknAZaJdvi8Yta-ccr3pl1BUj30PQVHjck1dWoy7m7ojszQUvIQ_Z8ueJAcfGSmLo7Qtvo1W_W3FLwXhd0gPvTsptC4SLrAwmp324elRaPWCTJEc6o2BAGcoq7sMuLRkjzwa-sXJfmJPso2LkvbEh2BYbBqNR9UDLtp2RL6wZYSbBJMtSl79Mt-edhNYqEo_xFLaD6O8yivevfqNrnIqJeIRrkg9aHiPzUrCS49FQdLzNBXMJkAiJXutsXL-SzXg5wpOKAA&prev=RQA583E0370D93C3&p=12&pg=1,Sys Admin,New,2026-08-30,5,IT Support CV,Matches: it operations,Direct apply via link with IT Support CV,
,Software Engineer - IoT/Cloud/Edge Backend (m/f/d) for the renewable energy industry,EnglishJobs Berlin,Berlin,https://englishjobs.de/clickout/3f64386ee1fcf134?ql=l&sig=bba11c49aeda4807671f6247efc697fec7945670&e=B2RMcUlpZHvbhUagTZ43qBAOhep_nsdsAqsn9_A408-Ayn6oI7QgUnDafj9BCSFcVxozB3CObcjfKtvdeVCRYY6ThGlm0qOs6i8bSFhS7sCu_Qnn-Y9op9iC59ZC00mttCfh_q13kFOR6vB2qyc56bQVjYiu5c97W7_sM30S1WkaPhJLm1FUGNE74ZsJFQQVTQBY5s5YalK7v1HXDdHDXHAkfzTXd3jmk5-r5ZsXUF5dgGjH9ZtNXh51kAnSjN0gNl9XuLuOZz0y632WUisg8no-R-EqhFpQzAmVd_GZDgMo9we4yZsRx0s71_1pnVqhF4bwgtn4CwlkwJXJrUtVFp5EOp-HMbv1S7Od4lMkkz94Sg-c7n7FciYcGrCvqMvhsNU7dAHCvlflErt8A4LKGpQOasQXYxTlTMtYMrTwz2sbDH0uidf9EfeESPBN6EPopZp2T674_GCERDqIl9bMdxI4QMQ6Lb5iDvu8fDTXu2yWpjvKICSM1Tzz0gegloBl4AjMiK3_23X3hEccNvtyypn6l97HKTEWpBNlWgI5lE4Emjf-WvAt3tOkvKQlL2Rl3oqUFnwjKnQCkFuhGfvA56BFBy8iDr56Lsmv4CkgzPcYje2lN75bKM8Vpsz5Nm8fj3eUpjMLpeoXINO_SczGfSNXnVbryEahbRs6siaTXmxvjxAsKSo6JWrtfU7S6cxITv-DGAg5PojkXn5C6f1NM3T3KziipliQ2Ogt9v8Ltu-iSAVzWW2S2L__LLT-toqSrnP0rP95U-lPxad-v9ELUyLqcY0XZ7hgZN0Hs9Cj2wAEZ0oz-6dUVFx2Z0DbCZDAYQoVAWA2ISByuAJUNEIgUohQvDV_8v4VXXncA_tt_oMc31nPkuSaTPl9DGmdhMeBCUJHVY-pEky1JoTOHVM0-zupoeLa4owEWegA8I64cj7v4cfDo-Q6Q-KRufX_2TzFVlwW1bx6ExpaeZOV5yxgkvPW42zC1YVW5nRCpDY1frlWxdzcZ_BLZOcv1R0ZZWvBlhg2_w9l2V504AgGyCpUCJwzk3rDyIvzujfbDgtBozXBSkaXDDvyAiXEJ6D7zTL5uTNTo8wq38cLaLyuSEjbTyCiDMbFnBYSkSXtvMbFC1vpO8AZnkN2-8SDpHCU4HlE7N58AYsi_g1lJprAgVSMVu7qaTXYGbqlX_wnh1UJPmLCibDPTqXH3F_LvCLbxYN_1TGTVaTQNdXaOC--ocRqgYNwhilpCQX0kOIEIBFNmqv2JW1vPjYVWZWvxLF-Wc5G9lL6MhHY-m6tQNmotX5nSmryMPLs7fDvaxalP5o2-8KV0HlZv05jdiQXFZTrlzfUpR9xxrQHMrkh23UUydEJUnFq9R4nY1lX_ZtA7Kje8_ztxJuIWgcVF8X11fhS6DTKcj7XFQWhfIx3Lnc03KVq-q0ra5aGcygRdW2N30qlV-VLIO1QrdOqKShz7JDwS_es5vTj1aGEyHVDM48Abdvj0-PCU_sKeIAHO1xh_0kDlrgIfacMfCwAcvXP0PAjM-viZa8HtfynSwhqxoKclMkKmleddAkvA2GMAIetNTIgnfmG9QThkQeV_fm0xWqYy9qqBtTHPTD6BOfmaLuY4pIJInJjyzJeYTbnLe6nTIy8jXfi55oWMCCwfr3DLW2uPHIFe0abP_nXsuESKYptMAlExBtx5HAQfjeQsMi3GBLRedUuMdU-fA-T0GGLIYNmmDJK0X7OR9IFYJfhMyz6AVBlDkGdqomlj4tzdw--JPUr2e2yRd8McLs-OY5-on9tbuIcRX8YCzb7icUJFo3Pllkumma9-d749pQkiGzjHXM2JduLP4FTtUo_gMIcK9B7iGqgtxumaJC2grNMWeIkZXrbN8zgiUDjwTKp0tYia18hmMZd46oHCheEXQW2z9Vakren0kBknpwRaiwP_yQ1T2O65nrhBe47g5hVFSq6RL16IDwTeCb6Y0GoJsxakbCHwTIUaR4rduvAiYyTcOcshFSzMZWfJT0Mg3qSl3jIvwJpmZwuXxcbStiqBKcKz6vRRrBs&prev=RQ413C6167CB8D2A&p=7&pg=1,Developer,New,2026-08-30,7,Fullstack/Frontend CV,"Matches: software engineer, backend",Direct apply via link with Fullstack/Frontend CV,
,Backend Engineer (Golang) - Transfers EU,EnglishJobs Berlin,Berlin,https://englishjobs.de/clickout/927c3745835632a8?ql=l&sig=2bf63a2d4634603fce48fa3bc98c90e15be9d5a3&e=WSQVSL298NSmlpqWPsVLi6o7-aoTKQO6CmUVos9kwGRE3F0DQCKucjWspAFvEYFuj3_q6l4p8DnnfyklAuaXKr-_veFYMvk50zHEU0LmHx-bEttSpbV-STsXZ5y31elVRy3qOO2qYf16-5jy-rUbf0Rt3s1JPedv-d5W0ewzeDSxN0hDJ79lNP4Fe-fT4626l9ju6tf6N5GTQVZrEDqA_gPE2d7ZwpJnSXwEX5f4L7RduZrWcFTDChlr_sTv0yI_vx-0sHEsYQ2QzLsQTuanyjt4sPHL7Lj_QUzwF2-d3hj2ENWv4IIs01INNGg8dODeeXWi66oW1FjLGsMs9PK7iO5MfTJcAzQ6P8I9iI35I32vE0IPC9NBV9oLmgev6EOA-0xGRSFRM9Eho0vgKh3ezk7pgg3XpyDkyE4-8A2snnGg-SAJeMdDU_A8vx7HHG5HqYb6RaLCh9Xh-nMRADe7uAmXfNVEI2VwRzDG7rGPpeKv4AkNRw30Qci4NJqQoTg3fjwrMwim4QQ-1hoW-K65fUXzqlIMore7McQRLFNC-nkS1Pv1kt8gS79tZazstLYdTQT97fgkFHTb9auPIk-eoVhfVZ1Rvw_ZlNdues-pmVLDVhTh_UiZ9loM10GO0DMftT5JiS73slTPI0AfqH6ClZRgfd70GQald2Igza24BDAhHBHwJD2Wg_ZsdJqr6I6GszHSga0TQLW-gXY3CqxemYZqpi6RdtiE9g2S6frgnrzcHnaelwzXom2AtMfGpT0GMtJBZKKgOeLp6ZBFSpZ_lvGF9PNoZyMiP4lZqdGQe-3zGE6FKmebmyZBF0aWVOcqiE5PV3vyMi3I6JpIopeHx50dKgEy_4V4VXCaau5F_I27trhJl-vnqw_uaJ6M5B4wXS-JwMopeMgm5zndI7M3dmb9ReCajPK67W6EMz6J310I6peDI3tLfw_RRRtsM-z-mJ78QOs8og_XmdURJEfDshbY0DXHwIykaQQV0-JQY91AIr8NSbjlRINKtesTl3ZiWM-1mgcXwU87HexWq7YGkgFg1yxC5EqZ53aJ4jQlmeoKrrYCnso-P-vmQhyQK3tplHgfSgdKPNh1kf_4HlN_jvG6IKKSqr4CzO92S-MqqWToWMZx86XDaNS-bfLcedxw4y_vHZapFVzyU7mGOpQx6fv_ZVoIUfrmtjVi6WMcKphLNd9HVbWTA7djUdbDbNT5u65TY7lxzaFP4KkQwA2mJfYOg4S8QrBqFsnEbsJrsU9CX-0onfStrTfV6XROBxWhk1JFjTr96T_kjH5-FEETJBeHpIzKzhubHQT4pANLyklUyVNtKvZGXmLxpI_gKDxhebCI9Erb7xr6U6n4VGEJDAiQkh2__41iYEg3gg47v8NK7am6503OO2Xprj86-424j2xluPP1lLKroUVT5UZhgPj6tKFbl7k1iTKSpQRV-5uPAaKLLVik9p-Iv67nnzeG9L4zu2VJ570w8au-B5qhI11zG1bwtlOswbpptrBje1pvsjfcqMZtDNFIBiJzLcpnW2jdjo_Mzgjip03Bj2aqtyRjXKPDrNtS76p_XvITfSFxMbtpEGVxB7MH3PPfP3i6ov3CD-KLMM1OzV4CZVmRCPhYs1U2nHnzul56ccOWUUP139laqU2HWgxna00zh1eTuwAUAO4O8oadf-NXeDKtjRT6DS73C3j8mq5rNwuIPKCk8mwZmdfbSwl1DjjUni7QWWTnPuQhIA0s9b5K8rRqOrg4RpWliMH011NNZIFfVx7wBR6KjKf85tcaYA9Egu35Gdq99FA4AlZwMwuMEMNMw4Rn3gW9n1TazDvbLyUJLYjFDi4UEofdorHj1TcxCq01hv0xOpvAdcq5vV4H7NYyX8QMCc0UMxxX1xK_KqE8r78cbqIp5mxg3kfy8fUV-gd0GzteoOUlcdD19HIS2ZdTAKgSL-nBx20HS_OvOd8GOH6w2DDEz5uhmxAwTXZQPxkX_ci9nhsdIbkObgHJXvYsBJupbwGoKiTMQEH3HBM3r4k_pHvUZ5svgygqHB1fLY6Kog&prev=RQ413C6167CB8D2A&p=11&pg=1,Developer,New,2026-08-30,7,Fullstack/Frontend CV,"Matches: backend, backend engineer",Direct apply via link with Fullstack/Frontend CV,
,Backend Engineer - Golang,EnglishJobs Berlin,Berlin,https://englishjobs.de/clickout/d037f6b513eafb73?ql=l&sig=17e0af978065ef7d1137ae1c27b65311c4c6c379&e=3gUiL49huyzU8Qnv-a10KXGyLmz-JCft5LqnDwUR3nrlApn805UcN5oxomqTzcAoCp1Ul_aRXIai-k4hSd3SihQgL0SVKb2aC9i8EoaG6fkKougULaaPYcH3ysBPSHk58rbfIoFpr9Lqh8sbQC_u04jEM-7NuQlb9MbeHPYg3obiMFfVJ1NqMNjRsb39xZxEEWZQt8cDIzn2CPnZaZqSSs-W6Wmy-XkUURTzjACxysAEik_63L_0PJgPAyRogtNvyoESvjwQQzSoYbNH_2jhk2akOvnNxCXEEzX5lNvLfyi-inpRqaHCVDypvBHRgspdUukqzg2Koe1DEQHusAkE_A1Uwp0OikuvuksWB1MLTuMkwV5KlgaABy2kH5Uc-f81OvgDUkskDH6-WxoRPNRCMe1-ak8aTTQJ6SntfQQF36tuo8Ozll3sFM6ld755CdML1zWh6R3J_V1EOztEFlF-ym4FQ-9gemWhNyGf0YPH-MrQjGfjMeMZFln2PDOLaYCyK5ZNJPbRJLTl-FpRw-eQHSEUuxMdX-dq8v7DtZAxHzSolDx8KnpzLB8az5X03ZLw-yHhc4frdRCSb7aIQ9XnQx8v2nHdd2eNNgeKknq3Owl_SYXA010MM2LED_CHBir5yR0L4WMniAnLwmdLcLFe4BEc9ElmnzJPbxG9nzCzoDEGeNnuUZnyf3duQFFokm4ezhsYkXIphlOeV7lJsbEUE20JVVsbJOg4tB3tZEe8ZcD2wkZn5PfrMKWUaRkr6gIt3FeiZbipdUzDyxWg_v8HG75a0xeZQTs9LoP3-lmVTOk8c8iOubhiMPq2PHn4PzHcSIlTybGGJaCI-J7h3uwAYPG1Lmxun6lgb72i8st_O6B2U2wzriZSguSqSFJ0cYqQ_pmR37IY3mKwW3TKPYwFWhvi4FbyKO0rghmY_2-KrtAwMHDGkQmRcFpHGT5DOVuJSCpl--dlCvsqJ8dEpnzfXMG_mEWc0StldTXvkp6XWJ6op_h_nNtbQhkuRp_4RjCPTslniM8Dl-gv_vlVGsW_mKWC-2RLWn94OTBkZlVYb_J1WwKoL5H72zqwnlAYM90Ug00v0OzX64MjObtenUAtjXwdpL8HdhF_2Z2uDYoZdJHL8AdW5klZvziJIipwq3B1I0jchyqcApm3KDIn23d1xCodA7SJoPFvfqF4lVi0VatulijpqbkAXzYJwWkTaLV3obD4sPDHIlRNwi_t1W46EtNAmohv_bb8Wbj-Lcfhq0mlhUM_vyOxSCLcRENlXsQB8Ccg-5vZxktxZi3zSllwq6QViqO8quiZFDUb-W7Z-MZjyMHzi_2uIeqBJi2_LLEyytUsIzo74Uug0sRO4gzZbiUjTaYG4sOpF7ujx7ML1qlhHskpLT4TJlGAIJ2R3ihpP7y8bDt_8Je4h0t16F_jUHZXPGlwe3nhCP0dD6C05um8vrKnWmWzmSSkuJQSt_9D_bTJaTudsLPm140cIx3aKY5PRFE8gjEbNglRiWvxlqpRVN-DqP89GRGhI5noFBIq6lt2Ky2H_vJCHAp1qhEs0G8Bk5QhNEXq_zJ2yS923eDVFlNcLteVqAGsG4ZZYc25jPoPDWcs6nSJN7oLuyrzJGxObdZiOoPBaxRhwg0gX4eg7SaB7el5HbzPgHQAg4seHL2nsYpTuHpS8DNQOa_cBr6R6kygqUyZdc0fSlI_iDtbkTh98QS8UQogeHI4f84zkDDcV86eli4bq46mDbkudk3zP1EM7xPFwCPUcrSevEgwN-9XInbQbyYkpl1Mc68ktRJyvDB-zcfUp31FhCBU_1e9gSQ0cLx9c-_xahPt31RkpBL1sUrp-Q14Zhn0-kkJJQO2Dx_vSkiQc3uDndOWj9HLKmzLA6qC7JxJmjwML7vbjwOXR9LD4jVc_Qmf8iflVZ5ePS6pDH5buroDanYAvN9bPlJCvVZeJSt_gzgix_0K_CW-bEuBSMJ4JA38vDOc-djaVJTse8ZMMegTH07obX6USXFWSWmPVrH2DTlVpc1A0HkjCZJCywYkqEoIoU5i&prev=RQ413C6167CB8D2A&p=12&pg=1,Developer,New,2026-08-30,7,Fullstack/Frontend CV,"Matches: backend, backend engineer",Direct apply via link with Fullstack/Frontend CV,
,"Software Engineer P2P - Search Team (100% Remote, Worldwide)",Tether Operations Limited,Remote job,https://www.arbeitnow.co.uk/jobs/companies/tether-operations-limited/software-engineer-p2p-search-team-100-remote-worldwide-london-405442,Developer,New,2026-08-30,6,Fullstack/Frontend CV,Matches: software engineer; remote,Direct apply via link with Fullstack/Frontend CV,
,Backend Software Engineer (Rust),EnglishJobs Berlin,Berlin,https://englishjobs.de/clickout/fd783313a011c907?ql=l&sig=2738e6f3bdbc1faa0b22b53f8f5a1aff85c14fec&e=WgZ3FVaYTJ0GUl8xoecVPXjaINfJ8kvHmbXMveSI42ulKKC7rVeH4cZbxZaRHlXfHE3BAxPs11NV6d-pHYprMbk4IA4d56pHeVsCaZMwSE9AKMlhSHwJvDdW1BwKQzvrElu7Dc-JxdU7QxRNnFXMgoKjbs6CJwku276cwu7hKDYvRbtSJv3QmgbW-_JWDw18M4Vdte3bURRamF1BC7ci_oJB1VXQtbP0YbQA1RG80Fsz8J5Q5wAG3-COMIYY8hNRdsCGrouaD8scP7Tt1No583FNCiwsmieFlGKAnoa2QbVa9gnohtolvWlg6MwtMlSeyaVLx9JOWwDGjfn3r0meA2aX416OOrVjECKluvfbrCMwecJmNqL71Rk-2V6mbmfexQKseftVNf4xfWTHh00qSPfnfQ_5eGZB1G_m9vxoy16t1ihI_DPna-yUyrfupzKSVrR7RNd7j-thjOQKfgdBgqX-H8NYK_c5-WeeIluqGuwcz-spB5jYHQw3XuO-Gv2oZHGSz5B_oVVPF9Ap4qjMFNf96spcmklFuH1bCuo2sd4k1hsKMq7r8MVnozKU0OLtUJOH3fO_zA5TABTH9uyNkJSyUuTesg8qfxUVXyC8tmmPlEnrV6KQgSb93ldz4FxjIuDgTxpDCgixYBWOokcrxkUzb7mxIX2PXmFt_ByozUdYMiEJk-iWA5Dy3x0BB1wbbALydC9X4G98THLyH-bVVPb0qOJlZoROGE6RC10a5Oqeab2CnNNtXjtQidLl8vdPxpbd5KHZ581Inac9POoG4W7psk-6ElfTpb0JcVWi0A3xFQusqzTdpQ_b7ucDxoHrAppYSibrZ1llmYRmFvbGFG1Em3Zcskpz3xEt5Qfo7Rh_u5_iMtM8eBjc3V3SOMCsa31wq8rijtXjqkAXJa2WA1MT-olyNULn2PyWSDV2RiLxy27zivxftTKJ7YhirJrU9jFmHBN1cXCOHmB6J_JAU_CV9tI5Pe1kOT2mcgBfYl789CAfvO0ulcjs2gsVlHQybz4Z1GJQ0161g3LT0nIsDGbHi0WPHRdgMOxDjALMEfRG63xBQl1CY5vqBYKZjcjJUnVODCyxEnRrpC3ewltauR9DsXzTR86uW2CCuTMppm-wClQiTGN2-Nhwf3NDaXafKa2uXSFhIniI7Aoy_iL6J362gOWZ177YMX5ktczNuticfUOEf9u8cwS1wn2GjInxzN3E7XkYksm8zfGeOy5vftH-NATsbfq4ALv8GbRlVXwbo0vGct_Zf2c-u_jUmGhzHA6I7EPcxTpaoJgqibX5BV71UIUVO_3c5B-wrpV3YNhe2Wz0n2D7p1J89KKyPYCqs7O2yEN4amy9z_WLF0xokPoZtNSJjoChw8pzO9ZTAP5AgRMbybO1-j1ZOsJ6GPq2AJEAJ0iGBbyTXCYWlUOZqz8oTCDdZO1IElKJWpJacqQj9eDITcF4vgkGt5ktjjD_6IRqljD1Y_eDOuBRs3YAv3miByIRAWjsGYi6dR4TVFICCyZYfpGuCrynrqf9mnH-w3CL74ES2XwpUCuIcuEwgQ8qaasNpasH6A3POs0XUyO17RZgp81Jc715vWZllgFPz2a-2RKuOdI5DAQ7jgMtISOueDOkARetlGJJG-ZAOsAP6ulYz3gYDdA8ivbZt7f25Ghir1CSBkO8Gq3V-v6e4hFOOG9UTYXtnwLHhK0wKhZPjyD3IbgynfCYoNmOeyX4Vc54KOHVX2JzMEscmHMbqg-tfkVuuZxHfchr5fWEZMojJV436qU0hEDo7OjZ8a1KuTX14_rLvQikIbocNHS5Vhae2GSrWdNei8f7TUfqQ4eNdv0vXG4ZQUSiNMk8dwgv6scLiyWYaZg8cKMzsS77GBqJCkZgO0yUvYG3PgChnjBl8hamWJsGPC6oRcUrbQX2x64KtHeT-p3EYAnXXioiB8wlUoBBeFItgeJISo-x8YplPLtHryDZRCrb9_vaBmz3IYHmX6A0ruk2wo9HVK8ygNRAgp-75QhPgWROgkdbN83rBBIIDDvEfvUQf3zlcQoV&prev=RQCD4E3461EAFC52&p=15&pg=1,Developer,New,2026-08-30,7,Fullstack/Frontend CV,"Matches: software engineer, backend",Direct apply via link with Fullstack/Frontend CV,
,QA Engineer (Manual),Rematiq Gmbh,Berlin,https://www.arbeitnow.com/jobs/companies/rematiq-gmbh/qa-engineer-manual-berlin-365145,QA Automation Engineer,New,2026-08-30,7,QA / Test Automation CV,"Matches: qa engineer, qa",Direct apply via link with QA / Test Automation CV,
,Product Engineer (m/w/d) AI Native,meinphysio+ GmbH,Berlin,https://www.arbeitnow.com/jobs/companies/meinphysio-gmbh/product-engineer-ai-native-berlin-104380,Product Engineer,New,2026-08-30,5,Fullstack/Frontend CV,Matches: product engineer,Direct apply via link with Fullstack/Frontend CV,
,Search QA Automation Test Engineer (m/f/d),EnglishJobs Berlin,Berlin,https://englishjobs.de/clickout/039bf908b4afe7b4?ql=l&sig=83a4384b28859b94e62c9fdd3adba0344b863e64&e=veqe2q65__VkAsKy1mNifn0dgZG5KLcs1DKaAZQ3fn5_0ZFzND1s5NSW6sebDA0D8OACskqiOs9rWZ6x5wYsEEXBp_OvEilNlf-MptD-hep18NW_4EnGIBVOoaEF4iAgnVlJ68Qv4xyruT8UNpaK4UuZfFzYTwZpfhKX3Cgn1CvnLeK-7YxJM18qEquQqjHHTqPej77ukLorVvDbWz7xOc3F98ZdOsV0kAGQ-wH_9kF_fxZ4qRMzUAh-0AGYN_0ZqrlylUiXy-P4xk0fEUbz4azUsN3gvigbp2sQVZT7Bi2VDiaBh0CwNCnywtw8Qyoom_4k2MUOmqYYXLabuAavy9sGn5CsKtcb3IrmL8D95PqwDpwh09KeM9gzgkbtnPY02q0vaCuKyfUdnQVU3yOHKrKSVhmUa09w2FXjcqrFJMTFM_LQeVOxqD3OyRXdVbUae8A68A619wibG5CtCtiX_aux0xz985WdnPXM9qEGcetNYGBEBHf4v76N8YIDf8l95RN-oMIGE4XLpFHjdT1qDzWTsEr8sKvRfyGR-fIliZx-R496hjEMIDrlOgfSXuzMmLPexGYd6b_EN3r_Nt_1AIcdigpZdKGRk8b-3Lrg6upZGhpShnX6dfWYQA78MmBVSQKLp717tVXCq2keyXJ3dCy2psIlVvI1WyMlZigdLdBoSQHWU0H0RQFRCc0KRCh2X12Mg9CDYsLQsUpLJrzqV7k-flpwKEdsDRTf7iL3ezasYlXEvtVQMM59t7-gr2ai_LmuObu48IqL52n6zMW-_vHXbXj3nYMiVy75Retpt6NKGvwAjwFJ9U5e6TgZnAxm446HjFpwYZmvk5BCLk3FtMRoJ8MuzcicnvDtcHVsqNxBkrLE7-2g4d20Nd1_1A3tCA8wSvVj_TJt34iFwAwHwVnc8CHKhEyKpz5L4IL50M1EPDiu4uNM-HIYQ1DycIcoaIHXbFMlKEEeMug-qnsZlcQllKRsGnTA1bcYJIxMhb8ZiRZ261cgg3YfNHLMzeWR4rg3o6w9JMupIPPqJZvyN5iG4NTl61Y9l8dPssvtFrTvXG77fAo_yxMe-TVx6b9C5Nqz-TbZYoRYWP4i-Sw-NgCcuFSwY8Uq0wCo_zC1Jy1lPBlAzHeU4RuUCrm0SWPHe_J5qF5YyX7Dg5IggW3LEg8c1HqZzD3kLqT2QYBK981rI-JUsW87MvTkj3qz-PEECgyn3mRzH-ZKc4_hn1yEUFJ4vt3IY22mZ1iB7BdyrVi_YrKUAHQubpX-81zaTHYsBBrwQybwasmIMNwG9gOA77aq1tHvn1v1XqnxivfMc3WJ7hCeZ2dOa323BFqftHPY73ZhKP-bRbqpQ4kmA0EsQsGoBmQvryDc0_hj9bRn0v2D2ex18Rc-IiX-SKwWLyj4tU-G2QATnVcpMjIVyJ6W6cfcmdCsx_RCiOAzGy6yoynzLotfO-3dNuSf3Y7FPOgiRtZsizUummM1LWeLWkG9y8f9AcEM_i5VlkhlSiXJFbk0XpJTCyCTYJDfkLK-9bJckHY0QZ_ONrV_JtRP8v7cXUB4Qlw1eA4eCu-cMevzR15rCrlEDsidjbV6LvZt0FORZMzldvqmG5ew64Cd8eRh-TAVREy3ejWl5r9szFD_mmwgo4i6WmcLiov-6_YsD9Bp8qrd4GuVaybz12KNnZGA_SgXujAs0Dr1uIh3r3IyTlZQXNc4IRwDInd8Zq5qI2hmHEZw9oFr7mRlthd5CMV-Nd_-oviW5oihgE8dy7zppuXWC470-aMbS_GZWGMm6_s0mcrpP2Tf1Yk9UT_ls2oJ6-v2GtYawqZn6Vz2wv-t6QSPYfu5BWjJb7GIKf2MY42wgkcl09O28h60NL4U09dPJQTUCNOoE0WbbZxrBGZEFa6XDgqWwe9F2f7DfcDuooDkrzpvgR4nfyfM8N9SqsHzYHIdrRxkGIOeADeaRQ5wcZVL3v0FY1rxZKF7oRSvkIsN3OCtBh-AK5V5ySqXo5GOITbBVV4FkwySRe4fH9PRd0f7pJkrRv_bUirBuIG2CXYS&prev=RQE344C156B8AB9F&p=7&pg=1,QA Automation Engineer,New,2026-08-30,9,QA / Test Automation CV,"Matches: qa automation, qa, test engineer",Direct apply via link with QA / Test Automation CV,
,Software Developer for ThinkRail (Innovation Hub),jetbrains,Berlin; Munich; Remote,https://www.arbeitnow.com/jobs/companies/jetbrains/remote-software-developer-for-thinkrail-innovation-hub-463531,Developer,New,2026-08-30,5,Fullstack/Frontend CV,Matches: software developer,Direct apply via link with Fullstack/Frontend CV,
,C++ Software Engineer für Cloud Applications (m/w/d),Stepstone EU Berlin,Berlin,https://www.stepstone.de/stellenangebote--C-Software-Engineer-fuer-Cloud-Applications-m-w-d-Berlin-Dresden-Essen-Hamburg-Hannover-secunet-Security-Networks-AG--14388453-inline.html,Developer,New,2026-08-30,5,Fullstack/Frontend CV,Matches: software engineer,Direct apply via link with Fullstack/Frontend CV,
,Backend Engineer - Wallets (100% Remote),Tether Operations Limited,Remote job,https://www.arbeitnow.co.uk/jobs/companies/tether-operations-limited/backend-engineer-wallets-100-remote-london-355455,Developer,New,2026-08-30,8,Fullstack/Frontend CV,"Matches: backend, backend engineer; remote",Direct apply via link with Fullstack/Frontend CV,
,Backend Engineer (m/f/x) - Travelcircus GmbH,EnglishJobs Berlin,Berlin,https://englishjobs.de/clickout/72b70f260b484fb6?ql=l&sig=2378723bb3e13e6f688d844eb5cc9506dc4ebc25&e=1RM5QNhMBbszJA0tuQ9Au_1kyP4AyRGN7o-ramhueHwCo5c5gfBI4qf_UONLDE1RRmT8GsqG4F-CpvR8ClMXAhwzbn4wRdzCSCLxWxcUnPMvvQEOfuU5Rl_PcFKab7BSqIDE85s0a4FW_bS8s2uhsMkP7aEmdO4eOjS46IeBbqjuisGn9HjX2oNrnkQNXsrrj-ziTAjs4L68GfuvLN6Rrj7s1Rt3a6SoqEP6CAsVEiqhsudohKBxY2hQlUwphegvuQmnVI5yfU_Zd9Udj3O94ZlUivd7RaTgOZShk0HD_YV-xUjKYYQtoZ6xh3h0uhoEr1IzRWWZUTUJrxiUFM8mCLM3QJ6PYr5KF4UtYXd3D-3QvNmAY7FYX3j0sYTDEt_ekn_YZX5MaGnA3jj7rOGuI5h9NYKq2n0GjUuGuFuDA1gjNNsdgKE6_f60nU0RllM87l5GNNWncq-I1djMUQag8XzPky3KqRD-s7l7jrK0ImYgqLEeIZ6ZdAGpXZNqk2vX7w0Ts-ajqDzIJf9_9TLQn165HWtDQ8c-U1HLuWamO0msjGknBsenymP_DPMIpxZcBuG5sYZYdWOtqCloHAIKW9_Q1UTETE2zomZe6pAtwr9M12GeNJ3g9rHRyE8yifNMazpq1XAusXBZrOD0c4bpp2s5n-Y-Kp8fJC4rqqGUt1kMxT1Wa-_77wMdaVzEhr531iaUWg6UIoZzrIZKR04XrjnmNmbOIBIvkP2uTba6ReesikSyCKB9A_m43TnTFrLQxj6pqsVJlWhnkAchFwTptIQs4Onyf5Oh4Ix2lkajGv7PRbTelr1VrkFBh1k3eGJjtdUx1WAzgTogFAtbVujDtwWqgi17jm4LyQu3equmvFwBeqtxJj4ji1tTpAXae6tqd2XAJmwpo3bgU6POiauvbF1SgRZaxOpHw_MD-WE4NUHT-K8qxObWxxzZ2r5oUHSCalvfPdGleHszVMHqm-mbXTLWWJ0jS4FoWLyrozYd1VJmtr0OeHipWn46F6plNRzRnYIAQI55EShdvYh3-aX6bXFRzw9pgoOTc-1khLuS71mkWr4CfgQTeV-QNg4YUJJdYLQPTJZdJo7DmSY0qui8QOXuBE9q_ygWyySmnh4NgavtD-4WJmkIZfHHyIOzNpiT4iyrDv9ssq0rOYjF9XjSgkO4WjsACXo8C08vamYqiTuAIGWEZ4Wj_8I3Qq1r2sJmphIetFyjqvZUjcTRL_f4hfjoD_VMjFfzSlSMuCfAvbuwkHP0TkVNUOUBG_irAMIH0U_Ejyixb6Y2yvuB5aNHCUwW69OH038NX45W8-PCbSyc4c0l9s795psf2kT5o76LWg6WjshK7HkIRRPSJHQBYKlre09ylDAAHr5oQVlYw2diKi7qnSnZnNvP6J-LV4a1Bbnhyumzw27bpG4RLZKi8nmT0rBShYnikgnmIQBo-Totgw0m4gg2WQ&prev=RQAE178CFCEC81E6&p=1&pg=1,Developer,New,2026-08-30,7,Fullstack/Frontend CV,"Matches: backend, backend engineer",Direct apply via link with Fullstack/Frontend CV,
,IT Helpdesk Engineer,Superhuman,Hub - Berlin,https://www.arbeitnow.com/jobs/companies/superhuman/it-helpdesk-engineer-berlin-357903,Sys Admin,New,2026-08-30,7,IT Support CV,"Matches: helpdesk, it helpdesk",Direct apply via link with IT Support CV,
,Automation Engineer – Magnet Industrialisation Proxima Fusion Oxford | Munich L2,ImpactPool Germany,Berlin,https://www.impactpool.org/jobs/1235999,QA Automation Engineer,New,2026-08-30,5,QA / Test Automation CV,Matches: automation engineer,Direct apply via link with QA / Test Automation CV,
,QA Engineer,Miaplaza,Remote job,https://www.arbeitnow.com/jobs/companies/miaplaza/remote-qa-engineer-325150,QA Automation Engineer,New,2026-08-30,8,QA / Test Automation CV,"Matches: qa engineer, qa; remote",Direct apply via link with QA / Test Automation CV,
,Software Developer (gn) - metiundo,EnglishJobs Berlin,Berlin,https://englishjobs.de/clickout/e212d3fae7364b3b?ql=l&sig=5a064ecd58feb649b8ddcb9e0692e9096d9ceb49&e=ZVkoMH81I4s3WHTehYlmqFAu6hlD5JpyxoVxpU9cwEq_s5zZv3WxyI32HNKdm_FxxnUIkKxKp_N49JTcFxux6PLx4el2lpeu8nIB59UPpk221HiupRAeKa_pcmAdIrfIZNDnp_jNMhORpWqP0i7G04rGCE6BIXEYVNf8P8Cup7-qHFM2uDGFTQoY_sk7HieqzJ_LOB0aGMXMm6sguGBlRPQlJohfiSkGyuJLhNOMLjyiOq-i_z-N65qVYQsF8U9rOk31DnVmq6EvNCvY_24DjYIls4q12qACTfueEVtu32VX2mORhHR2BJDlYiJAA__OQW58gBLU5bsxq2z1GXj36Sg3GyHfdjpmFQqwfRIRSAKRExcEyjtAUrBfTztcpLL3-lLqJFYaUNGZaneLkZLWJrHu_y0UMyvow_pZnMKjB_ByVKlege0YgyDpLOg3MeWYLVlVB9nOW4KSgJpzJeioIzSvCfJOXS2fRa-wIMts9BFL6zMRlh1dPNiZoXnJ4c5gzRCPLuwrj2uo4UkWtpNSkK1BRsBCLLbfw2w6sC6hSyhjIza_EAx4qJJaOYg10MN-CSzsF8rHI5GABbShCI2_uO0g5rD4kbeL8olMR6WvQf9_BRTrWapVkK6Wwt-g0YdeUzVKG9Jee3Rnv5SeY9NX-KoXsyQF6N_0n96_jyNY8kFgTNZe9EUOj1kMwvvOQCRAeKzGkpy04XG7jFGvg2ynaWlbqOPRpiUdXRbsQrmLuNZY7kJDeByY8dHigU4YebnF9TxteOg-1q9eqHve8rK2VlkrW01u00yhgAR47bozEmUxF5CcEQWEw5uvPRre4zHsG7Jb6xNS9HMGI_7ZYfuehDueI8ad6BVtFeBELTWoZMr4e4KzcibybY8ZthjeR6LsB0oyAVRXoZVqCkykIehvYDeTebYV5KhwXZ0QgUOLCLJflO8qHtn7Xw-wMI-LT_r0VZVRK0-IXxWpjHPjcdRWfnD6fNWSDAIcCMBwi-XEvEOUOm2FWBAQwLIZQkTQ6Zs4QhO9fKWnJjs58Z3FWzAi7c1GACX4VmQk5xHiSL5wcy9bqiExAjfET3bi33nJZLOPmOujP8E2g7lFE4FQ-OuNmvME2w2kd9S0uycUhuX3ewuqfaeEAWChoSSFCEM3Yp4LWsgqNZltFGuo01aaF8JZG78KRFwU_tHfucg39aC8toieD16gzwOZgff-YElfrNc1dL0YIx0l7oTn79wczvrTYCvyV6iFYoZlcQwjkaaT7rawv_48GgHo92_c2JnR1O5mhg9M9rLlBiFjNGNcQe_WKzYBnO2CQ8s-3Hy1w4RkYCL263YDkv599TUpKG9GNi73BdWtAiz5CG8df1miCR7cybJS15jXOMPz0pMotF730DECpaEZrmpUQLUDsvpHjsc7aGtL-Wu-9Nvur0Vzh23C2bbZL0oNShUItkM&prev=RQ7FE86F481D479D&p=5&pg=1,Developer,New,2026-08-30,5,Fullstack/Frontend CV,Matches: software developer,Direct apply via link with Fullstack/Frontend CV,
,Technische Kundenbetreuung / IT Support,Projektron GmbH,Berlin,https://www.arbeitnow.com/jobs/companies/projektron-gmbh/technische-kundenbetreuung-it-support-berlin-459278,Sys Admin,New,2026-08-30,5,IT Support CV,Matches: it support,Direct apply via link with IT Support CV,
,Full Stack Engineer,EnglishJobs Berlin,Berlin,https://englishjobs.de/clickout/2d383930f6539f7e?ql=l&sig=cfd941573506a3c517b94dad7fe6df2d572d56fb&e=Py7akzatbIo7EMdV-Zm50tQlJZNrIoJCxbusoWT6OCWqaEq3C7o6t7TOcotu3zC7Hgb_XBDHbH7ng6vp65RuEWJrVCmhnE1Gn7sW5F-bjYkWTamEALHR50ZjA_6ZDyGwVjEdxY18qkU39ViUAQWcdkzNVZpbOmq6fzQScDWEENXPj3GtEiAogzUWnR1RQQ3bCBoveOplQ9ccgPLynUuhWkPWY4X2hgbUEHme5Vb4TguBn66P1uFCeWSJNOQPa9H9EWHt8FNi8Z81hbiKGeDc6y2Yh7vMyqvHSKUi74JAc1e04a1PC68WNz3E09CGqPU3TZoVhZBPqf3xcoE6SGcIBzKWrBK7KwG970bIpt322aQrfzbI9_0QuFXztoEvBXK0tKJUiXVc1aEXoOPKGpRxInVLuspIhNgqvlyXBTb36PAfY7z7jhHvOxe3xIWIoJtqw-Db4-6B9SolUcXK_DfuNZa7hHx1aE2qS92tfplj-d6c8Pxz_nVhClTV19Mub3-iK-mwxj2WX3ifcTNfl_OU7fS3Pdm004glUHz_jmp0YWbyzY1nTQVMfJkcHPh1NW4mNgk23a3QnsmGk4dxM0XpjsFFZrYhT_J4C0eFe59qr4DHxR7K8nR3LcrXYQZRGNmRbxryzNXF_NjyZYKWny67csn75QtXWV2kC9mlnZ_v8wtlU2Qc5y-NRBhHO1BglBRerJ_08zsY0Y7bWQrDwkYWNWXUk6mEVULDOIaCSE9rBZToPmnn_bKfjXhZnQ9hzMSHwgk-fSZpwVkk97uDlBCbKmN3yJsikBZ_-N_fLc2-qQbNj9vyOVosJ3FxHmczNFoiOw8wuMtgkqSAB18UBYuYA9kN0jqjV6wcXSZ_hGOT8D2dU8qB0ur626Ix4e3o9uxnahvPlf-7xHL6KnB5E9-PxYuWtmxqaU3m60alaWWu_bJoE6_qM-yPVS7lyKYsKgj30HWtMW8f7TVxytu-fhkWSwmJMkC5iXL3_0fkyatSdtooyJOYjC8xiPfNgS3uq5_oNIH0jHrFnwTn0RLdu2Buayw1D8GIX9H34hqSVPjQkwKmVAoTeAMRFXI1klSpM22fdD-KaVzzK-1M_tDfNdpI220CqNPSS6anDNuc8eVyRm4CsvL9ePvstDJ8IfJhJnb9IZ39UzVpfe9hmpRcWHCuB-qnhq0ZWoSou_z3kKOhrfEnqRXV5KzN86NS09SrRT0icZfl8bCCB8NHlN6RrfncPXbI-eyHGMgLQvQM6oKc3RlpnaehDr9zFArL1ftGYiLOcKxG2bSowJvLeaYb6ptdtEEhs3u6wpl0j9H22ohivW28baZCLNg_uEFJmpaCnF_Yrpazu4fBOKT5YKa3XZlkcXH1tt8Wt6VBQYRJ7X3r2HfZKxIQxfWSR5W2wIL94Qn8DV83ZLXZRg&prev=RQB387E31992BC87&p=7&pg=1,Developer,New,2026-08-30,5,Fullstack/Frontend CV,Matches: full-stack,Direct apply via link with Fullstack/Frontend CV,
,Intern / Working Student - Technical Documentation & Quality Assurance (m/f/d),EnglishJobs Berlin,Berlin,https://englishjobs.de/clickout/834690b59945bf2b?ql=l&sig=0e9ed2a40a56fef66be3c4752e30b6e18e868538&e=WnhjndFqYNNyAos0WmIyQn-ckD6YfszzYw2Lmo3PzZnRijH7L7JYsSnvbmP7RajFwccFUnzjw5e_jRvQCjcqqXA8llVOOaTsB1YJ0e-b_dagy801PlVc-6u95k28HG_7QhC2dP7mQoOydkVrI3AoLG7j7Dy83uo1Cxo0Yds1rknDeAwEzLVuRYMhvPYGjBI1XNJam8nVG_nHUhVDlsk77aI7KuaL-9hGnDcKYtYocdwlMVEBTx-WrJEpQLI7uy_L89qG0J4r7HFe4BwNgpFxxv1kb92Risekyiz2Uso0veKKZpeXolMLhVpPW5ISdYuIQTZVAroCSAlzHkvBR6kZ7NOShGq60doJPQU6wSAw5C6TL-ufR0uLw5tbrbXcs61xceK2XiuF_Y6E2JKXDtmSn45d0XPR_FxYv8MFCQe1iHZ5YOW7nsXJECJMt8yGUGkXqVI8QSGJLC2IXqrCrmog17WUUKb24kMLaXfN64-8J23ExkcbCCQgUJU9YlSViZdzwbs21GIXes55fWSqPV8aYlWNl1nwB5FlXBefLZMI1XdnJoCWnTE7Jb8Di4LftZY1fNHUOwodBytmlnMYle6dhphlMLFLNvYNd1NbvLuo4KLaM6q4cnd36mWnrPwn40UElwmiC5kimc86rlG-uh8IKgHFxOr51RST0M5thiOwnaYXsTnx1tNoo-jWvogqKcj5yqn_IbhjQVYiwhwNu7ItBRbh-QguDaHurY_jBiOEr95rPPZZO4KAgSjAKqHocy8ZUPg9MsYWQWOFkZ15ne1hHnjjdSf1UYBCtfRvTHAjuDypp9z09zxyUqMzCDBFmx2w6h6kW2sPxnGzI18hqbzzcklHSvnkcdHkLnbJoUpw9HaJLV9lrW-n-k4rIq3A59_TtYMaPzK_Q0f4U-ZPKvClQf5grNyQX7-f6goGdfdovAXcoVHLZmCsOqsRs5fDH2L1Knqy5NV42C7OSJrP1ao16EYCO8EQZK9UMlrzEAW6QIh1DcL9JuOZzVS3HXrwNuemsgnnSdoy113N-tzSjyOd42kxuH3qQfIYW-nw_4c9j1R-e6yA-Yb-EOje9JUVYJ3gdKV8PjFKeKwA82WIvB3rc3JBB6H7q1f0B5AJsqz_Goi_SEQb3AT8apBKBHnUBL05Il7exPPcEA5gsYeM4UOQvLAFNn1KXkUggRsQjo4OJVt8NCBrfZasnasMJMknNTgPbSZZoUhobI_TDL9FMJZ1Q7ABwMUuBB4PXdOhYxKB1wl-oIvzByDo8OjI9A_m8Wn8MoNGJTehAYEQczdsAbzBYn7Cb7kl1_y0VIr2xhr5RdotVQTXWUQUj9q13v9nSvuPvD3cTdNOjcLh1gbxoshduQFIzmP_AVdqjYblrxDOonKgziWlNThYYH2qT2iIlD3LHSsH2NGmsdQBq1iOh4znXO_Tcu9xHp-3DLmRnpI0ZmcmRFDwhO7gEVXlXWo5KIhRH4OoVjPoV8SV3jzDtWLIq41dteWfDO3fExy5tCSD&prev=RQB387E31992BC87&p=5&pg=1,QA Automation Engineer,New,2026-08-30,5,QA / Test Automation CV,Matches: quality assurance,Direct apply via link with QA / Test Automation CV,
,Mid level - Fullstack Engineer,Staffbase,"Berlin, Brandenburg; Chemnitz, Sachsen; Dresden, Sachsen",https://www.arbeitnow.com/jobs/companies/staffbase/mid-level-fullstack-engineer-berlin-brandenburg-chemnitz-sachsen-dresden-sachsen-196236,Developer,New,2026-08-30,5,Fullstack/Frontend CV,Matches: fullstack,Direct apply via link with Fullstack/Frontend CV,
,IT-Support Mitarbeiter*in,Stepstone EU Berlin,Berlin,https://www.stepstone.de/stellenangebote--IT-Support-Mitarbeiterin-Berlin-VIA-gGmbH-Du-bist-Wir-sind--14432017-inline.html,Sys Admin,New,2026-08-30,5,IT Support CV,Matches: it support,Direct apply via link with IT Support CV,
,Full Stack Engineer,Worldwide Placement Limited,Berlin,https://www.arbeitnow.com/jobs/companies/worldwide-placement-limited/full-stack-engineer-berlin-226964,Developer,New,2026-08-30,5,Fullstack/Frontend CV,Matches: full-stack,Direct apply via link with Fullstack/Frontend CV,
,Full Stack Engineer (Libra - Legal AI Assistant) (m/f/d),EnglishJobs Berlin,Berlin,https://englishjobs.de/clickout/af34d1ba40d3a4e1?ql=l&sig=18a25267113d2a506c8c786817d974fa6eb01bd5&e=EzLV3VXtpVfdFXi9HLYIKblV2kiT4xtx3K7HD97coliRWGNezzCcjdMC4Q4fEOKYjK6gRIvgi9lSaIygMMpSASjx-QkX4fuEkbHR2RYcSNteIeXCzukC9KTni_ZMm31uA0Htyb4r4NCD-S1GXMiFPuMfUcU56jxfBbCdExAmP-46QxTBUET9E58bVBL1iveWsgwoQb8YkMdJEj6zbfCrwSBaSZANtFzsSyZBnujoU1w7610DrZtS_ucza6N-8RhItWj70Wa5fV09iUClBV4eDifkJd712eTu_x09L-5O0te_F67pOGcd3MP5FCUZeoHWqzlTuwGj3bH6ch6aVMQwUeMIYg4hVBJFd8WCb2HcFEU3EO5xmTCcHcrnkNMYtXeAIsBuJI0CBupraNBAbdPbEuPcPYqf-qNJE6laXvcu2gVkd4hL_zzi8sC-XDFWSUoeHwjwhrLlljXX8lJOkGMMUFRIcnrdW82GfzbRHnluvehlJ9umbYVZhPjkSgdgJXp7fEh8aVaJ0fc5Z-kiOyGycqFPQljJ5WVLGsXfGr70PbShmku7CdheZTuUY6hM2UYuauHUaPZ3nmIxQtSHhxqqWJ83j9Xe3N7YoSk3zUa1i-fFoA1yAvHAFX3OrY6CFIU0WB6Uo3jnmWZxInk_7WhcdwCNF7MQbSjGS4XX7WLo9ZgvwSIuN7YrFyWAoWiUv5vzuViZknfBa4GmIS_eeayucLm9LeXhiNNQhTDbJau87J-luRpLAT_reRHV-XUlGiamjm6Oo2eblxxKPCGw7qLtavfyiVlgLA-en4_EZwrCb2eTPka1heeKBefK2eNwcGMuN9c8xm79nnpSRRwn2d9kfR5ey714V0EfFOvKhEaMAap1MmVzD6nEhSIoJvLh5xmurfrlAu5Qb7Pvv7woSQ5zre3UPU_mYzgv2Q7m-pk16PIUzQbDllzh-xyBpnGU9b9ByXfnVWOpEgV6k2wwb_bQfYqMVWRty3Jb3daScy4dzEhITqdC8KTbMhJ-knI9ZOVV5TUdiF9wOcIBJVWvweL7UIJeOi43FGWUoMm4OkGs11jfIbtwUutCKckhKGsVtXhm9mQSMapyZkhATK_OFZrWYBQ4gGIFZA-rP66QlVP-NqicxTwyeNBSx5hQ1KXaLuAmtu31iagkgWoUlIOzAOifH3eGAPTQufrnrnOMH-Cg3jfOWCnywlezLX8m0k12KD2x-qwyfDg6kotVKy0HwhhcoVcGucq9nL_iTRKdN6GpaBHs-aZGBE-VGHeUfRE-K6JV196jE2OSw2kmcIXtsm1JlM3o2PP9sITvzUlOBcqUpHwqhuehQp2Vbtc9doxH5QwWwnrOXlpKbMWEJAYSm9zFILyjpwF_xIelxRAu21hTh8AeTE3iGXigi8v5SVspyB9aG4vppsX7I7CWsdPlCCfLa0AwZA5ADf8HeaFutHfp4ObeFijt1CkI_YmY7I9a0fup8x-uWYiGp7w5N2qN3Ac1WXeAViiJL79B1Gf__nNQrWmWWX8TL-EGarmb0XrZuYG3wdVVQsoWrYToFgRFI6G10VrzaVgCmPEwiXYTQNAlCZGMAuKEYEv5aP1gfEdp4ogfaSKdGeY5iKCQ-Y6ZR_kHd2MJHgzDpXIC4E0HQrMfQsaFheDijBZhFjNi7bzbBz4mJeFqmuttVZTzY4h8vp7X3V-g_OAF2kQ4aastvJHlOP0BMFPXuFmDTtsO03hesfvpnebhlkEw6FRWO-zTh7L0CTNUJI93CPIQtV5crF4hFInhZ__CmmfvCf-2f5KQV0ReClBex1Rwq-onuTVB1SMitSsWVB2F0DoM4Ona77EsZY0mVMhKq4pzCVTcM8X_seQDpGHDaGQDoNRjkTJiPIyUdnIMSpQZVmT9dPLGGZTm6kcsA0wKtPByi1BAlTIFUIxTz5zTYyDAOTWuhkIayQoRyFpt3TOahSMidChn5Krl_Vq5vMnihJBIEOZhJdk4BcxBdeVDa4LYWNWMiITGhRZ2BFA4QwjEPSMMoN7bdDfIQbMHVNZgj9gp0TtvIxlo0OGN&prev=RQ67F68A44D8792D&p=5&pg=1,Developer,New,2026-08-30,5,Fullstack/Frontend CV,Matches: full-stack,Direct apply via link with Fullstack/Frontend CV,
,QA Tester - Brookhaven,Voldex,Remote - UK,https://www.arbeitnow.co.uk/jobs/companies/voldex/qa-tester-brookhaven-london-449280,QA Automation Engineer,New,2026-08-30,5,QA / Test Automation CV,Matches: qa,Direct apply via link with QA / Test Automation CV,
,Software Engineer (w/m/d),ALDB GmbH,Berlin,https://arbeitsagentur.de/jobsuche/jobdetail/10001-1003126315-S,Developer,New,2026-08-30,5,Fullstack/Frontend CV,Matches: software engineer,Direct apply via link with Fullstack/Frontend CV,
,"Intern/ Trainee IT System Administrator (m/f/d), Berlin",EnglishJobs Berlin,Berlin,https://englishjobs.de/clickout/0fc9ecb410e57371?ql=l&sig=f835630170376132e97a2ab9344f0508beed1e0b&e=eN4kJKmTJadEof944VsKIe723PC3HUbw_fLrklscdE5Zpv9Zs1NsYERcnMB2gvwad2ziLbjDqIA28mhd-oEN4ZwyheyZ2kGGI8YhVO42A_TBy8OiPcxNifYTBFNoeEY6vsO-9brSkVzJv4pTLuEtTvY96ey2jbrlTITSFOvQEomVpM46VXOSLp-XJvNDzPqq75yrDp5IpqnS4sx5AtghQa0DRiMxYaS0zPxWvjafrENuDpk9rEduVIFB-gauDbE1q0uBuWQ4OQ_Ff8VncbTd4y0A_VYB_94CLUGdumjwG4c34o_dLhZFXeofcZNU60GvYlrIIQiVkmGsBC-o1RycFYJLb6HtVpJfKJPGm3pbE-JuZrSJCCTrWySScxKGIk-px6OBOE3Z1GB03uODujdTbtwVU9Yit3mwQq9U7g7Gd7gtb7xgqio_QW6KzrqTAp-kl_gYCBVvhD21I94CEH72Klj5UOrBUQPkjm1ypyWvhyPPdCsv0kvO1vSz5oPsNAbSVh31J_8USJM_vEwVYM0CdSNNAq71zCjMD1pj-uuDyUsarem-YSN_tXaS9kzfO87Rmzil8jUdntrbTQWvrsnWnNp_oIXR-aONodmhtuHw4EM6u4_W_5ZsYhTsnvEGuvb2WSunhlxEpht9Tp7--uoruUnNDWT_bZ2QD8kxLZyR_iy2jvdAAEtvut6txo6oLXQEvXnFxlA8DT9oZcSKceI4VwNwoCgxLhCtHiqIjqEakBXx44E0KrQLC5gqoNhVVRZcA2BpdY4YUPMgeqMy_WKen4P_GvrKLfHrTubNu1n7pnAnJ2PO6DNs3fu0_8_5sDSj2rOxnr_6Ntgft3b3WfB4zU4doFGID_PN4OEffUQkr1uOLboLABRLdkcrfFzLQDwKbewrnskBzu83tHuUo8Lty7pMHWuYQbSBOL2AmxoK8DdxZymJodprCJoccBfD-afRqKy6N5uP8M0Ls38M9_mH0DwrfVD9trkigSlurxGPUN2OzSglPkslziaTYNbIWQA5qd1R2kDUh-x1HIxtCTiEf-Aj6X374xUHkHOzDr6CTR8PUeDvJ598etdC0kxCiyR1GXM0BxaGjtHH1AxM3V-gp-bq5o0yQVZcLgHxqYvcXub_emjcYuiPI4_CTiHS6izjyWI0nM7dwSc3oQdCuiANJIkyHlm7jpbxIJ8iFzVn4HkQpq8j8HMgmEqT8SywDPhtWuCeArvoFPmJWw_nQ5U1myoW_5OIxPTUZEwpYVp2YyWaGi4hiQLdi18RlJ-plHT-a757VJ8zr5kDfV_FwZM_OKtwSkukiLLXpG6APOpYStvwd-9T9Wjp7oVhZSApV3G3gm5peOQrAl-jWOa30JET4U6tatWrmdW-rVxv1iNsdeX8Vpuhbyq7EzwNcpizjciih37SaTSDRSg6NmAx1ROqYAah2J-xUiaI9iL-IMcU3Gy28vqSvU7MGomsX_yFi2cjcGAAfybJ5Kdh&prev=RQ808846F0F541D8&p=3&pg=1,Sys Admin,New,2026-08-30,6,IT Support CV,Matches: system administrator,Direct apply via link with IT Support CV,
,Founding Backend Engineer(Go),TechBiz Global GmbH,"Berlin, Berlin, Germany",https://www.arbeitnow.com/jobs/companies/techbiz-global-gmbh/founding-backend-engineergo-berlin-147504,Developer,New,2026-08-30,7,Fullstack/Frontend CV,"Matches: backend, backend engineer",Direct apply via link with Fullstack/Frontend CV,
,Full-Stack Engineer,EnglishJobs Berlin,Berlin,https://englishjobs.de/clickout/53a6fe5bbdcfa1c2?ql=l&sig=eaf43b2d8742eba0d1db0579f73648aa3bb45130&e=gIZWfQUjJC8nThAKqiGr4QwrRuF_aEc2oRs1QB1-lqs592cH534TuTArie2XcsYjERpIPSCUN7j1Tjg7ScCSmO46lpmRj7k8noSNijaOJ3VNYmCnNgG4fiJdGDTfx4nodGOrmtLxFV0Frz4XFqg_spjf8iX-EHLy3T_K1N-u44ip21D0UY-Uxu02FSGar9YTx_bm2ex3WXUGvD5pDDcULeHpSBbfRp52vteXm3w1j_E_auKukd0yEr_gUJT-bR4tH4BLTuFXUStjNYtNOSaR7iZcPZcs4jYGCPV1tCSkOAzh829RG7DKX1ko1yaS2fAQyghQwjOraevvrPRdcPnXgaWC2-QIzYP9BuVxScTgOCHKvEusPbjJLmYYvAGPEW1JQzma1ZFi2DhktpxDp_BNK1-Qm3C8wB8PhofhawbixZIg5SloV40W8ixPhJqFOc9v1Xq5IUmBnWusSUpt6EQK9oEMHiMQ8QHRi326r11gYycNE8YNUfACDqA82bPuBO-_FTX706t6KC7pZ4voqS38CGAHbEWo5eqNICdtPzU-mv-mydhxssBDuFPuTDb3QTSfLDQDEKr00i5iOy-mYLGlHkvvbxNvBt5tIiixgfbB204SCQzE4xMHDI7DmH_CU2vAHMGH7ZxBiWUmH89TzJw0h_B192ntWKligOBtFn3tt8qeoA6jSmYQe47OzfXeu7RS58fFsFp0JcmixE3BzP2Fweast5ljxzQbSGDWgbEQJpp-15cfqqO5XOtC9essy660YF9Kx05qrpxcfjlyO6ekAJ6480VCKU1LWz2BcsbRQxba9cVS08FcNk6EIjoJ01HMXaSIWeSHkjT6xKYuDPDXPrNewUjQMWnpVPb9ga3AG-XP8_kCMPF1SsfavwNRw0A2vtyj_863j3jokc-BXYSaxwCM8ok22J4Jj61senT3pQzArhetwTL0rZqN6YhbidKCG4OeHULqoFDdp-f1n6BUc022yPir8bbIHkC_wqIcdWyu_oz7O_YXBFpUSGej6t--R6xSydbIxircrAZdBylojmsNNGl8dmn8rJYtk4iylP39toegcyWpqAH8CUdCi9lvaib_8J43OemtwlEj0tmWNMeKWUSbeEEtA7HcO2lJkvMKSOoduvIw3fMe4y2LY3hpb-jxiPnDnOY9eQAUDdbMN4MbIs2i_Gjyq67ahJUaRA5dhv8RbqzMnIzAL28w4uO6tj0QP5RwbHtg5A6fMzg4bwzDqkMRJup_rXbEm5dDLGGXeaNCDUP-XxdT6zZDaZ1HMP7_ozu5KrrfJk0KaC-oV5CUsW8dm-_YNWAbmdMoia9OSz5HXWlZ8xmfWAmXJanRxmNPwH0MzcDUxW25cjzLhBkV9KjQqYeyq43bYeor4L1R_TwN3L61RikdaGe6R5oL1FbUIQUGSuFTrQ&prev=RQ74CF41DBEDA643&p=15&pg=1,Developer,New,2026-08-30,5,Fullstack/Frontend CV,Matches: full-stack,Direct apply via link with Fullstack/Frontend CV,
,Product Engineer (Full-Stack),Bounti,Berlin - Mitte,https://www.arbeitnow.com/jobs/companies/bounti/product-engineer-full-stack-berlin-mitte-146616,Product Engineer,New,2026-08-30,5,Fullstack/Frontend CV,Matches: product engineer,Direct apply via link with Fullstack/Frontend CV,
,Software Engineer - Systems Modeling (all genders),Reflex Aerospace GmbH,Berlin,https://www.arbeitnow.com/jobs/companies/reflex-aerospace-gmbh/software-engineer-systems-modeling-all-genders-berlin-368586,Developer,New,2026-08-30,5,Fullstack/Frontend CV,Matches: software engineer,Direct apply via link with Fullstack/Frontend CV,
,"Field Engineer (KYC, Typescript)",EnglishJobs Berlin,Berlin,https://englishjobs.de/clickout/386249bf08a488fb?ql=l&sig=598cb79ffaf304e5c44919f3520e0404f41cc7dd&e=FfNAkws6-xKfPTOn_LDDAuZd6XAXFJXkhD7ndyHKknrT4Cr-dc5-9UciqFl_fwDQ1KFRWBY4-dzv9kZr5RMAM-kXRO1B9uIMqGfB9UB4uaWxdgFFOs-0VdvzEw0n-h-iN0pqVP8zm4KH92D2O4L9MghawObehJ8zefpV_4dHyA-V41gCbG5VXVHUue51-0XKMxM--tUo5_sLTwPBxzZYLzIWFocrZaQiwXq6nGEf7EGFdMFmnJeSatRKEUtcz-1G3oIMpa_lH0pLFOfFFfof9lR40KSECwUjyQi5k6wSwXZDai-Ozo_YBxWr-9at8A7Nwe0PFiPUHn4M63GLjuivovIYHhJ8uPIWYY8xMu7wrOLe1CqoM51IIxzgZkzd2UCQjj_qD2aZ9Cht4sRCLd9i6D13xKXGvjzdS6b4jgrfp0bEZezTWOkqzwgqJ86X7-sxXr0ILYJG3dJEW68o5tf49eDfqB-qeG1vr57rLQwz28PviQgn3_pccxO-QEwe5idsTCCwkIgCmG1TNWgUTOVy08sO7j1Jw0eAx2gfWTO3anQmVQ3NSwPLKyGQnpADlOg15dZ7hw4OiwfcMZkvwCkyGtedSfuOkWDHQSyB_CNkUcxOvrSM4cVL6oCP9UAycyNxlJBPds5ZW0ON8-1B_wp9RPP5nU088J7KINtwpZVtxpg_ri31tGR0WT04LI2WuajFOdhPL9h7X4bYXtFa3qWmi74i8bviRfuR5_OUGmfLm08QE0Jmz4wGPOKWNRJhtYEWzJ-IpKX8OaglV-yIy7nb5aQ1Len5G1ceN2qRwKEVEk9O38WdFOvlSbLOmQ0jvaJt1MoZbp241vH2LrbFByl_j7n-KzN-6PQaapnVTfS3PADocsCwjgraX5LzW9MkkVKfvlDsh5ROnoeJMu1z8xkWxKBcvKl40VzieRa8_Bymp0sGx7j3BPsnA_XifC-ECZfF8RLYgDmQwwakt5_3SyfUxQ7NZOKvGwrmFy3eIKr-UZhgOLDL3ufrZgSjYHHFNO1oOcnLTzmYCbNbkqANxNYwgFwjAm0dIdDiT1omjL-l8ZYr8cA1nFbNw6sSHhEgD2Ed7aOIiuCSUC1rv-dKRp6nYxev7gldBtmLCcebDB6BfERKP5Well7CBMaaYwW9EbLG9bg3spc452KSwJP7wyyesX51ZFuIZT3ti_N3-XY7DgkH457-Wnrg2Cxa8FcjdLSoNMbnpx7QKutol_a2E8kHcbkdgxGkSfoqrZhSnyshnlsJKhYlHeo4oEtcOsXSi4ACFKzuyaDhNoDRo38itnTrgCXQuMJqPNST8zWzKlYu5iNnJ91YcUZf3s2H743SKT82pjag7QPAETRB5rKEaXirAwEonB8cXC40u64djg2m4RxP3S5sYf8RwcwPgks2znOMnIsAu0HilOqOU80Cs6yIulhFS-_jxPnj9pEyauQrjw1EzvRbxs8ykNHpzxj6TtnWODZoWm8xBuji61Qwfkta9lbVNALtPf7rGSZ_gWFlq5Dg-bAsjSMeek9aT0lyChzbFHvSDPZY0dkzH3_waTCym4gGxczTx1M_JzJSZp09dZf0-Uke8GLLKSMcrCN5OswuUxyDocF8qyqBkaA5kcd8a-CJjN8ZGoG2W-sLQD6ptCZmj-8v6veZ0_5NQuiyu_wYxKO0an4o2BwDLau9-NIFtFo0jQ3jPtq4kuMcrOFS8uyQ-7WHXzN1bMj9r5Z3UHzT9sfn-AkcIy2x5KBpvEBJvEx9OB4gFmuh2voHY_lwHj86qfLwt56iEFVkeBgCK1Eh80Da0Da-wa0ZPHY8hvJOpJ44y5nr5kHeVGV9fuJKuLSE0n25qqXWeYkD9MOxAJbxH-fM1FvY5fDp3Yei393_8Y-dA8ZIQqPTUvHpINIpiFWm9BwIemNYGA5eYKJdvABxuPhPkhv4DREywWrVGd4jtl4LKJGnbZkz8eKnYBdN7-QUpphvYzIbamSSNtBTboHWwQGCalC_eVHc0zGPNoRO1meZH8ctpVrEp7Jgd3a8bJ3XMbXHwNlZZNsmlE555V5jkQ&prev=RQ5BD3C4D4A8C956&p=2&pg=1,Frontend Engineer,New,2026-08-30,5,Frontend CV,Matches: typescript,Direct apply via link with Frontend CV,
,Backend Engineer (Golang) - Transfers Europe,EnglishJobs Berlin,Berlin,https://englishjobs.de/clickout/8ce00c7be51b90fb?ql=l&sig=ff15fa862a6cf2e90aca21c1276d0816860f66dc&e=0xQB0G_ZdQhOtYlGwUKWUL8XgX-ztPR5FeE3AKRdeC2dCSW4Jr6--T_QzEhpS6oxtnw9CKsiKW6PynjET46YH2ahAcbSnyA0Fs4ycWQQcZLX_8lvq1Y78kV4wm71_9DyRAmqBFwzXbKzqRjK_arqsjXPQ3hO4c-1C1vhCaJHq7YiqW8hhO_AdX-uNAWBuCPOJGXnyzx5BNLhTwLF7m-2uvd6Wswzrhj8DuNGPo0LjmituZ9yOdwTJUa9srJp-oX-ebbLPw7MrSPQ1UA0fsrplkTUKGhURNERM-7trEJrP9EqYm-yYFK8GTQurIHsnxOZTjRJ6f-vG3cCilRico1ia0Rr_euRrBRQJBephTa4xV9OUX2CfCdNRjev7A2_dOPjKSEaratmVA50hDAS0WB3BtiCpyLeCxaV_P-6La-0ANdPbtoKdbcElL7-pFMBu92scyUc1FGgImxEh3Mc4GylqUinzM4FofG3ytvO-6KYmKehXrYFJFto8BqATTDBm0JoCVZCNtFhj3gco93kcZ0aKuYaZihNxwr2g3mZWzmITdUSdtypxeVSroI3t0ZP40Y-8SC-XebglItIX_C-pWvKW7rjWKK3H6-ooaQgJRrY4ZU5On0ziaAW2mru5Cm8eXVpTPC__JhTMC5hQSv1fJv4TKcqF3QlVwPAzbhc9QRAYWo72kerly0Il9kwcWkw7g2YhJZjTX8YGCYwwadQduc2HYLZczfmhFvaWpxVAmaTx9PfjiJUX16NzkyuUMlRvIWDYQc-PFrQWQqOLO5WKleLsQRtRErlr1xuqGf9-vd3jA_-eeiH15yUXnLRiUKo9-parPb151l3bc20rlHWwuJ20KnTKQDCTGH3E5wi6dTHzjPrng5m8GpqTY1GW9D9xa2xo01S2ndGBUAwEYsJ13gg0NOxbbIt3IC2BLV-sEe-WP1xL0MFmsCctVkkzT-41iaSB2lHJqms2eum3MnD7bLx7T12ffUYGqOnVups-_uzkZfLhuqj-yyOKFhtBLPTRfkllY9DI92u6q0EMiJ0mX0XjS1zyier7j2-qCDxFhfWytAcP9nCKiHerbFZrkrX9ztlj8WyILSoUfUuX0Ks4-UtzrTJG3lmUg7Lfg7sIhpqHrytMAwgGbe8_ENRDiqnnoyucS8zhwXHm7GIvvPWxukukNFth8h8O52ZAgwVi5mEZm9QtEYm3owNgVqt9qPgRvejteTlFhHp2JD-omUGCI5rbbbgjl4r4dLdWvJ_njG5qySVRvDSmejeU3nGMeGJGBayNPRGR-76ag5q70Mn6OPj21ppw99AT3Q4x76AbL6dPKg-_9UJcmnxjeCPI-uAZsGAWPzSUqkFC_bLyAccN8Am4cNKPlWdiJpJr3b371RtcLzumzPNo5QPfvnqcZ5uo_KTCVChdx-ZakswxrvBZzm6O8ThKNUF0e3uTCWIUVrB0n2dT95fQVEw_cd6GYPdQE6PEKDg1V-CNcAl0ierhul0DhLkzyUfrgOaG1847b6oCiEuo64nRhaqp_jt7DfHi-BEgJpXxvBtGPnZpi-d8HYRfCLkS-OVCiKF8vpqnr0698UoBRK4KQOG6-UWxgAiC4Y51XsU8UfDaAZF0KHmwuS8PyGIlnJPdKx_on5yBfaLj_vJifCEiKbE1nzO6LuJCJUk2xotMNmMAlSKNZrd3-sy2hB9kCafK6plaKmzA-sRfwO2MTlAjejILoepRx9MM5M8DhVufVMCrGWsTfwEsxZLXCOjq47nCov2tanFZh0FY5zu3QnpdNjzptaDw4lVbzW8B3q9etAnfPbPnrt9HwtKwzzzDz0kBg2P9SJUD4Z2KPy0UNII86m1oRwcwHGgCoAygaiTLzRsBo5t_vqaWLKfTpfyu4sidlcD8w36OZTMrAGlpkiJ_f0kZWtOfriGS5Oe3aZ6ZRc5Ghkz9GK8MwabBXkoruTt1HjuWVuoPcU7RNKVO1oiqnBABDnghQMZgz1lX2J7UWgxCrAbi5tgMQxAwLjngFEHd861Plah9ArFijDHX_g5x62uLnSKFA-ObR4Tbw&prev=RQ2184E15B9FA2E5&p=6&pg=1,Developer,New,2026-08-30,7,Fullstack/Frontend CV,"Matches: backend, backend engineer",Direct apply via link with Fullstack/Frontend CV,
,Product Engineer (m/w/d),Orbit,Hamburg,https://www.arbeitnow.com/jobs/companies/orbit/product-engineer-hamburg-347312,Product Engineer,New,2026-08-30,6,Fullstack/Frontend CV,Matches: product engineer; remote,Direct apply via link with Fullstack/Frontend CV,
,2nd Level Service Desk Agent (m/w/d) - Berlin,SBIT AG,Berlin,https://www.arbeitnow.com/jobs/companies/sbit-ag/2nd-level-service-desk-agent-berlin-446400,Sys Admin,New,2026-08-30,6,IT Support CV,Matches: service desk,Direct apply via link with IT Support CV,
,Fullstack Developer (m/w/d) remote,DTAD GmbH,Berlin,https://www.arbeitnow.com/jobs/companies/dtad-gmbh/fullstack-developer-remote-berlin-343982,Developer,New,2026-08-30,5,Fullstack/Frontend CV,Matches: fullstack,Direct apply via link with Fullstack/Frontend CV,
,Working Student IT Operations (m/f/d),EnglishJobs Berlin,Berlin,https://englishjobs.de/clickout/1d70f6cb433491e8?ql=l&sig=0d43e1dc8c02880d3ff79f97053149da0223e80a&e=tqIWFLBUSoOKZV93NKd88QnxeCTczokftb7JZM2YsyCGmBAJC85VgdHfUF2fOsi0reVW7KgkXYp9OO9iatDX1SHx6fMBPAF9Urx9DVXOmGwk7m_DqIkFM4lXRzM7p0rHC43ILsDBaUxRin-ft0oo2RaZOqD9NPBUa37LyDHtAkoJJI9DTz_G6CkUygrf_o4P8W_8fz9fzlQ25mHrjRIGsKgqmbva-W2a2dA2xVlcHZ39fA9OxsImZGJIxN7j2oe88Ic_dScuT8L4eWwsHT0HBfO72p-UpmP0XXb_VEpBhV1brmwWJO7uDM20LChL9f6vIK0mqqbkbQRSrJHwolCNbWrf9QIXO-N28c2-cEWeWOxrQ-TFDsM33PJkYJRsnqAt-8rljBNqVBWDFb_YPbsUdxDgRahZrhtjIyNBrob6ZU6Bzpdq0rcFHsBzWE7UjqC-TqDrGDMWaamzOJRqWlpBtaIjQGlUaepTQGKv47KALvGuA7dRLeXten7PSa5tclMwQzpRbqmsr_RggpKn7-ideYiLcDhKcN7ClDHhBo_aNyZbkwFlqetUHyaHYueUY9TfObMdtPJjAcgdZqmK-BjsF0xK3n5PaGOpnxTOSctjA15rq4pFQpuqeOiKDZYDN7aQCntUC3ENszJ6c5krRsFRW-VRRLJnSr_szuR8PJbNEpLCE46oDkPU6gK0QZOqO4xf8jsQ_t0GfrxxE_mHPt8Rpa1dUSSi4noTvCVRx-bKXfMD5onGolGIAhapvBGm7_B8Ya3Mgk5vuNgSWL9eW5itiqk04HaNF-Gx3JsAs1Ki4g-c5ANdzWVvhx8onCKB_PzbEO4Dw5kzQ-us5E8rqe-DOwbBq1UyQMyrX2GCfKPsTDAMQEN7xeF827kvcQN63w3jdAI_Brl-WHO3v73aVv3oxv0cE4z8wymHG5I2eJPkIEKDcvtIy7Cn2nXBInxqErFst9pDv8uDKeDV-NU5ffB6ONzrkWJr6culr53qAOipOVJnhuH08KEhmRRWPoMJHlVvgSyF4qwd6Y34VV6KsTJkLgoZkTrt9tsn1aGjsWK5qqNetfVCKXCExpc-ft12QdbABL3uJHoDTBpT_m82RGlF0xOeY6JqqhIin4orH2VNLpfsfp-2_Jk6E0Rb3miy6VNL6zGPUrvPItf8QngePUJO16H_vx4txIsDH9Qj59ccFbXcE2e0jXqsm-GS--cPFl4DwygiAzXgXKvmwNHNIdChuVEqGCscqiNs6AtrJj5MnDUm2bHwNX4uHPWjQiJSqu2TlwrRG4h05OX0ppIoOhCjdqWlfOFyDS2huGOb2xanXkVnqwuBw68_KBLxSBHAtMgm4l2KXTUL08elK_2srsQq4bdI5Lib6CBucfTXxzA5wrqovSjVwlQgomwBs9a6gWE7NZBg263tkEREk5ZVIymRs-jQ8t_aybhASq7Rrh098evET7nwU9uO9X-vJRTL0keIDtPf6j7m5Dv2KbGtrlL7xeaPsyHaecHM6VbDOHsiNZYnb_7k45wzg7h0JwCMjR2pfq55tJyyf58FMD8yCagov64h2-tkOByiT50E5uaONYm1rnNmIou1TfsNVCMHQHJHJXEqISjgNoV3JjGjlNVqTigR_6YNL-cxEy9I3r0WWJjwbHn5hHDOYFqI7rhP7wQEwMMRRl5at-DX4GVnNyTsumwxeikXljJ3qQgveZjUFzCB2V7UUw9wJ2WrPAg4ApgA2Nu7GO2ZUdRgQOevahgkJXyHD4rW-_vayXzW4pHcXtNuNwiMwxsIJH2Rcymwi8zHfJexEfAbpA67qofe03yUXVJAON2xWEHgQxD1qarJnU5Z1tLWCgp-ltJpsCvmxcUQ8H7vNyICcOvp0MYHDsC9hcrBKwZwwK8NrQItSEldixbM3lXecgXRPRDjK8q8Inuk-k0o7viCiAFI_JynLtYb1HcVx3ZrgpZN4WZbebGCDUL_j5OMxXKoH_CAGxr3_rgDNxnorgrtJx57FtSEHG6aiNqpEJqRHwiFUVJ8x-bJDi76yw1TjHzC2gPnEdvBEMS4nQ&prev=RQ2184E15B9FA2E5&p=5&pg=1,Sys Admin,New,2026-08-30,5,IT Support CV,Matches: it operations,Direct apply via link with IT Support CV,
,Backend Developer (Rust),Onhires,Berlin,https://www.arbeitnow.com/jobs/companies/onhires/backend-developer-rust-berlin-302814,Developer,New,2026-08-30,5,Fullstack/Frontend CV,Matches: backend,Direct apply via link with Fullstack/Frontend CV,
,Backend Engineer Intern | AI Systems (m/f/d),EnglishJobs Berlin,Berlin,https://englishjobs.de/clickout/cb576e30f9cd4e07?ql=l&sig=a485b8120ecbd081e957371668dcf811549f3837&e=4pCAerx-fTyyn6Bph1qqO_Or9Zp9ikBXM7ebmlUuExi3p_dX8cGLZTtmc8g89LlG2zP3HHUgA4IkEn_JZpRB4iX19iZ-9BR9tIXAEbiIQFkYWWnn6ftzLYkzGw-z6LL6IxaBCRumrlmsZ-pSlkX-ZBp0SsV5muBHq5_SVg3zAHFop9SzlmNVKdycP-pBU689x45ZeGLI_IDYaNIS9550atwPDnmxgyHGFDaQrZD5vG1aKQky4Gx08vbVDEsOJuhnIx2j0Y2hSE4t3YKsWqoDhyR7hTfggNinV4naa2fMvFVZzJrJUZ6kvC37RBc_s9nnz4PUJ8DL9OWl0a8ageZYXUhtX9zfS7bwENv_isiFiY97xW_PvbFGNCjy09fk_L6KiT99lORHNxQZxO8Mep2MQKnJtyatRjR9N4_3jJveLJ5u0cSR58_ru7Rky8n2Sn-zAzLbA7agpVjXUvGp4HXg_xb73g-5_wTQgiP_ycdPygsqKeKWSagWXiXoSdZ97I2X8yhGXDHEzM0l21NwiUu2vsR4vv7hMIJUaxRM7s0d9XUP6VzE5sxVJ9Zc_sow-stZPBD-_I6pHzi1klylutNHyShgyUM21Bh8BQ5nw6J_ErAN-CnHl9leoUtGpKtHv8djyHp_6Zo932kM9WCexc4YipQYUObb9ypDQar8kKV-tYgP4JRYlLrGZH-s7pjprMgsEJfAG2CHc4nArn0mYOJcRfX4HN9usdVnbEZA0PKhdJZTl0EGdRpm1i-O2D56mFt44GOg5j9I5KnsuK2yQqC_QVaCjCL3lv1FrKEws7JvFmcAdMvixZdxz55ibdGB3AXaUcbL7bN8K2X6d0AC9QVaoBruKzeL0sdITc5E27sASnioRN0uHLeiLDMDAFmi63T0Sv9FPQF6TZmfWbP72f6YWuAdK5aEqLAFjeo6rQr-8pmL3rxPU-ul8gKv5qb7hcAjNTWLmyqOacAn47PSv8SATOUfP2yQSqPgU3egH6O3J6mNL2WHXnOGEgdsKDjblj2ZOd5208C4fdRdTIQC4M3d6Nc1TvY3PGs2DyMuuC3IuGYA0f8oTy7huP6UGoZ6AC2I0FZEi-kr-aVmPz67jcyLogD5CXKF5u9of1hjdvnk1R12cFXLNkf9u9zOP5xfTJfki6uaahDy7yqw-rbhK1xeEWZenOH8lKVveGRLv4-N_drDfBavQO7QiS2wkd9J5B-h6Tb56_JmSmAIlT8p1FYwFywj5ijEkjTOfKpzHDX3K_XoNZkkZX76jxH5wuT__zpuWM61lQAtBifR-NFF1cmMz3f-U9O4jHiP0rIDaNTLnuhKWiDsRlRVLYFUb_ubekl0r2QHm2YYScZOrMf8i-Vsl3A09otThsb-PQohDeI9C21NSFqtMoCqNqUKUJmh4b0ry210Mk_GV7e7nmJINEAPplcGDmx8arN5aSQIMZDJWL0jAZOQ2Vr32UiLL-8n_4fZNUDcdFnF-Gr-e0DFYuZu1rhx8dRMAk1qd6wRYmEW5dPbv7tHFCdVyWrgqmTD-nuiwT3nJiadM1zbl_MDEZqhPCIz2EN9UVMArJcMT8R-q405oXipSibEg_8katzN03ssENy5rElhp8X1eJgDfqpIoVmYh7rNO-7DBjtxNwaP2jU-RxSPZWGsQ5ZlUcRYDL1ANhW4rUm7yfTYSqf5EwJgQVLOyqgj7_hsqqUSGWL44F1BfVAwxTiripNPlhkMQNxfkn_8wxt8dqzIsoG0t-nIF8PnpPhkGy9kNXCCalbb5QCuPSGChANBYH4Ramb3yklHaeCJiT5D-8CJRf9968PI-9184f9_7JRQ-5IlJlTAPv3CxjAc1c_OXIiqe72iUy3Df1KGVSya7woVVVn_cnVi5XYw5UNWTBXp7CV6Uevsp9ttN2cs0fCrnEOa2pYwk0-DSwUFwu68uxF-P9MWsgsJoONimyRL4dhrvDudKzwpp0P0vNbCq8wICrk-7YOJgYa-VU6UkX1aY90G8tQLLiudmCubCtaZsX2WMAhjA-y8D_une4nIGyX1acyTuXenoIeAVw&prev=RQ4D724EE442D95F&p=6&pg=1,Developer,New,2026-08-30,7,Fullstack/Frontend CV,"Matches: backend, backend engineer",Direct apply via link with Fullstack/Frontend CV,
,Junior Fullstack Engineer,glassdoor,Remote,"https://www.glassdoor.com/job-listing/junior-fullstack-engineer-serpapi-JV_IC1139761_KO0,25_KE26,33.htm?jl=1009897020385",Junior / Associate Software Engineer,New,2026-08-30,8,Fullstack/Frontend CV,"Matches: junior fullstack, junior; remote",Direct apply via link with Fullstack/Frontend CV,
,Junior Developer (Remote),glassdoor,Remote,"https://www.glassdoor.com/job-listing/junior-developer-remote-oxley-enterprises-JV_IC1130410_KO0,23_KE24,41.htm?jl=1010257684946",Junior / Associate Software Engineer,New,2026-08-30,8,Fullstack/Frontend CV,"Matches: junior developer, junior; remote",Direct apply via link with Fullstack/Frontend CV,
,Embedded Software Engineer / Firmware Engineer (Agri-Tech / Sensor Systems) (m/f/d),EnglishJobs Berlin,Berlin,https://englishjobs.de/clickout/3ea51e7d9dd5ef9e?ql=l&sig=6cc8460bd428298b4cc89114b648493485ad1fe9&e=twuiYOLa0MQvmE9r4yAoJDyJpTfCk9v9PsoFbVhrLD04wrH0mLn4T9OIYB1teCA4aU2cEq2J4v_G5-ihKT7cnpSz64OeXINRKoJwRE4Q1A2nsmvQaLIgxftQODuisCCRaICQDST-O-e4Sy_JLmoJchzAiK6o722eYATvz9T13fQS6SRu_SGX7KM4b3sP-FgtyPmxdcmzdlo5NplZzV3oVsCISi4Kfl5XVX_TqO_jZ9jTt-JbtN2xOPDup2aCgR8kDBdjrmnY0QmnAOtuQICadF9_TODMUtRWFwgrCShuPq0IarG56mSLEZ-cOvLDCK_lTVr6A6jSzeDtNJFYw1FcZ0_jRwvhkm99VVsI_BnyB7QY3XspvSUJvYo0v__3dV9amP-poGD0wcTJskfyHdPdRtRVVVwfkvRoc1F9-0tXhT8Wk-uPw1Al16D_pd5ZsbQ4Y3Nx-9BSJju0C2NpCI3-jRZSajeqbOgS5B0b4vKSYiKvO93u1yfMsen-dFJuY4AM1lWYLRXAmW5mV7yS29JF-UCYOMwMjEpBQT_mfADNpGSh1EviTfKrS93egqwYuvXQrGcQ51M8b_9PyCVPCU25Hjq94rdvjQzXQU-dADK6biqrSs4QSAPpaRvN3Fbsp-eeFNP4LNuoxXrJWK8v7rNwuVmI6xzpFLx3lG9LRuvyjP8ZPBqi7tbcGyM6KNK37Y-IEG6g1WnvaGBFsXVny8cwk0gUw9LcNMfJESR0B8jtpQ9nOv8Pc3aN0t6ROe0bdL865dImk7ecLtuAyc-eUScvFCm-JGhbRvpyjWLN03nUZhDod5yd5gq9kQW0pvWE-7lG2jRUamlgLyVOyIoV44_43sbtpezfVnLshk57Z2bKJUZjgpX6M0s8EnyDy0Ch_bsBSJSRrTv4MPL81r9tZnVYV4IEGV_ZyDdrqmzAKhX0GfPvBxgH7XDCh1DwPNcTv7oqHrA9wwFlN1JlkJG1h0KtkjslzFWBO6m9xpWwtU-xXryF8dVbi2pds-9uMHSOT1m3B5mMjGk_W4zBM_vUAHbxI9rku9-XDvq40YkWQB2p67WmXj7BhNEuTziZtAijcZ_UhFo4oifOXNJgkjRPJYo6BRbl3G4Fan9--Chk48iLSvfqQ_1FjC4L7zi1xOaRWpR_p-sPhM14frykA9D0UcjBoWvPLD87II782LD808iTFmGyiBf6eq6Y7h6hs0imnnbuPl38quu_ihCwgTiYOJvkqN0mO22RFdSiSIlEnLIivntvVBjI47d-B8jFUTaIjQE1bhPaf_XHigMdakNzDxOBwY3_sYfUDWvyW1egmlS6LzpRgthVtXiW7XWgwAECpmLIzRwHhgMZ56TQd7tVQA9PifUji9d3ZYGnI_XCtKTImy7LRIAxR6BsvNgBknFyr7XI3P8zpDK6blNiXBfPLhMeiI9bt5iHxCIojuumWGctaUFdk2SZ4aNO4XqaIcaiOOavIIhM1uK8rSzvRKkVvazCQAgJg4kCT26b6NHU&prev=RQ6AEA5625025579&p=16&pg=1,Developer,New,2026-08-30,5,Fullstack/Frontend CV,Matches: software engineer,Direct apply via link with Fullstack/Frontend CV,
,"Backend / Systems Engineer, Agent Infrastructure (m/f/x)",EnglishJobs Berlin,Berlin,https://englishjobs.de/clickout/204198984a474f23?ql=l&sig=2cab30bccaf996751d29e6fdde8061b37d883a82&e=neqeSgigCbk5aOG6JYzK_oUWKYvk_i3pZCTMWv_ghFA1r-ctjKFGu0WNDqKbEvRQlGlsbQ8UBM1JWyWQgthpj7efMAhEX71BniarztvHJeJqg0BJJQ1Iokf71Tu-AkJjTXLalHlAab97zs6RcOaQgW34RpLCNrCralWTNVp809-TKjFM7jxnHndc_SJeVcDOAG36IDT5_5bvLcJF_DJgfudLtPMeK-w-aWOgbG7ajzMHSZxS-zx_ha1Cnwf-9n6Ck3jyrOdY5QcBVpUbBc8qDbhRoR5_GaGBFc89d2VfB7I9sDSoQIhkXci6FO_Ddqa74gUCUgz90oImFtIICXtfhhrYFjFAobYpDqG3rGJZIr2DYMcerRBYyRIxWQMK_TQR5MclNW0_y1h0fYbsMBcuZbuhMn7XOGB9ubGbiHz9Ke_TLvBMYsLQ0i516634aT5f3QbsZqthZUxuGAcDVeiMG24NZQKJYJnoZShQK4_cFMSRywfDz_xdHWARzDWKpvGxBWlZ_N1Lx9dRSne6G3SG2zYjOS8612m-RDhUPQdwePRltT04JweH5QelsDTD5U_pB2KfiPccRMTz72ZLm_6r9jYt1WY9xhfYEcQbcYPNH5IftrmoMzcvW38Vssy6z2jepF3Ap1kOWwRtd730i9NO3-UgYSBKxUKliXvA69qL_iAj5wwlc2WhDULCoSFxQNv-MuXmZWDcEPaMlDTBC1nfw5CVFqaf3GNcaIYrukl3WwDyJMXI6TpPEEbcPU1-nQ5qggQ9_bSc-JJaEKFth3G2xzhjquMqlJkuThDjPQBsGDwuIGowUWaHbjQaEyzfL16K9koV9mDmH_Ad3-7FijHxtLBgTEBzMZSCQqSaZpf1kw9EzQLiZObhHZw_oNbMakgP2O-hk6Wny5kQxLdpNLbDm4umfJTGRE3YU1x0rQUDQLtkH-MbiikssHlg1kUUqYc0BzM5ZFqy_1ovhebF_dyT6Ihbw2uTlQP2A2CbZDL3zHHq_Jcju-v81INzrZfNLX--jCF9jlt-ReE1ATIL-3F3bT97KzmKFl5clzkTyt2d8O1xCrMrpST6iYUNoSKaNdzejrX-6Uy3REf16op_MRt3fB8Z7-eyNC-E41QS1qCb03Q8JCUu_0F_WbysrqUnUEFycT9Zfvan8bKlKCrNC9YJ2bd5ZR4TdkEtcwM1s8WMAEC-AFWvchy-AeQrW22nikExWTMqjitZ_qetSLH20np93COgR_Xj0uD5kLaA-oAsrIxmrhgHYHcUJcBTzjBQCOpSXdRekr398d2KI8munnHDTSik3OMiYeAzUDkGMOy5l2Xp_9DsZcY-DhvXWlkfcYdBZOyT0ZjzrzNcdm2KgD5aW7K3QD33d8t406CikdyXzWzoI8AC63MmndnU_ZfuFP6FhoyFbyudpiHCQQjZNBi2Z0F39tBMEGIjGDmzpGqnd_xKV1UkIp3OyT_IhANI3juCSIlTrpeiQSqOf3iz-IBVI0JQLcF3RDxQSpoXViRdFw_3kzZNFdsnFh6femE90_3pYtT2bBUJsHo_fUOnTUvOLCNSYDLdN7TxNaFMnJnq5HN7d7t_My8tfk-4g9TlYedILaL-NYenbdwOvnUV97-NGp41gVfdXKIjbYh2J4MGl1VRC8UYAk4SWxcRrJWtIiLTMZLX1JVOZjA2Dhc5yVMK73CV9rLj2e4efNwZze1O4of-x3e93586kXH3AxIjxT046JAyLvAWbH3rfeF7WfpdL_d2uIpzWin0YqGwUiKmzfu-khmqitjlPxkX_8zZgq6o1JdPsjEVIi6w2aBM-xeWLHfT0g1oSUM9LiQVPoxPZFForJPJfaSrQcc0aSQBj5Qj46F2nlbo7Lozwxx1xdYFNjNtHrIVF24Fu_EzRNAfFDwFrtlBdg_XmePSlOmBU-On__UyjRH_hXLwr5jKSI-WKPaa0k4iMcZ_N3Q4-VQ7MSHSBoHkB7z3dQIQxLrvkYStQul6-58lIzG-bTlsVhRxI1fRJaAG2kMsK6oEH9eJfCNksvMIMjgIWhpeN63Y2aqRYA&prev=RQ83F323E52EC6BD&p=4&pg=1,Developer,New,2026-08-30,5,Fullstack/Frontend CV,Matches: backend,Direct apply via link with Fullstack/Frontend CV,
,Support Engineer Intern - m/f/d,Langdock,Berlin,https://www.arbeitnow.com/jobs/companies/langdock/support-engineer-intern-berlin-187760,Technical Support Engineer,New,2026-08-30,5,IT Support CV,Matches: support engineer,Direct apply via link with IT Support CV,
,Support Engineer (Working Student) - m/f/d,Langdock,Berlin,https://www.arbeitnow.com/jobs/companies/langdock/support-engineer-working-student-berlin-360440,Technical Support Engineer,New,2026-08-30,5,IT Support CV,Matches: support engineer,Direct apply via link with IT Support CV,
,Backend Engineer - Data & Orchestration,Melotech,Berlin,https://www.arbeitnow.com/jobs/companies/melotech/backend-engineer-data-orchestration-berlin-58465,Developer,New,2026-08-30,7,Fullstack/Frontend CV,"Matches: backend, backend engineer",Direct apply via link with Fullstack/Frontend CV,
,Quality Assurance Engineer (Berlin),GeneralMind,Berlin,https://www.arbeitnow.com/jobs/companies/generalmind/quality-assurance-engineer-berlin-383729,QA Automation Engineer,New,2026-08-30,5,QA / Test Automation CV,Matches: quality assurance,Direct apply via link with QA / Test Automation CV,
,Software Engineer,planetlabs,Berlin,https://www.arbeitnow.com/jobs/companies/planetlabs/software-engineer-berlin-199700,Developer,New,2026-08-30,5,Fullstack/Frontend CV,Matches: software engineer,Direct apply via link with Fullstack/Frontend CV,
,Backend Engineer - Data (m/f/d),EnglishJobs Berlin,Berlin,https://englishjobs.de/clickout/d92ed977340e9610?ql=l&sig=5f3f449d07437a719356bf140b6169b3d98673d9&e=VCTQ-xe9WwVQ1bmrGuF0P-VUj3C2o6KBghoewd1Rrd6ZXrcwoyxX_k15tde8KknBBU0dLp9-ZLYK8YvWsLpcGlm4MfedwaMC6HQmFtExpT6xDqSZK3ArIzbfERKuNIoq13HuFfg63a1RnB80MkHwVgdRfVl9OZfEHZNtiKUkWHd0YmpoSvc2fXbIggvAJC-VSCeNtwKZ67bduNr6Uwse-6IAbbEydHD6il0ElazQav1POUDi3K93EKmF80UjXGnXBm4HO28speeCk4NI_fq7kEVZ_E3J2eJzbGf4lcJfL3CbaIhfUBFLE-m4RZnfXVj78htVvqYdkt1AInfC-kDaYaBysw8v4PB75HB9q58qHWZvZ9T1StksN06mF7Gf175WwOI1uX4AgMHLW1E-LClOz0VMmemWs2CM12aHk2Akx3jRqdSVBdPjkTknEbH1H117WhVueG57Xo7-2wnyA5OSbazC5QX782hkCZnetMnLFHn2I4SLj_0B0hnLSVbU0yreRAvhmt3nf6ZB2K-XCBD7ZZqSpdHvAZYVRWdUBLnfyLs-np1OjLcf-F03XKWtao-qvEI2E4A8SJLvQ-rX6ixVUzuaWSEvVnKLj9Y8JVXJnOa0n6_06Wj0JihEAqrU537WbzhuKXWcSLcUHKCRpIpgEZAF8tarkKAcIPKdDeaJzvNfp3Qw3KQg_vBJm2Mv9BgU-V975eZaB46nncR9s4BFrohFXjeTdOdYAlA45wWSI1eN8P7-gxI8OPr0SvzNvUh58zyag1il6hYbiW2uJF996Jmvu4OpiKSIpXdWPeKYUIXWBVgVBkRydKFOtVxyElabrXXpatwApyww8vdPqnaeTx0V9lYEC7g5udMW2ahE1RUrOINdQVeh_WwvHPESnw50fY4H7EozMuoFV5EKA6aQhRxY2iZOFZSr8wXn0mhIfk_HvacuJZsYc_XvWSGi1V5aB38LJLgW_w1xhVuqZy7pFKXVMJ00LjUx8LkGWDnxyDvprB342425fmTialS55cdTfewtOyQNVLqbu41qezXuDR7Q2DiLpcdmr1WEpJre2x912jc0cxgbmnRN2ybtDUBt4YY0h7ytHARbyW4Mayf1xsh4kabZvqaw7owp4gVSNRP9PyIFjB0lMH7fcc25kyI8MpDiQgDtR3Wx7oJXKGyANrr1uq7TpFM7G5TH8n-rX6Xf-sDop1trb-aNSjmhoBdINdnVoZHoYQnqO6dUamDJh9-jIxeOcg1UJ7o5B1DpXCYpsORPOSOWBQFgaxHukPA6i1atjMkX90VQFNH3HDaF62jdsKj28Bw5g2pxnv1JIG_gYd1WtGXy0J5T5xA5JBB8J_vrXaSDYOaYjMga0pn5krm_BzshTY7GTcyDITXrurTpykoqjAh864CrcEntEJRWibfnD0kIlTspqX-mFL7raekOEFiXNxzFDdbO9vTuEatjhSH9kQW-8wT_rtFxW3ie9gmEN_HsbmVqbUf3GN2oqG3wzPNlrhXRprjt1JNrAFn0P6grHExWNbY62pXQziRY2MSTmNAyAUMy0_omd_G8LPoJLetJb6-_tTgSYzL2DtZ7cB2bjH_YUnuVoDD7huIRw4lKJwJdZnHMZfLhY1A-CrfZ2AiW9pOzW3zUX_-1tow8ECvnx3HCJif9HROMG9f1cNNWHwynZ9nBokh4_NCWedBbFcTDon8Xidb3B92hjR6507ougHh1vYd5GFOEe8dNgMEGh5ZFe6e-bhgNtFX74sBfJnrMU1BZ9gJM98uSlMqM9YEEJHZnMuaDFys_Tx-YPFRsNPGpEeHcgdpJ4ErdSv09-tuYhfwaBnz4YpS8OuGI2ZjX0hSqjO_Bdisr8Fknc2ZoZsK1DRLIcHsXHfGyLxATL57o4pLPBtaYyDfGT4AX1aq25xLxDQii6Lv7SRh-AFH8F2tF50ZqmjQWNhjk6EMGLng7Sa30DjESSZdzd306gmiFfdZ6pdcWK1FAD1tn_QWG5_5JGaenJHFuRNH7JJOCKB0XE1Z8Mpnnwnwy2Je-_A4DIv20ZLLzJVBQ2R7A&prev=RQ138A29F3412446&p=2&pg=1,Developer,New,2026-08-30,7,Fullstack/Frontend CV,"Matches: backend, backend engineer",Direct apply via link with Fullstack/Frontend CV,
,Backend Engineer - Data (m/f/d),Alcemy,"Berlin, Germany",https://www.arbeitnow.com/jobs/companies/alcemy/backend-engineer-data-berlin-175373,Developer,New,2026-08-30,7,Fullstack/Frontend CV,"Matches: backend, backend engineer",Direct apply via link with Fullstack/Frontend CV,
,Werkstudent (m/w/d) | Fullstack Developer,myAutoAbo,Berlin,https://www.arbeitnow.com/jobs/companies/myautoabo/werkstudent-fullstack-developer-berlin-304491,Developer,New,2026-08-30,5,Fullstack/Frontend CV,Matches: fullstack,Direct apply via link with Fullstack/Frontend CV,
,Software Engineer (all genders),gropyus,"Berlin, Berlin",https://www.arbeitnow.com/jobs/companies/gropyus/software-engineer-all-genders-berlin-berlin-134437,Developer,New,2026-08-30,5,Fullstack/Frontend CV,Matches: software engineer,Direct apply via link with Fullstack/Frontend CV,
,Backend Developer - Laravel / AWS (m/f/x) in Berlin,Konfetti GmbH,Berlin,https://www.arbeitnow.com/jobs/companies/konfetti-gmbh/backend-developer-laravel-aws-in-berlin-302664,Developer,New,2026-08-30,5,Fullstack/Frontend CV,Matches: backend,Direct apply via link with Fullstack/Frontend CV,
,Quality Assurance Engineer (Berlin),EnglishJobs Berlin,Berlin,https://englishjobs.de/clickout/99585d2feac63112?ql=l&sig=857c52e806a7c928a0568af27e5fae64e95db4da&e=gFLYp3IoSk3AOSAh2E4ug_kdytNxE8zre9JKxCQ_MZoDpDTf2PaJdiek7CjksK87qyOX7wuFePIGPIGdtPmiOH9nkinAoJDWFggPC1zg8RDUa8odF5K1yDHia1i4cXx6VPhy2AYfrMowwjjZvnRWl-GaH4L4AscRQFqQ6E9B5zfyXkFF7uCR310zD8vxvznknbZBCjjZwdFvm14oTJm8Axr0BHpy-ntJ_mTibdwQt2ecx6V61HT-Eyay5DNnQcPjOMht2J9AWe2yBxWJXPCh8r1H6ymO0LjvP7KxhxrSvcVKs5ZHl8-XSk6VML8TdZxf_WJJ3H6CM6lGxsP2kTUPWUFSCgDT2gG92Q9c1dMdCcPuSsNOufvmaiMFOy5wcAGjYBNexiDPdfdaVVqmV-kzxNJdkxO0Qu_Gcq4XszDkZJOY10Xvggot5ELUZAQ6mLgJ8kpIBrEAUqHoyxXVuCe9OCNnrs867HEMmN4y1kKrJsd_0BkpcwJcCL_jxYev_sLY8idObpXf_m1AsKzGxhZOPFSRmNCdZeDlasHn8YiNzKISeWu7iSwFH03lveDEA6Oo6seVj-7I6I8ufKBahcpesV5scIfZ0FdzLT_QtRAAkgO0zxjLYzVRoPI97Wob7DW2Qg2RfFPGsTd_0et9P_Mhhg2kPxDCwo5XL6-rb-6B5q90u5xuR8pBeGWPkbDbh8AIxU5RiSE4cgsc6_Of0wwXSuvjUp8N5XjMj_yOAAsJflB3edkKnnRmyGA6MT0aFgYxgH7FDpeb5L0eH6PpsTNeTye-32rvNS7ejn_Urs7hEbz2_AdSQZS_CsYADnNSnoMgtQLKSJmX_rC-36lbSl3cXsPM_wevHYGckoA7Q0bLkx_MR3U7QBFAn_UUgDG59_ngYiSjuAGjtpaIkM_dWRqn3ZSrcuMXMQeBvaahFqeeIcSjUi3DZ7aTIc1l_L9ADElKTRpt0y0-Gd0PjI6rR3wxBfoPCzGYMSVGQdUMrEEQlwH8TVL6eZl0mofCebWnj94vrqXrCEwv6BS5tX7l96exJAsb05fx2CyyrOmhBA2PGwoH2GxHSVQ9JYYz-3kEjimDykkSOi_7FqgLGKOKh-OpP_m7FbNs2pQ5w5b4R8R-y2YynCIMsASxO1cu69ghgos582fOJOdUUApTPdSvPGe-aEgoOzhcNbecZByWGwAxxTArAB2nr3455nBNsz-ZtLRPxp_uev2RG7Im0nu-twvjA6n6Cu0oy7vqt2dqmSO-Ud-OxUrTSFcnWKfU0xLcxWpHPoBkimzbIkY8JPJ8PIxwluh-ysXnuclAkA0Fir-UoxLE2eczyMOBdvZquTZqQnOXrMX1Nn6ztFFm4PtA0y_pkbNeUBMNoRh2hF2AtoMGcun7IDekJI2ol3UURmFbt0gkfXu0cRkYBmki0GpwVRzraO723gUljt3Jddjwli2dL4MJkdx-0Rv1SDYZVZCTOUYfUbJUVoo3AipYMG1cNu3yHWL23bnGYT_9CUbOVJUb4h5yb7iLYdGOesJ7KQ-VdMrhsnNpZiKVIcwBA75Zvge_PxBoxesMTvIqK9CTTpIJ2cm-ctiLHzuyxPGGQb-W6uhXc2pyOY1PxC46qhL0EoBiIYOx9m0AI9t8jawlpo9LoZFq3M1EettsqZrVRvB1NwcWN4CciiDt3Sv9Q1rAdLxtjXZAh4dp09UAnHNn3ZCoqXl6q6P980BbCa61qtltuqecxg_g9jAHrWpQ6cr20XYgfw4HG5HbXzPjqPXKjb8A1Mq7RR6nN1oKpi8ngAupoK1yqKGP1pYvb5mmclB39rnvFufIDSiLXahuXoFYOUI-mPrGawlljtS2d6mOIhNtUfg8bsPiawzRUMXbDERlaKbftFD1-TmqlORKksIQmnNzHGkJCdUrZAPZ-cWCYfUnDEbdOrMaH2am82OjmSrh-C4TVicC5cV1GVnn55Jxx8XeLyZX9IFgx7o-SqH8BgxRtbc4Uc4V0dW4ouRj3V3umunBkFeXodYG-YQJqVxmJnXWoEqCDIPeBRLtXJIf1xKneGsXZg&prev=RQ6F79D0F3379C6B&p=2&pg=1,QA Automation Engineer,New,2026-08-30,5,QA / Test Automation CV,Matches: quality assurance,Direct apply via link with QA / Test Automation CV,
,Backend Engineer - Sponsored Content & Products (all genders),EnglishJobs Berlin,Berlin,https://englishjobs.de/clickout/049fb2e9fa004a33?ql=l&sig=b8534a3962b190bcead88b2239c9efb6a4ffb39c&e=rUKPuPLdFYCKttNHplmUjmw_z0BXRcjfA4kQ9VL6j4e_rr_5J5lCnXKn7G53h3yCvc50QOG6x3wRHmfHyEuy56V0juMm6dUzbXbz07pjbGO6sSxjdLkdV_3l7H8s3dykLlSaykDNFYhFy67wybHhk8Ta0fm9xBwl_mgUFu77l2KVDb1tcvL-P05Vl-dRP6nx4dx0KG3zd4qbOs3wDnxJNh7jUPP1HYFcyH6o3xiARCWp4s2QaXbb0WAbnLkiUa-Hg-aL3S3_N94gG1m-_idhXAecRrY07EAWPUuLFTrtbtlrw37blA8VLx9IqFI82pa0euY8-jSwsQmL9qqYrX0NhJS8Bi4zex6NIhksdSIQffPd27Zt1ujG-t7VgIDKjicgq6u7Y-1YLugAILmlvbrVoOMjV1mkqQWhYVaCMdulWmUa6KHBgsKD15MSu29DUt-ptmvr-PMOi4sS_6Lm_Xs4GLBAxrk3WdxNJwnpOwrQIqJxQC76JOk1UzOdU6ZZ6aX-7SZ5hJhnhbODxXnywTZfOEJU-_hbToJ_PyYYc7cV-qOdJ5II7pc0v-vJdyjz-G77VT32SEVPeyJTvB9wEhYBZyfx1X0xnVCAsqXgeP3-oJyYhznlCWdxACWUcJmV8rrQSfviNv2UVPMWv7oM1IIF7eC5gk7iyBbuTw2iwC4mNFVPdEeJe4NajZDOfifeztkfgwHLyl-F7AnrrRG_k0bDRrfjZ9w_mlVeTCZXHdDDoANTFcCTcIRIexbE-SCQaslTqcVLeTnW6kK_adLa-0JW9RnbSKefDC1H5d4DXiwy9GNxYeLqcjSMXsxELtCIRD3m0_zleNcqxuOAzLHcqFN1tqF3cnIheSpBgVNHTnNG69YjMnFNrJheY-BQV4pDwG74s7KiwChxOd54lp5dAMRNzXbFdKCI1IMZ1wx2qiepie1DzHDr8Jamwh9m3dEiqldDcX6cPqr1AjauvrhTX0_ctU4sw5aXkAadqhKbQKVe8YeKCbCMctJfGBkPJAu5lZ9_7VES62b3ox_pJfIfGRQW5o6cVgCpfmi9sZK-X7gxjXK_43sT4EUiNJyElZv229M_sb-EDbFvxCC18RQxRHsD3rdpZaBWJWakSKUR3DHqKPYvL_Nwij90rVeW5g6VEO4rxcyWI5d75YtYL981CB199H2t8dJWY2203H0XDfQa79Pna4N0m8l_l8Liyy0Egk7MwkO0L7iiXcQX00b7Ys3iOI0AKJ1ow4TW_YHW0eA89TRiHKjs4-uLDNO7Y-JSW4UKWHLvZstDHtObArUVRrtLdCbupMFQmb5vKeCL3cLt7h-_CBIeHPl-nlHjToM_Zy9nw1YDYq6oeGBeJ5DNStpP7M80nukr2ZJrOsG6z1dVVKe6RAq3Gp9VF2JVhgjp42Vc7H-awCkRFsGRNhyGCG0CBKs3iTgBwhTtNxoca3Mb4sv12CuajpRzu_CPXRtGdwDNeTY8DF0MaVYNM3tko5H10kmYBir4mpck0Mlk0_1w9qN98Xty-RiamT_szPyZQ9DF1Pym4R4CWxmu308jhzFEz42Tv8mLAFnojH2H3BHc1106UBaidmNP43h_8FqzaMFiwW4q-2rCC3wYImE6T1rk0ejxCpYDA8N1Lgo9COArHt3VbAP5gCuBUdu3yQ4LI1f-FbpTk-6F6TT8d9i4eaV20AJqwtlLKNX9yKUiWUPXy5RvNW5DEPo0dZv4y0sCNne_WRep865RbM_IBKSqAQJxiZ70HwE-gdrc2VOQZH63fxckOT6rM_sXCY8TihcAb2LdcSWrtT2G7h_7abglmSK_SGVSY71disbkEUB-rOgomps2PX-j2Nq-G8rgPL-dcdaKTzPhDnXCveJwf3Oe313Rp_BbIkPfc52IX3dFZQ0gLkt2ZxrkDFJFSCNWyymKyKt7zzT0-kFwf-OrfSD8A4br9C0CbKEsm2APxxQisBYL8QqrE9adl5afQiuLgML6IEGCpFQfMUqh0ohR7z0eg2e1MuR-Q2nTxJ4hA45_oU1eHRzKo_ShV6xsjaw0w_yXMR1p_Q&prev=RQE928D0D56F4E37&p=7&pg=1,Developer,New,2026-08-30,7,Fullstack/Frontend CV,"Matches: backend, backend engineer",Direct apply via link with Fullstack/Frontend CV,
,Werkstudent (m/w/d) für AI Data Annotation & Quality Assurance,IUNA AI Systems GmbH,Heilbronn,https://www.arbeitnow.com/jobs/companies/iuna-ai-systems-gmbh/werkstudent-fur-ai-data-annotation-quality-assurance-heilbronn-27249,QA Automation Engineer,New,2026-08-30,6,QA / Test Automation CV,Matches: quality assurance; remote,Direct apply via link with QA / Test Automation CV,
,Full Stack Product Developer (m/w/d),Tablemedia,Berlin,https://www.arbeitnow.com/jobs/companies/tablemedia/full-stack-product-developer-berlin-355901,Product Engineer,New,2026-08-30,5,Fullstack/Frontend CV,Matches: product developer,Direct apply via link with Fullstack/Frontend CV,
,Freelance QA Tester / Software-Tester (m/w/d),SEDIWORK,Leipzig,https://www.arbeitnow.com/jobs/companies/sediwork/freelance-qa-tester-software-tester-leipzig-218890,QA Automation Engineer,New,2026-08-30,6,QA / Test Automation CV,Matches: qa; remote,Direct apply via link with QA / Test Automation CV,
,Backend Engineer Intern | AI Systems (m/f/d),GetMOW,Berlin,https://www.arbeitnow.com/jobs/companies/getmow/backend-engineer-intern-ai-systems-berlin-203128,Developer,New,2026-08-30,7,Fullstack/Frontend CV,"Matches: backend, backend engineer",Direct apply via link with Fullstack/Frontend CV,
,Full-Stack Engineer Intern (Backend & AI),GetMOW,Berlin,https://www.arbeitnow.com/jobs/companies/getmow/full-stack-engineer-intern-backend-ai-berlin-298440,Developer,New,2026-08-30,7,Fullstack/Frontend CV,"Matches: full-stack, backend",Direct apply via link with Fullstack/Frontend CV,
,Automation Test Engineer - QA (Remote),EnglishJobs Berlin,Berlin,https://englishjobs.de/clickout/0f203d7a990c7e2c?ql=l&sig=308ff3868efb54bebedef0e5eef316a98489147c&e=4YfiVK-aheHWzhABumw_-LetXsXAQpbrONy8i7YibDTl2_kDPSxAEkND1s1PwTFZOeK6U8GvXfMptJfEi8IS_4UqHPk0dDRJYEPt8Rv6-dwo6ZkGeBrMK43oEA9HEDN3fRVNj4ba3jBRELAtTS_N32O3OglH_vJvrV0itBt0C8xpIIIYRFSbvoHqJOIk6EfHgfycq9GXZWx0mozNT-gi_7XB7aF3yzOgf6OqFYnLov034unnk0uTkPoBU34xYmj4GDqj030GAQh2-66lOygYJ4KpPF9tnkc86Gx4CheM4aFTB-ihGLHdHvlxGk1Fxa6B9cF3h5gFOtcytkGVDXYFkezbKDG18KKVdKbWpTfgsHUAuVTCY5btbmiVaXf_0SIMEnoBa3uhpUB23tH1Hj9pvyXzcS0uDjOvoGFoOAJVjgKnhnLovxpMkVfLBc-cvym0nol54ZVcjACEqZ_Wo_uActmbrZCnz2xrUBht0HmwUYJoWofISWQpKjV6J1A7JhE6RnQ3uTEnLOq3pGHCX-hfv3kqwqSHuU9il8yO1O4LcpeiXtArCkJXT3P44jVJiuz_ayAedXOUqyNNz_lBAy8Q_Ko-rVlQMB0QLfWep_JzcCYg5lGBE-RxJadVHEmRm1QEbvvLGYW3EAm2-qAV9aYq_cb38G1RK8EAcWE6uw0qOBVE5Ku3jO3Ko5nk37tdX_9vl-po8fsCbEXIwIlHSKOb9GXiChxU2Zxem2MZ0UqaH15KQ3sfrf7sTphl9H873zDnC4dtN7UivyvQTSP-8ssDto01UfxV-k2JEaSnGU0UnQrDt8WlD89-eFosTgNZigvgYhEhImCwFMgz3_NYOOcxH6jHEtmGdWER68yjAk_mFaC-oYz_I0qHGDnYKKFSa54eumpPz-INm99A_GAyNy_yyrVwtebPWK1baI-N-ns-_0aTs7_nkFswaED7aVX0IXXve9j5kJVNPJq5HkoiGEgDGb5HKUBUEhZ09IsHQ9jwGQC8pLP_KMkOOWb9oDueXsxJukDkoEe0UbYFJgiOA1YOyZqbCMVFUMsMW3jfqpl7uykddC5EO3Hzd0uDeF8fI9ioF44VY9BI9QUWZ8ZWGhE5RjZC112KaT1hF_qozNWLp27vyeiNgR-Q0pQFXoEaf1dcLKCV5cv95nYG5P9aoKwE9wT5K08UCd8ks0nUyPMwIJWD-tbh4qBX919r-VuS65IBI2XD6gwLeZwEI_5IkFQjPrFRcDYaEGFmKv3z7OiYPoGxN-KjCXhuFklHKdkrZSi09g3L-EcYwAtrcLEn_X2b0XQQbZ9nV74e-4eQEN5JDp-Uk79o7ZH8cIFSajZT78ZxMRHvm7fBjiOmMeIRAPD9keoFDWTLaD1DGAMHFkat8N3AmERckw-ORGPZ9uOi6Lhu-ZfN2QKoamlCDNULLkJkdSYam_fO3SI-nKvz-Jo5&prev=RQ4D724EE442D95F&p=2&pg=1,QA Automation Engineer,New,2026-08-30,7,QA / Test Automation CV,"Matches: qa, test engineer",Direct apply via link with QA / Test Automation CV,
,Software Engineer in Test (Berlin),cresta,Berlin,https://www.arbeitnow.com/jobs/companies/cresta/software-engineer-in-test-berlin-488239,Developer,New,2026-08-30,5,Fullstack/Frontend CV,Matches: software engineer,Direct apply via link with Fullstack/Frontend CV,
,Software Test (QA) Automation Engineer - Mandatory Internship,IndieKidz GmbH,Berlin,https://www.arbeitnow.com/jobs/companies/indiekidz-gmbh/software-test-qa-automation-engineer-mandatory-internship-berlin-490019,QA Automation Engineer,New,2026-08-30,8,QA / Test Automation CV,"Matches: qa, automation engineer; remote",Direct apply via link with QA / Test Automation CV,
,"Mandatory Internship(Unpaid), Software Test(QA) Automation Engineer",IndieKidz GmbH,Berlin,https://www.arbeitnow.com/jobs/companies/indiekidz-gmbh/mandatory-internshipunpaid-software-testqa-automation-engineer-berlin-121906,QA Automation Engineer,New,2026-08-30,8,QA / Test Automation CV,"Matches: qa, automation engineer; remote",Direct apply via link with QA / Test Automation CV,
,Growth Marketer (AI-Powered QA Automation),jetbrains,Berlin; Munich,https://www.arbeitnow.com/jobs/companies/jetbrains/growth-marketer-ai-powered-qa-automation-berlin-munich-21483,QA Automation Engineer,New,2026-08-30,7,QA / Test Automation CV,"Matches: qa automation, qa",Direct apply via link with QA / Test Automation CV,
,"Intern/ Trainee IT System Administrator (m/f/d), Berlin - For German Resident Only",EnglishJobs Berlin,Berlin,https://englishjobs.de/clickout/31ccdf5bdfaa3158?ql=l&sig=e7a9c716ba5009a3d9de3aecf583732d1830e89b&e=tqSPMq5XBp4E2L_OqDOhCZMyhR0jXgXBDOzaY9aZmy1Pmlc-ONsCvbj2tt3HzHYufU2cjbNl5GhXyKrSgQGBQChE4fmxxFElmOA8TESlm20ddQd3-u_mSoaxjABvlsmHXmIMZAt5_IRBBqoPRpwmLLLhWr5TH5u6IS7HwBd8VJtIgOLrC5vsFcHyX6EOyBMw2g6zVg4fDWGnZEupw14-RU3k7CPmei9Y6_Rlc2cX7kfYIcXL8E-xz4K2_wzaLXdCVShg1a7Z7pXqyzkE9mhMuPbCMg6J0JNipCX6PYyMdc9gYqrAkgLnfN8_EJ_cCqlHJwPL04yfRwwBS47kJywluKZZZKKjlFnMooWB79uG-R6hLhLHNECb8Zex83TyCrVKEe3M5zgJLTGAFHgcaKB5r6xwzxPSEcaKrt5NyVEGgtoGGsFcnqzV7Q6sgJ7oBoPnTzbAy7ZKkM-swyUPwT7Nw0XSzhfadeGVDx1VuWOptmr6w41BUNBjlGA1b1ruygB7t-kPfHGugeeCeiGkvRpwdP4VcnOYEmRlRtG-SLtpEUjc61x196hCb7NzXG9-EHnUQYXa4tFlWHnXBE2Dfo1N7GYBlTsT_Ll2pdppPFl5INn7WZvX6yVmS6kwI3qoD_noM6mTs0c2mkN3_tNtBWqiB7i5OPLI8JMd3hw9gP4Goixkb9HHLXnWPMXNu3ruLjmr-ME4m7zQADIPbkNQP6fkJruvmlB2mtKQ-Cl8FoMn69RWmeWy-HKIKq0ccwHykW7IgBRYk7sdN3CKXxfAwQboX0Nuy6yKUr2I7Fa_U-yldiZK-2htA8b2neAL48TkPwMK9arjCR5kPlVps_HUJak9_gt6MP7i7Sn_maRYc5XUHdnJqSmrlQXULUymzqIfJx3XXKsmuF0b__jH-Gt-aTrrkNlQbKNLHgHcxz8_Mrqkig2C5VgVKQauDEk-hdYs1316NL-39cxbunqQKIEXmgl_qsJSPlKKue5IR8nXb9KzTVqwcJ3hy-fS9ZNtH6Smb9J1Y-3reiRWoI5SnN8YOZSGUf59BgGkOcXDKK7xzA7m9aFqokWWKwhLlI4z58habbOHMER_2W9xVkgKkwec3FU3suFrvEuqgXa0jVhn9ewBVca_WKMzHW1Mu5nGWu8EV01At-o8eqrLp_Y-odK2lGF7qvk2J-7KyJv1HdlN24-U3w6GSMEj7z4uGQxpzW9X_Fp_o_eseOcsnQnnvXJ927spUwU7iIcBBb9PUqDnOU4RL-M4_mICqhC_WA4ddwYyscRzCL1FGrcARhkvesOgKGHPqo4TKuQr2BL8ymkDQvrw81m5Ct5MU6ADtzjzG_aPR3fgB-sCmOQPGhY4Dp-HSjLHunoNPxZv0FBk-cTh5XQ0LF2htXYADem1LQDaB4-P3LGMocBwPr2tR9phzUs2cGTBpV6HKtDazCY15PZvrI2JClajxIOUYg4dVdR7UgPimbFRv-3d2v7ALIC43W5qKIsDwBaTemkB8mOZBtxt8mfjlFVx3vTYLfsbE-PGm8vp5wQzNU6chz9yn34DJXvWh8qdelU-5yUkMoMLUGr122-caKBs4zGpQvLcKS50qqaX3-Zn3lqYcjzdPbHwetqltVg2TQSRLw8zv3dlJu4HT46pp5uvpM-C_MPO1T65ywnkLq_f_Z0ob1mzfgh2D7sAlQ3VCydso94-L6si9DofxE_k6jWgRqQCEljd-NyPyWDoghw9ae9NqxfjDcL8vIT8Jgcfc-in_t0iIxrJyoR0B896XNVBz-7EwdLgb3qW60JRsfFmZy-fYkouGUR9ig7IdL_S9in2BKgBncKeIsWiXUve49g5RZiDHMhCTwFw_5jOKwlMQyhZAyRwr35KK0UbdVXW9CJly2VfoVAU8IlLTQLayWwqUwXsn_-dxrDYsIlzVomTN1n_McX538veLuunznyeM6lFj1ecDCMvqBXyLxFbOhJk7OS5PTxWz8uLGEbTWAnJh4S-_Ac&prev=RQAF14885697F36B&p=17&pg=1,Sys Admin,New,2026-08-30,6,IT Support CV,Matches: system administrator,Direct apply via link with IT Support CV,
,Sr. Forward Deployed Engineer - FDE (Fullstack),databricks,Berlin; Munich,https://www.arbeitnow.com/jobs/companies/databricks/sr-forward-deployed-engineer-fde-fullstack-berlin-munich-95176,Developer,New,2026-08-30,5,Fullstack/Frontend CV,Matches: fullstack,Direct apply via link with Fullstack/Frontend CV,
,Software Engineer - Simulation Platform Proxima Fusion Munich | Oxford L2,ImpactPool Germany,Berlin,https://www.impactpool.org/jobs/1237485,Developer,New,2026-08-30,5,Fullstack/Frontend CV,Matches: software engineer,Direct apply via link with Fullstack/Frontend CV,
,$42-$65/hr Remote Qa Automation Test Engineer Jobs - ZipRecruiter,ziprecruiter,Remote,https://www.ziprecruiter.com/Jobs/Remote-Qa-Automation-Test-Engineer,QA Automation Engineer,New,2026-08-30,10,QA / Test Automation CV,"Matches: qa automation, qa, test engineer; remote",Direct apply via link with QA / Test Automation CV,
,Junior Mobile and Front End Developer,glassdoor,Remote,"https://www.glassdoor.com/job-listing/junior-mobile-and-front-end-developer-lap-of-love-JV_IC1154406_KO0,37_KE38,49.htm?jl=1010223437534",Frontend Engineer,New,2026-08-30,8,Frontend CV,"Matches: front-end developer, front-end; remote",Direct apply via link with Frontend CV,
,Remote Junior Developer Jobs & Internships (Hiring Now) - Arc.dev,arc,Remote,https://arc.dev/remote-jr-jobs,Junior / Associate Software Engineer,New,2026-08-30,8,Fullstack/Frontend CV,"Matches: junior developer, junior; remote",Direct apply via link with Fullstack/Frontend CV,
,"Junior Software Engineer salaries in Salt Lake City, UT",indeed,Remote,https://www.indeed.com/career/junior-software-engineer/salaries/Salt-Lake-City--UT?campaignid=serp-more&fromjk=52707ab174f65c52&from=serp-more,Junior / Associate Software Engineer,New,2026-08-30,8,Fullstack/Frontend CV,"Matches: junior software, junior; remote",Direct apply via link with Fullstack/Frontend CV,
,Junior Software Engineer - AI Quality & Testing,glassdoor,Remote,"https://www.glassdoor.com/job-listing/junior-software-engineer-ai-quality-testing-auraone-human-data-JV_KO0,43_KE44,62.htm?jl=1010210609051",Junior / Associate Software Engineer,New,2026-08-30,8,Fullstack/Frontend CV,"Matches: junior software, junior; remote",Direct apply via link with Fullstack/Frontend CV,
,Junior Software Engineer (Open 3D Engine),glassdoor,Remote,"https://www.glassdoor.com/job-listing/junior-software-engineer-open-3d-engine-auraone-human-data-JV_KO0,39_KE40,58.htm?jl=1010210608228",Junior / Associate Software Engineer,New,2026-08-30,8,Fullstack/Frontend CV,"Matches: junior software, junior; remote",Direct apply via link with Fullstack/Frontend CV,
,Junior Developer,glassdoor,Remote,"https://www.glassdoor.com/job-listing/junior-developer-siertek-JV_IC1145937_KO0,16_KE17,24.htm?jl=1010236717006",Junior / Associate Software Engineer,New,2026-08-30,8,Fullstack/Frontend CV,"Matches: junior developer, junior; remote",Direct apply via link with Fullstack/Frontend CV,
,Junior Software Developer,glassdoor,Remote,"https://www.glassdoor.com/job-listing/junior-software-developer-pingwind-JV_KO0,25_KE26,34.htm?jl=1009901631269",Junior / Associate Software Engineer,New,2026-08-30,8,Fullstack/Frontend CV,"Matches: junior software, junior; remote",Direct apply via link with Fullstack/Frontend CV,
,"Junior Software Engineer, AI-Forward",glassdoor,Remote,"https://www.glassdoor.com/job-listing/junior-software-engineer-ai-forward-texas-sports-academy-main-JV_IC1139761_KO0,35_KE36,61.htm?jl=1010161806433",Junior / Associate Software Engineer,New,2026-08-30,8,Fullstack/Frontend CV,"Matches: junior software, junior; remote",Direct apply via link with Fullstack/Frontend CV,
,Software QA / Test Engineer,glassdoor,Remote,"https://www.glassdoor.com/job-listing/software-qa-test-engineer-pflegia-JV_KO0,25_KE26,33.htm?jl=1009361351629",QA Automation Engineer,New,2026-08-30,8,QA / Test Automation CV,"Matches: qa, test engineer; remote",Direct apply via link with QA / Test Automation CV,
,Full-Stack Software Engineer (m/f/d) in Berlin or Konstanz,EnglishJobs Berlin,Berlin,https://englishjobs.de/clickout/3ad9d68da624664a?ql=l&sig=b7812d55e0b42103c576ec3eb709ac3504c8b1ca&e=R-Vq2c4yH9EOrNSVjOCFItAavtN8afDWc6FZx_C6YrPYsTaAadmoIOk0BRCt7p5MPl8OQZRC-CNtwJKhkGykfOQIJYxZekhVP0xtv-1LYwOmhjzqOC147hOnesYMTOdDNdmhEKwHtseVg4nO0JPL8x1u-3mMuSa1rwlLd3V8WTUksCuqHATCyz8A4dmF8zEBFUgEYMnaFsuRvcBGhlQDoDZyuJQAMVSqBgcNE7RZYPidCCUAoRO8x4B_AgnphLKGTEnANhnpgAFvWZa-s1k5yUP9FKM2VkRhrmp9nnbT-0K9CASWHqen78FlhZwhI6EFsGyhKkl8tyn7ARw00MRD8q4nSkfw3e2_J_KBMMwfabyNu8mDCAznybM9E90MCFMhnSwdrh9U1LNedvI0DjrgHbY2pvTPvm_nkn_e5XoiRzQ2cnRcaB6E8YakdDioeBMzAK3Iueh9x2aiiS7j4qsUx1BrN-sXoD-l6hI0oM2AGMcLS-MpZ_lIbhSF7lFT11FxgwE_YsobS8ZuDu5pb-SFR-3pGOYX3lEchrlohAXcogWKkf_sa0HtIUUYosiQtV0viJBZSg-K9MDqVI21InD1iOl9WcgaWver_L7UAvn0EjH_C4lrkfEuSW85sqOzAFs-krvIoFBCfwfCjGVvR3XGCwKOFx9-cIRv9gBeZfIkcOmVfcjPA1u7iJzNDE5DjHQbM9IlKyDclIeMq1jvpSZxIcVJhlMqvWdqkPpKFqDjDFTcVVXKT3aWso0MqA-K6I2FlX4hag1UNjBCCfASdx97xOe3Hu11S4wpl5_MhO2wSWaPIG-kZecHZXlqtCfNqyKnvZpDih2bJpvjcIC-uC7ex7W9bFSYg5hx1cXjCbG6uyFbX8YTu1OB93-HegHMVPRXBZKijgnMlarxpR_WYYKKuKMFcAeQ0TRGsRSywDit5sHATgvz9WNwY-ukULZnRvarJxDSVlA1kS9zvy45fj8woZyHDDBwtBhQCWQJ518qRHp9qdR_-fQw-2Gubs_2iJXi6-hVLCYe4ayaMv0WxY2Suf3khiyDptIPkIVlpwP8dJJ4u2KyDgz569y057QyOVXw4FjvErfdIQavK-OG-ntNF5677miRH23UBYPvNXRG34Ll-26XyPzHA10-kvUFTah9QEVAJA-xQiPloH0QPICzd5lBhb0wdFt-LHiX9Y72I9qkrAGaaGgyBMI4t3NvNWMFjKxohz7PohADUDT7SZj9HBX59IeUaBc9ZzFHH1SJYDZjf_12i7F7gbmc1MxKItaYs9Rjmz32RvxCvhvm4UEhb9Q7swtQDl6EZuVMV0Pccu1vPYYOZ7EcE5gyqe9m06u1jhFEHcSLhbEHRNHP9ruuM8plvdYoJZr9SWT3e00FlCFreVK4C0jCHqlqp64mO-xG3nkO7WG0i1YYo02wCwiSeN_1BD3Y0fkYUiPsuvrK8LoLyvms7H1yCzT0QlVmORXuHS_e2exMNrPSOaXSBgqUfUTJlLmxCY_JwHT2eBBW5StnEQvSwD3HC59uTMh-LCNUZm04_lIuYLmRsJDOb3eAtoqv5GnIzIAC0D709huAFUX1Fxfjm4h0RWWqf5BKwgtqUUkQjjO9QtpVfS8iCKm1P5eAprYUjbdJjCnXNN8mwW2XRy234qn0-D5OSEnAN7Q6l9cH6HRqSZgLlnGyfi6AD6iTtpXgSoG2tORbfWs_dNUuosZ8QKgHogLLEYTJmH54OQY8ZqNaLkQ8M1c-_zieI_OJwIRDyveoi6kIT81DiTmEmN_-1-Tk_Fd5sISfH0ro178YsUX-ut9FTL1HwrYPrLzWCcmKGEHr-Ob2O7MT4UKb3HYn6MORD6uYUwykJo3puVz1PrmJVTHjQSyEJ7TH-_nX-d4h4DdF9w9D4Af3OValfzlHe95k3fvpaj1N1uyIzId2Uj_kRjNOHQ1SOIR7f4aGT-CgO4nXmYffALOjwaZ_q8ARwXR2F5w65ccXJF0CvlmCYO8YBJt3amoXa91Hf8Rj5CzKggNGGQOIM8TZaYfy9aglIvSKJlfRrV-BsSgiQw&prev=RQ857C0D2B7DEC90&p=20&pg=1,Developer,New,2026-08-30,7,Fullstack/Frontend CV,"Matches: software engineer, full-stack",Direct apply via link with Fullstack/Frontend CV,
,"Mandatory Internship(Unpaid), Software Test(QA) Automation Engineer",EnglishJobs Berlin,Berlin,https://englishjobs.de/clickout/7bee4d902a8fe712?ql=l&sig=96e890d3e77b95006ef0bc2f07e37c5f2b876490&e=KCSUUPbnnWwB3k63WDRvetAYPmL7svMlXR9wAT2o_1w7cJS0vr-mR005WVpjjaWHpMppCSqNVBG_9Y7TxTrXUXwVMgoEtOjCVkTo9l1mPw8tl_g-8Jyh3fPEr7OUrkj6Ge_QilwfSYX4xPRJnn-TW8XsdL0iv_VjFum_smag82q6sunAIFIn50u4g6EN1-_nEDyxzGxVxgcTWljs9Mdg-rtLVS_9WDtyh0O3wLonfa3EdiVnZU1r4eqhyxVat4yqnTezuuG5G5PcD7iUzZeNieIPtcJ_LtsXB66whg-AXzHo-CXKwKLWPm_1UEH-fvZSJV1xJpYaAg9uivX0bwIitg0p4cqE76ZdF_UIisk2v36hZGusbTpqcr7ai-suU88PbP9qckNcUSniCQJ8CCoPLxWUY-ikNPXkPCZrcVMaLztodPqKzGpTD74ppM6nGIONBatpUoURgc7hS18M_KZb8I6O0cMo1UwMfhM000Cs2lppS80UlAxnbv79IjaM2BF07OhAHdAxqvxPK1iFB_yIXH93ZNwFHtNnG9jMXUOrvjTnkg2i0_N-ppMIohIXbtd6mGq3urMS1VsEr8rJk8W6lzmXSWqKmeG6Uu7cHuKYDby8e-y4_lLeLErw_6hB487hi9EXq5sHNMkKSR8LfwXMOOjtxIs2sGtn0T1GvdT0Dc4W9GJ53l8jsufbESEnAVisBnt1TVnreMHDXOkpShCdnh73hgOS4BkgJMKtmXZCm5BP19qln2KkZkAaBFIeecSbXWnns5nB1ta3wZdlTCU5V7V7g80L9P7Hz5V2jGKx2Jw6TffSq4-9Hn3b4iRsGwJ2HdaoYXKT8F9kMW5VEUuv9M4KCW9w2HVPtkxyBiYvJuoTS9xSj73Stjh8n1CuTQwgr8TakMCRZHYragiubhDEvLvnzoH0JVtXaYdL_pkP66JpKl3Yerwd16_bzjtzfm-x6fwLYJ98Uj0ILYMz5lrPDt_yzKoXa4mLpOXHjVRbC_gvbpkf4HOl_Pbk8zN8drD0P0h1zePqM3s4qGwG3bY8eCxiQFSXhFrSgIG0ReslxvwK_CnCy0oveJUtR9mZEl_oSrfN5RR55ys0VjSllQv9pYiXBDOsYBnyP-nbycXjOdC-Ma9btL_OUcPb-MQW4zhA6Q91zujAL0eLWoB0VXjuXrDzJukWlOFJmYC8O_j5Pws4rQVwrN55aH5H8nIoiIo0NdJsMPCOVwTdg8te3u9hWuv-Ifa6SABir8e8h1EvJNGzE2O5p6c2BvHdqQ1VE5QOhFN0DP5EsknuJsAu8-EZesfBpz9Corj6YqtSZYo1bvFfasqZz1OH9Yakj_LXVnziLGRZojoncLJ2mZxaKvvkZADj3vwxbiW10ocibO9swl16eyRfVXOG9eeQ3KqEMT6wCDVC0sO3q5JkOri3BN5iyRDx9PlCCJAQIcPBFgVqZ8MUWzcU1V_l560SUwjGEAct7q3iFe6d-oVdPbOkSgUmSLW6G_K6BkDvmecVxCxLCRMuBK4Yj4aMmx1suFCVYUU303DUAPtWxwfZyvJm__z8RgaYuQvWp7tloNjqzI8oBoLoqGDIQ-PgshYluYIeGnBtihNh5DYIgtWtSjTbWUmlM2Fdea_hihC_eHpGiJLWvcUK56oaT5ZJxDv1G96c2ezlnqMhPlJaXtfRJRzvzAFSmj9jjP-iTqaYIkj2sIVvgwifyNpNBT5KHwTCEkkRGQR1K_MW8D7OhHr3iLjozSYCXLXASkIbRKKFTbGUUANPxXGrIA-CjmvBhwdrpXh64WE36DkdCrjuSMy2RYaMOKxDwRKLu4znn9lpvEd5UpfUqAQkFMTFk3UcFcCUPCty4oCxeo-sva4ywRsfjQ7YtaVcROlByE8lovs15Mv9tLRIDDRMkSvVZefuE7BoGynG50G80kQg2UFQv6Sum9pgjQ51d8pFEiJ8P_-niCCGjs3D3JsqWTYge6RA_Eglb_3yn43NjNEJJoSHw9VnJETkiLuub5clb6evIfW8zQXhChBqPfFNsPAIzCz9yYw1J60fdAfibg&prev=RQ857C0D2B7DEC90&p=18&pg=1,QA Automation Engineer,New,2026-08-30,7,QA / Test Automation CV,"Matches: qa, automation engineer",Direct apply via link with QA / Test Automation CV,
,Remote Software Engineer Jobs | Working Nomads,workingnomads,Remote,https://www.workingnomads.com/remote-software-engineering-jobs,Developer,New,2026-08-30,6,Fullstack/Frontend CV,Matches: software engineer; remote,Direct apply via link with Fullstack/Frontend CV,
,Backend Developer\*in (Ruby on Rails),berlinstartupjobs,Remote,https://berlinstartupjobs.com/engineering/backend-developerin-ruby-on-rails-mein-grundeinkommen-e-v/,Developer,New,2026-08-30,6,Fullstack/Frontend CV,Matches: backend; remote,Direct apply via link with Fullstack/Frontend CV,
,Fullstack Entwickler (m/w/d) SaaS-Lösung,berlinstartupjobs,Remote,https://berlinstartupjobs.com/engineering/fullstack-entwickler-m-w-d-saas-losung-mendato-gmbh/,Developer,New,2026-08-30,6,Fullstack/Frontend CV,Matches: fullstack; remote,Direct apply via link with Fullstack/Frontend CV,
,Software Engineer II (REMOTE),glassdoor,Remote,"https://www.glassdoor.com/job-listing/software-engineer-ii-remote-the-home-depot-JV_IC1139761_KO0,27_KE28,42.htm?jl=1010250840724",Developer,New,2026-08-30,6,Fullstack/Frontend CV,Matches: software engineer; remote,Direct apply via link with Fullstack/Frontend CV,
,Jr-to-Mid Software Developer,glassdoor,Remote,"https://www.glassdoor.com/job-listing/jr-to-mid-software-developer-simventions-JV_IC1129678_KO0,28_KE29,40.htm?jl=1010237941239",Developer,New,2026-08-30,6,Fullstack/Frontend CV,Matches: software developer; remote,Direct apply via link with Fullstack/Frontend CV,
,Employee reviews at Express communication service ltd,glassdoor,Remote,https://www.glassdoor.com/Reviews/Express-communication-service-ltd-Reviews-E10474569.htm,Developer,New,2026-08-30,6,Fullstack/Frontend CV,Matches: express; remote,Direct apply via link with Fullstack/Frontend CV,
,Express communication service ltd Overview,glassdoor,Remote,"https://www.glassdoor.com/Overview/Working-at-Express-communication-service-ltd-EI_IE10474569.11,44.htm",Developer,New,2026-08-30,6,Fullstack/Frontend CV,Matches: express; remote,Direct apply via link with Fullstack/Frontend CV,
,Software Engineer,glassdoor,Remote,"https://www.glassdoor.com/job-listing/software-engineer-powerus-JV_KO0,17_KE18,25.htm?jl=1009353739233",Developer,New,2026-08-30,6,Fullstack/Frontend CV,Matches: software engineer; remote,Direct apply via link with Fullstack/Frontend CV,
,Remote Front-End Programming Jobs - We Work Remotely,weworkremotely,Remote,https://weworkremotely.com/categories/remote-front-end-programming-jobs,Frontend Engineer,New,2026-08-30,6,Frontend CV,Matches: front-end; remote,Direct apply via link with Frontend CV,
,Remote Product Engineer Jobs (NOW HIRING) - ZipRecruiter,ziprecruiter,Remote,https://www.ziprecruiter.com/Jobs/Remote-Product-Engineer,Product Engineer,New,2026-08-30,6,Fullstack/Frontend CV,Matches: product engineer; remote,Direct apply via link with Fullstack/Frontend CV,
,Product Engineer (Remote - US CT/ET) at Zen Educate,remote,Remote,https://remote.com/jobs/zen-educate-c1clc0bk/product-engineer-remote-us-ct-et-j15jcdbz,Product Engineer,New,2026-08-30,6,Fullstack/Frontend CV,Matches: product engineer; remote,Direct apply via link with Fullstack/Frontend CV,
,Junior Full Stack Developer (All Genders),Seniovo GmbH - Ein Unternehmen der HORNBACH-Gruppe,Berlin,https://www.arbeitnow.com/jobs/companies/seniovo-gmbh-ein-unternehmen-der-hornbach-gruppe/junior-full-stack-developer-all-genders-berlin-289399,Junior / Associate Software Engineer,New,2026-08-30,7,Fullstack/Frontend CV,"Matches: junior full-stack, junior",Direct apply via link with Fullstack/Frontend CV,
,Backend Engineer - Agentic AI (m/w/d),Getpress Gmbh,Berlin,https://www.arbeitnow.com/jobs/companies/getpress-gmbh/remote-backend-engineer-agentic-ai-berlin-107711,Developer,New,2026-08-30,8,Fullstack/Frontend CV,"Matches: backend, backend engineer; remote",Direct apply via link with Fullstack/Frontend CV,
,Founding Software Engineer,EnglishJobs Berlin,Berlin,https://englishjobs.de/clickout/146201c67788943c?ql=l&sig=7318e3b5b75a9ff9d9ae42bd7f625156db3eb52d&e=-cMwav2qMwWNf7OSD0nl3QTCmclKbsKQAzKuz4B0vTBuKb5QnVTBquDirYG3J7XujV6RPftkI2Nt8csCwNuOMr6xHWqyt4O5sZQwv-klL8zm0I7klqWXXP19s7Z0bD6YmWD2BPn5wE0o3RaHYy73xaBvjYlTRtyvdrcvjrFcF7QMmy6-pNu9FA97g3hWYHJnNCrZA8mNVOYXQJpxujVcFUaUaaJLqJsYhsWduzmQZaLC44EBdF5_icZFIsdBflWkuF67j232NyygV4tFXl16S5NwEO9Scq9LgkLAB9m4kXdTuwPZiDbrvj7zYTmpT03kDmVqIQjxEbZ9T3spqEwpZTx--r-TYZ5uSn5tttPK6g-pYuLevUr-MEeLMHmRznE90YZ_DqWJd-HcBny8Yi0b-GH8fC6Yp0QM0gVlatQcsj1FYZ0jzvh0g6SDPnf3B2gYdS0SG32x84vdP5IHdhW6cDexFEgOUtAe64ZD-GSBMpZEeUZUhTAqv6K5IVPOzBpSHDS79QIrhsCuSNbq6uUv8U-oc3rxd3BC6HV6yuN_KT2UCne0dwd342-ICg1kcDI_YZKyQA9TFrAJgKlj72ickSy-J5-iuQ3yXI53_KcMkIiajNFu6DPSZxtOPMFRuNpEgNdlhpeG9z4mli0wz_1c1Ixmy-v7r0GIzilDpHZxsykIRWMrVakCl26jNu5z00IdZMkFzy72_MNSii5D6g6VDTGLTx6WhoBv1NBcmaaH7MbrTevmPGUmItW3c0pxhu9K1Bqgmu9ZWEmw0ZVaRzsaUiG8HZ-L5AG_t03rC3VRZTZwh_4_tPf7E79wdY1v9g3u0BnCE5v-MGWC0r--R22plciRzdkbt3dgz3prDunfFuJBzgrH7sUQs2uk0v5vsJespteiJhkw9dA5l0dDoNyQ5IHOBSN9TFyGE2KWJ_rvsxwIXBbMlmNuvL8Yai2kaqojCRj71zUQc0J7Mt8fQDEOtEmbZn-yvo7GXQza0gapxaQLb2nqfs5OOci-h22pPsyr_HM5zepX9u6uy7zNhIWnp5AjFszWpoPFuasCHGUQC9K5LMM6ooYfUaLXn0dlkJ2agwJFO23RvrwMVH7C447RpyGtlYEYjBCP9Af5DCY4ZL0bA5O-HAwL4MWpVokslCCI32lmy5NN7GkKfZglL_DskOWnEe5HZPnFoSH_G4gxX_JxI1FxNvWMSXwjVNap7ir5UqammJWmn5wKqidYbuZGNls8DnGEv6tjd33tc3Kzb-vKlsefGEBV9KYJrcg1MT1mR6-b05R6dMs0y62HNUvis8QAEZ1MVyN1mMbGUGv_55G9tgQiOSiCXu443aUBSs9FO9RuvGqQUBR98qsdtRjm35so4OwahUBIkUuSPSlbsSsiFuQpkGBpHJXaJED51IhmDYU_MrkqxP-8O0lqaw&prev=RQ63DDAC1ED2FB01&p=18&pg=1,Developer,New,2026-08-30,5,Fullstack/Frontend CV,Matches: software engineer,Direct apply via link with Fullstack/Frontend CV,
,Software Developer für KI-Projekte (m/w/d),Pexon Consulting GmbH,Berlin,https://arbeitsagentur.de/jobsuche/jobdetail/13635-ca7cae4e_JB5244018-S,Developer,New,2026-08-30,5,Fullstack/Frontend CV,Matches: software developer,Direct apply via link with Fullstack/Frontend CV,
,Quereinsteiger Physiker / Mathematiker als Software Engineer Data Analytics (mwd),HMS Analytical Software,Berlin,https://arbeitsagentur.de/jobsuche/jobdetail/13644-296843-S,Developer,New,2026-08-30,5,Fullstack/Frontend CV,Matches: software engineer,Direct apply via link with Fullstack/Frontend CV,
,Product Engineer (m/f/d),EnglishJobs Berlin,Berlin,https://englishjobs.de/clickout/1f0c916868a4c135?ql=l&sig=ea1d71ac53dc0916d835cec7c2a043a686b07081&e=cxjdK-O85aMVwhEut9j6srtOjr-R_4WSGPyg-PeAMxrLHB89-fJoyGeTqCrpda3DMAjPjt8foJEB-jZsjJpopnZNG-QNm2uK6GZ4DwDMgyUtyUrtF1SRZ2bNS8h5uuOXa_ryOCt4sUUnWw7dFDKhtwaAeMKXzXAVZkWVGNjyzzPkc0XDCf1v27s2xazsZR66RlBdC7b48CSXGfVEU5uon1JaCtWShtumHk_EAcjjGa19BNiW3BvijmFUJqCIgecNwBGQAK-6ozzef0yTHAdEzDi2AuVaPl6xV6JqnjCDc1-8kCkCzFqEjYSISqJ6OKbRC1oOFR2EuYqeb9-Mc4cMuxQCik5iMkXmcjfXs4N0LrL79dHUNui-2SF4JYiY6_PriInBgKmLfRuEV0VQh-8pRZq5oBHLk4xqGRiEuMLLjeWW-RHCAdZcBuun7ztg7vrDZ6HqYV0SFdiDB1npM-J7twwLD6uEJjy8C0tgrqiHEn67nbNKnFriVQV77GG8I4hWernDWCcZ0MdqKCufuEBLwT0mR-x445DVKAr8EWxcQ_9hvjkBUcWkajGYbNjh8zvAr4_gQjFZIpZuV-3CQP6l-5J19ClC3oKOxF1uecMjWdTCI6jCGLkA6Ptna887g-UgMEOrce3Crbgtc5a9rIEfJPrjz2Dbo1UeFixygOewee-2Gf5q_39KxU3USJjnCp-Tm6_vJxV57C9-_mjZWEEiRR3jt7PMzJ-Pmn1vBk-4lCWRwgDjBRTILo-7sT01-QgoDp6xAlUwRebsv0Q_Jsh-HfMTlGracUeXdoP0yih-riwi1t1E9a6SGyPYoHjIn0fscnUZW3-KbB4Yco6FibW5fEsmf1dmSx2I0Nz0FDi5O6GXlpe3ShtpVCaTXO7-3DTVNDEqGNcUkktIFP3T5sCQlCmcpthfmyFMkmO22HZup-uOI076RA65NKWfhL_FjGb88Vj9IXXkXHU78wFv1saBJ5mfHywV4cBq1S1S2pYE_Izonznd7v4Oj5Fvotgvw5LhJ5EZ_PKErzC0I9VGL_BNXhn1fFvScbZYBCnJPLMypnmPPEMXhoE2IcL6sNuEJGXdEcn4EYB2tTrdZJHMyXq-Q9kJLXT9I6fh3wNoGKyD0dkEwoQkeOdNds8R-qh3u4wuZHVp73UWtQcs6TL0pUZcER4Bwms-7cAhcn2XNDyA98C8Pt1VnUel9-sprxEWj_1iJwK9VESGyYrFtsGX2yUCNVtG7Q96J4Mt78siHWOvnHlWUx5v64KOTVZY0nyL8d6Y0Y1F3Uw80rBxsvXjxdmWpZUoPkx-tcwTtB9vAW5NfVDdgFULt9aKo2PEUzAwW2ps_7f5VhQFfAMx1TMrHYqhjIkpkU3bYxOqR7PntFZyeRKeoRHf3BdlnjWh_6rly4bfmpvqHuoDT84j1m3RPzoAOeRkRg&prev=RQ63DDAC1ED2FB01&p=11&pg=1,Product Engineer,New,2026-08-30,5,Fullstack/Frontend CV,Matches: product engineer,Direct apply via link with Fullstack/Frontend CV,
,Frontend Engineer,wellfound,Remote,https://wellfound.com/jobs/2416798-frontend-engineer,Frontend Engineer,New,2026-08-30,8,Frontend CV,"Matches: frontend engineer, frontend; remote",Direct apply via link with Frontend CV,
,Frontend Engineer (Remote),wellfound,Remote,https://wellfound.com/jobs/4573106-full-stack-ai-developer-remote,Frontend Engineer,New,2026-08-30,8,Frontend CV,"Matches: frontend engineer, frontend; remote",Direct apply via link with Frontend CV,
,Front End Engineer,wellfound,Remote,https://wellfound.com/jobs/3532574-front-end-engineer,Frontend Engineer,New,2026-08-30,8,Frontend CV,"Matches: front-end engineer, front-end; remote",Direct apply via link with Frontend CV,
,Frontend Engineer Intern,wellfound,Remote,https://wellfound.com/jobs/3691652-frontend-engineer-intern,Frontend Engineer,New,2026-08-30,8,Frontend CV,"Matches: frontend engineer, frontend; remote",Direct apply via link with Frontend CV,
,22 Results for Qa Automation Jobs - Robert Half,roberthalf,Remote,https://www.roberthalf.com/us/en/jobs/all/qa-automation,QA Automation Engineer,New,2026-08-30,8,QA / Test Automation CV,"Matches: qa automation, qa; remote",Direct apply via link with QA / Test Automation CV,
,Backend Engineer - Mid Level - Autopilot Team,Staffbase,"Berlin, Brandenburg; Chemnitz, Sachsen; Dresden, Sachsen",https://www.arbeitnow.com/jobs/companies/staffbase/backend-engineer-mid-level-autopilot-team-berlin-brandenburg-chemnitz-sachsen-dresden-sachsen-140825,Developer,New,2026-08-30,7,Fullstack/Frontend CV,"Matches: backend, backend engineer",Direct apply via link with Fullstack/Frontend CV,
,Frontend Web Application Developer,KoboToolbox,"USA, Canada, Argentina, Mexico, Peru",https://remotive.com/remote-jobs/design/frontend-web-application-developer-2091141,Frontend Engineer,New,2026-08-30,6,Frontend CV,Matches: frontend; remote,Direct apply via link with Frontend CV,
,QA Automation Engineer (IDEA Ultimate QA) (m/f/d),JetBrains GmbH,Berlin,https://arbeitsagentur.de/jobsuche/jobdetail/10001-1003532271-S,QA Automation Engineer,New,2026-08-30,9,QA / Test Automation CV,"Matches: qa automation, qa, automation engineer",Direct apply via link with QA / Test Automation CV,
,Technical Support Engineer [m/w/d],Virtimo,Berlin,https://arbeitsagentur.de/jobsuche/jobdetail/13644-297443-S,Technical Support Engineer,New,2026-08-30,9,IT Support CV,"Matches: technical support engineer, technical support, support engineer",Direct apply via link with IT Support CV,
,IT-Systemadministrator und Technical Support Engineer m/w/d,STAPEDIUS GmbH,Berlin,https://arbeitsagentur.de/jobsuche/jobdetail/10000-1204081759-S,Technical Support Engineer,New,2026-08-30,9,IT Support CV,"Matches: technical support engineer, technical support, support engineer",Direct apply via link with IT Support CV,
,QA Engineer (Toolbox QA) (m/f/d),JetBrains GmbH,Berlin,https://arbeitsagentur.de/jobsuche/jobdetail/10001-1003347607-S,QA Automation Engineer,New,2026-08-30,7,QA / Test Automation CV,"Matches: qa engineer, qa",Direct apply via link with QA / Test Automation CV,
,Software QA-Engineer (w/m/d),B. Braun,Berlin,https://arbeitsagentur.de/jobsuche/jobdetail/13644-305866-S,QA Automation Engineer,New,2026-08-30,7,QA / Test Automation CV,"Matches: qa engineer, qa",Direct apply via link with QA / Test Automation CV,
,Bekannter Club sucht fleißigen Barkeeper m/w/d,PerZukunft Arbeitsvermittlung GmbH & Co. KG,Berlin,https://arbeitsagentur.de/jobsuche/jobdetail/12016-10005201613-S,Bar / Hospitality,New,2026-08-30,5,Hospitality / Restaurant CV,Matches: barkeeper,Direct apply via link with Hospitality / Restaurant CV,
,Software Engineer (All Genders) - Logistics Network Planning,Zalando SE,Berlin,https://arbeitsagentur.de/jobsuche/jobdetail/18251-32969-S,Developer,New,2026-08-30,5,Fullstack/Frontend CV,Matches: software engineer,Direct apply via link with Fullstack/Frontend CV,
,Backend Customer Success Engineer (Kotlin Ecosystem) (m/f/d),JetBrains GmbH,Berlin,https://arbeitsagentur.de/jobsuche/jobdetail/10001-1003339780-S,Developer,New,2026-08-30,5,Fullstack/Frontend CV,Matches: backend,Direct apply via link with Fullstack/Frontend CV,
,Software Engineer,JetBrains GmbH,Berlin,https://arbeitsagentur.de/jobsuche/jobdetail/10001-1003613387-S,Developer,New,2026-08-30,5,Fullstack/Frontend CV,Matches: software engineer,Direct apply via link with Fullstack/Frontend CV,
,Software Engineer (w/m/d),Ärzte ohne Grenzen e.V. / Médecins Sans Frontières,Berlin,https://arbeitsagentur.de/jobsuche/jobdetail/12688-REG-43380-RJA-S,Developer,New,2026-08-30,5,Fullstack/Frontend CV,Matches: software engineer,Direct apply via link with Fullstack/Frontend CV,
,Embedded Software Engineer (m/w/d),CarByte,Berlin,https://arbeitsagentur.de/jobsuche/jobdetail/13644-272264-S,Developer,New,2026-08-30,5,Fullstack/Frontend CV,Matches: software engineer,Direct apply via link with Fullstack/Frontend CV,
,Software Developer (m/w/d) Rust,secunet Security Networks AG,Berlin,https://arbeitsagentur.de/jobsuche/jobdetail/19410-2241450-S,Developer,New,2026-08-30,5,Fullstack/Frontend CV,Matches: software developer,Direct apply via link with Fullstack/Frontend CV,
,Software Engineer (w/d/m) Microsoft Dynamics 365,EWE AG Abteilung Personalservice,Berlin,https://arbeitsagentur.de/jobsuche/jobdetail/17481-BB-627898-7878-9028-S,Developer,New,2026-08-30,5,Fullstack/Frontend CV,Matches: software engineer,Direct apply via link with Fullstack/Frontend CV,
,Software Engineer* für Datenprojekte,inovex GmbH,Berlin,https://arbeitsagentur.de/jobsuche/jobdetail/16752-r5445-S,Developer,New,2026-08-30,5,Fullstack/Frontend CV,Matches: software engineer,Direct apply via link with Fullstack/Frontend CV,
,QA Engineer (Kotlin Compiler Frontend) (m/f/d),JetBrains GmbH,Berlin,https://arbeitsagentur.de/jobsuche/jobdetail/10001-1003347588-S,Frontend Engineer,New,2026-08-30,5,Frontend CV,Matches: frontend,Direct apply via link with Frontend CV,
,QA Performance Engineer (YouTrack) (m/f/d),JetBrains GmbH,Berlin,https://arbeitsagentur.de/jobsuche/jobdetail/10001-1003347616-S,QA Automation Engineer,New,2026-08-30,5,QA / Test Automation CV,Matches: qa,Direct apply via link with QA / Test Automation CV,
,System-Administrator*in (gn),enersis Europe GmbH,Berlin,https://arbeitsagentur.de/jobsuche/jobdetail/10001-1003484371-S,Sys Admin,New,2026-08-30,5,IT Support CV,Matches: system administrator,Direct apply via link with IT Support CV,
,System Administrator (f/m/d) - Defense Products / 1567,IONOS SE,Berlin,https://arbeitsagentur.de/jobsuche/jobdetail/10001-1003509039-S,Sys Admin,New,2026-08-30,5,IT Support CV,Matches: system administrator,Direct apply via link with IT Support CV,
